visit_id,episode_id,visit_date,in_person
V-000000,E-DEMO-KS-0001,2023-06-20,1
V-000001,E-DEMO-KS-0001,2023-07-07,1
V-000002,E-DEMO-KS-0001,2023-08-11,1
V-000003,E-DEMO-KS-0001,2023-09-27,1
V-000004,E-DEMO-KS-0001,2023-10-25,1
V-000005,E-DEMO-KS-0001,2023-11-03,1
V-000006,E-DEMO-KS-0001,2023-12-28,1
V-000007,E-DEMO-KS-0002,2025-05-20,1
V-000008,E-DEMO-KS-0002,2025-06-06,1
V-000009,E-DEMO-KS-0002,2025-07-25,1
V-000010,E-DEMO-KS-0002,2025-08-02,1
V-000011,E-DEMO-KS-0002,2025-10-17,1
V-000012,E-DEMO-KS-0002,2025-11-28,1
V-000013,E-DEMO-KS-0003,2024-04-07,1
V-000014,E-DEMO-KS-0003,2024-05-07,1
V-000015,E-DEMO-KS-0003,2024-06-29,1
V-000016,E-DEMO-KS-0003,2024-08-26,1
V-000017,E-DEMO-KS-0003,2024-09-23,1
V-000018,E-DEMO-KS-0003,2024-10-26,1
V-000019,E-DEMO-KS-0003,2024-11-29,1
V-000020,E-DEMO-KS-0003,2024-12-26,1
V-000021,E-DEMO-KS-0003,2025-01-21,1
V-000022,E-DEMO-KS-0003,2025-03-05,1
V-000023,E-DEMO-KS-0003,2025-04-10,1
V-000024,E-DEMO-KS-0003,2025-05-23,1
V-000025,E-DEMO-KS-0003,2025-06-06,1
V-000026,E-DEMO-KS-0003,2025-08-19,1
V-000027,E-DEMO-KS-0003,2025-09-05,1
V-000028,E-DEMO-KS-0003,2025-12-13,1
V-000029,E-DEMO-KS-0004,2023-04-09,1
V-000030,E-DEMO-KS-0004,2023-06-12,1
V-000031,E-DEMO-KS-0004,2023-07-05,1
V-000032,E-DEMO-KS-0004,2023-08-14,1
V-000033,E-DEMO-KS-0004,2023-09-08,1
V-000034,E-DEMO-KS-0004,2023-10-04,1
V-000035,E-DEMO-KS-0004,2023-11-06,1
V-000036,E-DEMO-KS-0005,2024-11-12,1
V-000037,E-DEMO-KS-0005,2024-12-24,1
V-000038,E-DEMO-KS-0005,2025-01-10,1
V-000039,E-DEMO-KS-0005,2025-02-06,1
V-000040,E-DEMO-KS-0005,2025-03-19,1
V-000041,E-DEMO-KS-0005,2025-04-28,1
V-000042,E-DEMO-KS-0005,2025-06-07,1
V-000043,E-DEMO-KS-0005,2025-07-28,1
V-000044,E-DEMO-KS-0005,2025-08-18,1
V-000045,E-DEMO-KS-0005,2025-09-26,1
V-000046,E-DEMO-KS-0006,2024-06-24,1
V-000047,E-DEMO-KS-0006,2024-08-18,1
V-000048,E-DEMO-KS-0006,2024-09-27,1
V-000049,E-DEMO-KS-0006,2024-10-08,1
V-000050,E-DEMO-KS-0006,2024-11-08,1
V-000051,E-DEMO-KS-0006,2024-12-11,1
V-000052,E-DEMO-KS-0006,2025-01-01,1
V-000053,E-DEMO-KS-0006,2025-03-28,1
V-000054,E-DEMO-KS-0006,2025-04-25,1
V-000055,E-DEMO-KS-0006,2025-05-08,1
V-000056,E-DEMO-KS-0006,2025-06-29,1
V-000057,E-DEMO-KS-0006,2025-08-19,1
V-000058,E-DEMO-KS-0007,2024-03-21,1
V-000059,E-DEMO-KS-0007,2024-04-13,1
V-000060,E-DEMO-KS-0007,2024-05-18,1
V-000061,E-DEMO-KS-0007,2024-07-04,1
V-000062,E-DEMO-KS-0007,2024-08-12,1
V-000063,E-DEMO-KS-0008,2023-08-01,1
V-000064,E-DEMO-KS-0008,2023-10-10,1
V-000065,E-DEMO-KS-0008,2023-11-07,1
V-000066,E-DEMO-KS-0008,2023-12-20,1
V-000067,E-DEMO-KS-0008,2024-01-15,1
V-000068,E-DEMO-KS-0008,2024-02-01,1
V-000069,E-DEMO-KS-0008,2024-03-04,1
V-000070,E-DEMO-KS-0009,2024-05-16,1
V-000071,E-DEMO-KS-0010,2024-04-25,1
V-000072,E-DEMO-KS-0010,2024-05-27,1
V-000073,E-DEMO-KS-0010,2024-06-08,1
V-000074,E-DEMO-KS-0011,2023-01-02,1
V-000075,E-DEMO-KS-0011,2023-02-14,1
V-000076,E-DEMO-KS-0011,2023-03-21,1
V-000077,E-DEMO-KS-0011,2023-05-25,1
V-000078,E-DEMO-KS-0011,2023-06-09,1
V-000079,E-DEMO-KS-0012,2025-07-30,1
V-000080,E-DEMO-KS-0012,2025-08-24,1
V-000081,E-DEMO-KS-0012,2025-09-25,1
V-000082,E-DEMO-KS-0012,2025-12-31,1
V-000083,E-DEMO-KS-0013,2023-12-21,1
V-000084,E-DEMO-KS-0013,2024-01-02,1
V-000085,E-DEMO-KS-0013,2024-02-22,1
V-000086,E-DEMO-KS-0013,2024-03-06,1
V-000087,E-DEMO-KS-0013,2024-04-20,1
V-000088,E-DEMO-KS-0013,2024-05-01,1
V-000089,E-DEMO-KS-0013,2024-06-06,1
V-000090,E-DEMO-KS-0014,2024-03-21,1
V-000091,E-DEMO-KS-0014,2024-04-30,1
V-000092,E-DEMO-KS-0014,2024-05-22,1
V-000093,E-DEMO-KS-0014,2024-07-29,1
V-000094,E-DEMO-KS-0014,2024-08-03,1
V-000095,E-DEMO-KS-0014,2024-10-05,1
V-000096,E-DEMO-KS-0014,2024-11-14,1
V-000097,E-DEMO-KS-0014,2024-12-17,1
V-000098,E-DEMO-KS-0014,2025-01-20,1
V-000099,E-DEMO-KS-0014,2025-02-28,1
V-000100,E-DEMO-KS-0014,2025-03-09,1
V-000101,E-DEMO-KS-0014,2025-04-21,1
V-000102,E-DEMO-KS-0014,2025-05-08,1
V-000103,E-DEMO-KS-0014,2025-06-13,1
V-000104,E-DEMO-KS-0014,2025-07-29,1
V-000105,E-DEMO-KS-0014,2025-08-25,1
V-000106,E-DEMO-KS-0014,2025-09-19,1
V-000107,E-DEMO-KS-0014,2025-11-28,1
V-000108,E-DEMO-KS-0014,2025-12-15,1
V-000109,E-DEMO-KS-0015,2025-06-10,1
V-000110,E-DEMO-KS-0015,2025-08-03,1
V-000111,E-DEMO-KS-0015,2025-09-24,1
V-000112,E-DEMO-KS-0016,2023-02-17,1
V-000113,E-DEMO-KS-0016,2023-03-30,1
V-000114,E-DEMO-KS-0016,2023-04-27,1
V-000115,E-DEMO-KS-0016,2023-05-26,1
V-000116,E-DEMO-KS-0017,2023-07-23,1
V-000117,E-DEMO-KS-0017,2023-09-26,1
V-000118,E-DEMO-KS-0017,2023-10-27,1
V-000119,E-DEMO-KS-0017,2023-12-31,1
V-000120,E-DEMO-KS-0017,2024-01-27,1
V-000121,E-DEMO-KS-0017,2024-03-27,1
V-000122,E-DEMO-KS-0017,2024-04-20,1
V-000123,E-DEMO-KS-0017,2024-06-08,1
V-000124,E-DEMO-KS-0017,2024-08-09,1
V-000125,E-DEMO-KS-0018,2025-02-23,1
V-000126,E-DEMO-KS-0018,2025-03-25,1
V-000127,E-DEMO-KS-0018,2025-04-10,1
V-000128,E-DEMO-KS-0018,2025-05-31,1
V-000129,E-DEMO-KS-0018,2025-06-15,1
V-000130,E-DEMO-KS-0018,2025-07-06,1
V-000131,E-DEMO-KS-0018,2025-08-24,1
V-000132,E-DEMO-KS-0018,2025-09-10,1
V-000133,E-DEMO-KS-0018,2025-10-16,1
V-000134,E-DEMO-KS-0018,2025-11-10,1
V-000135,E-DEMO-KS-0018,2025-12-22,1
V-000136,E-DEMO-KS-0019,2023-04-28,1
V-000137,E-DEMO-KS-0019,2023-06-02,1
V-000138,E-DEMO-KS-0019,2023-07-26,1
V-000139,E-DEMO-KS-0019,2024-01-29,1
V-000140,E-DEMO-KS-0019,2024-02-12,1
V-000141,E-DEMO-KS-0019,2024-03-08,1
V-000142,E-DEMO-KS-0019,2024-04-01,1
V-000143,E-DEMO-KS-0019,2024-06-02,1
V-000144,E-DEMO-KS-0019,2024-07-18,1
V-000145,E-DEMO-KS-0019,2024-08-14,1
V-000146,E-DEMO-KS-0019,2024-09-28,1
V-000147,E-DEMO-KS-0019,2024-10-11,1
V-000148,E-DEMO-KS-0019,2024-11-16,1
V-000149,E-DEMO-KS-0020,2023-05-16,1
V-000150,E-DEMO-KS-0020,2023-06-25,1
V-000151,E-DEMO-KS-0021,2024-01-16,1
V-000152,E-DEMO-KS-0021,2024-02-29,1
V-000153,E-DEMO-KS-0021,2024-03-07,1
V-000154,E-DEMO-KS-0021,2024-04-15,1
V-000155,E-DEMO-KS-0021,2024-05-22,1
V-000156,E-DEMO-KS-0021,2024-06-19,1
V-000157,E-DEMO-KS-0021,2024-07-14,1
V-000158,E-DEMO-KS-0021,2024-08-20,1
V-000159,E-DEMO-KS-0021,2024-09-01,1
V-000160,E-DEMO-KS-0021,2024-10-22,1
V-000161,E-DEMO-KS-0021,2024-11-19,1
V-000162,E-DEMO-KS-0021,2024-12-05,1
V-000163,E-DEMO-KS-0021,2025-02-07,1
V-000164,E-DEMO-KS-0021,2025-04-11,1
V-000165,E-DEMO-KS-0021,2025-05-27,1
V-000166,E-DEMO-KS-0021,2025-07-14,1
V-000167,E-DEMO-KS-0021,2025-08-07,1
V-000168,E-DEMO-KS-0022,2025-08-27,1
V-000169,E-DEMO-KS-0022,2025-10-28,1
V-000170,E-DEMO-KS-0022,2025-11-29,1
V-000171,E-DEMO-KS-0022,2025-12-20,1
V-000172,E-DEMO-KS-0023,2024-01-22,1
V-000173,E-DEMO-KS-0023,2024-02-18,1
V-000174,E-DEMO-KS-0023,2024-03-29,1
V-000175,E-DEMO-KS-0023,2024-04-07,1
V-000176,E-DEMO-KS-0023,2024-05-15,1
V-000177,E-DEMO-KS-0023,2024-06-16,1
V-000178,E-DEMO-KS-0023,2024-07-28,1
V-000179,E-DEMO-KS-0023,2024-08-10,1
V-000180,E-DEMO-KS-0023,2024-10-06,1
V-000181,E-DEMO-KS-0024,2025-09-16,1
V-000182,E-DEMO-KS-0024,2025-10-23,1
V-000183,E-DEMO-KS-0025,2024-03-16,1
V-000184,E-DEMO-KS-0025,2024-04-09,1
V-000185,E-DEMO-KS-0025,2024-05-18,1
V-000186,E-DEMO-KS-0025,2024-06-30,1
V-000187,E-DEMO-KS-0025,2024-07-26,1
V-000188,E-DEMO-KS-0025,2024-08-15,1
V-000189,E-DEMO-KS-0025,2024-09-09,1
V-000190,E-DEMO-KS-0026,2023-04-05,1
V-000191,E-DEMO-KS-0026,2023-05-09,1
V-000192,E-DEMO-KS-0026,2023-06-25,1
V-000193,E-DEMO-KS-0026,2023-07-22,1
V-000194,E-DEMO-KS-0026,2023-08-25,1
V-000195,E-DEMO-KS-0026,2023-09-12,1
V-000196,E-DEMO-KS-0026,2023-10-25,1
V-000197,E-DEMO-KS-0026,2023-11-29,1
V-000198,E-DEMO-KS-0026,2024-03-29,1
V-000199,E-DEMO-KS-0026,2024-04-23,1
V-000200,E-DEMO-KS-0026,2024-05-13,1
V-000201,E-DEMO-KS-0026,2024-06-19,1
V-000202,E-DEMO-KS-0026,2024-07-07,1
V-000203,E-DEMO-KS-0026,2024-09-26,1
V-000204,E-DEMO-KS-0026,2024-11-07,1
V-000205,E-DEMO-KS-0026,2025-02-27,1
V-000206,E-DEMO-KS-0027,2023-08-28,1
V-000207,E-DEMO-KS-0027,2023-09-01,1
V-000208,E-DEMO-KS-0027,2023-10-28,1
V-000209,E-DEMO-KS-0027,2023-11-11,1
V-000210,E-DEMO-KS-0027,2023-12-22,1
V-000211,E-DEMO-KS-0027,2024-01-20,1
V-000212,E-DEMO-KS-0027,2024-05-19,1
V-000213,E-DEMO-KS-0027,2024-06-05,1
V-000214,E-DEMO-KS-0027,2024-07-02,1
V-000215,E-DEMO-KS-0027,2024-08-03,1
V-000216,E-DEMO-KS-0027,2024-09-23,1
V-000217,E-DEMO-KS-0027,2024-10-29,1
V-000218,E-DEMO-KS-0027,2024-11-20,1
V-000219,E-DEMO-KS-0027,2024-12-14,1
V-000220,E-DEMO-KS-0027,2025-03-17,1
V-000221,E-DEMO-KS-0027,2025-04-24,1
V-000222,E-DEMO-KS-0027,2025-05-12,1
V-000223,E-DEMO-KS-0027,2025-06-08,1
V-000224,E-DEMO-KS-0027,2025-07-11,1
V-000225,E-DEMO-KS-0028,2024-08-30,1
V-000226,E-DEMO-KS-0028,2024-10-04,1
V-000227,E-DEMO-KS-0029,2025-07-19,1
V-000228,E-DEMO-KS-0029,2025-08-14,1
V-000229,E-DEMO-KS-0029,2025-09-15,1
V-000230,E-DEMO-KS-0029,2025-11-26,1
V-000231,E-DEMO-KS-0030,2023-05-14,1
V-000232,E-DEMO-KS-0030,2023-06-23,1
V-000233,E-DEMO-KS-0030,2023-07-12,1
V-000234,E-DEMO-KS-0030,2023-08-02,1
V-000235,E-DEMO-KS-0030,2023-09-29,1
V-000236,E-DEMO-KS-0030,2023-10-11,1
V-000237,E-DEMO-KS-0030,2023-11-24,1
V-000238,E-DEMO-KS-0030,2023-12-11,1
V-000239,E-DEMO-KS-0030,2024-01-29,1
V-000240,E-DEMO-KS-0030,2024-04-04,1
V-000241,E-DEMO-KS-0030,2024-05-30,1
V-000242,E-DEMO-KS-0030,2024-06-17,1
V-000243,E-DEMO-KS-0031,2024-03-25,1
V-000244,E-DEMO-KS-0031,2024-04-30,1
V-000245,E-DEMO-KS-0031,2024-05-25,1
V-000246,E-DEMO-KS-0031,2024-06-24,1
V-000247,E-DEMO-KS-0031,2024-08-17,1
V-000248,E-DEMO-KS-0031,2024-09-07,1
V-000249,E-DEMO-KS-0031,2024-10-14,1
V-000250,E-DEMO-KS-0031,2024-11-13,1
V-000251,E-DEMO-KS-0031,2024-12-10,1
V-000252,E-DEMO-KS-0031,2025-02-08,1
V-000253,E-DEMO-KS-0031,2025-03-16,1
V-000254,E-DEMO-KS-0031,2025-04-12,1
V-000255,E-DEMO-KS-0031,2025-05-03,1
V-000256,E-DEMO-KS-0032,2023-08-05,1
V-000257,E-DEMO-KS-0032,2023-09-16,1
V-000258,E-DEMO-KS-0032,2023-11-16,1
V-000259,E-DEMO-KS-0032,2023-12-15,1
V-000260,E-DEMO-KS-0032,2024-01-04,1
V-000261,E-DEMO-KS-0032,2024-02-22,1
V-000262,E-DEMO-KS-0032,2024-03-31,1
V-000263,E-DEMO-KS-0032,2024-04-12,1
V-000264,E-DEMO-KS-0032,2024-05-10,1
V-000265,E-DEMO-KS-0032,2024-06-26,1
V-000266,E-DEMO-KS-0032,2024-07-23,1
V-000267,E-DEMO-KS-0032,2024-08-24,1
V-000268,E-DEMO-KS-0032,2024-09-25,1
V-000269,E-DEMO-KS-0032,2024-10-08,1
V-000270,E-DEMO-KS-0033,2025-10-06,1
V-000271,E-DEMO-KS-0033,2025-11-26,1
V-000272,E-DEMO-KS-0033,2025-12-03,1
V-000273,E-DEMO-KS-0034,2023-06-26,1
V-000274,E-DEMO-KS-0034,2023-07-20,1
V-000275,E-DEMO-KS-0034,2023-08-25,1
V-000276,E-DEMO-KS-0034,2023-09-14,1
V-000277,E-DEMO-KS-0034,2023-11-24,1
V-000278,E-DEMO-KS-0034,2023-12-23,1
V-000279,E-DEMO-KS-0034,2024-02-08,1
V-000280,E-DEMO-KS-0034,2024-03-15,1
V-000281,E-DEMO-KS-0034,2024-04-16,1
V-000282,E-DEMO-KS-0034,2024-06-24,1
V-000283,E-DEMO-KS-0034,2024-08-16,1
V-000284,E-DEMO-KS-0034,2024-09-29,1
V-000285,E-DEMO-KS-0034,2024-10-14,1
V-000286,E-DEMO-KS-0034,2024-11-17,1
V-000287,E-DEMO-KS-0035,2024-02-17,1
V-000288,E-DEMO-KS-0035,2024-04-11,1
V-000289,E-DEMO-KS-0035,2024-05-01,1
V-000290,E-DEMO-KS-0035,2024-06-23,1
V-000291,E-DEMO-KS-0036,2025-09-24,1
V-000292,E-DEMO-KS-0036,2025-10-07,1
V-000293,E-DEMO-KS-0036,2025-12-31,1
V-000294,E-DEMO-KS-0037,2024-09-26,1
V-000295,E-DEMO-KS-0037,2024-10-18,1
V-000296,E-DEMO-KS-0037,2024-11-17,1
V-000297,E-DEMO-KS-0037,2024-12-20,1
V-000298,E-DEMO-KS-0037,2025-01-13,1
V-000299,E-DEMO-KS-0037,2025-02-10,1
V-000300,E-DEMO-KS-0037,2025-03-06,1
V-000301,E-DEMO-KS-0037,2025-04-11,1
V-000302,E-DEMO-KS-0037,2025-05-31,1
V-000303,E-DEMO-KS-0037,2025-06-28,1
V-000304,E-DEMO-KS-0037,2025-07-18,1
V-000305,E-DEMO-KS-0037,2025-08-23,1
V-000306,E-DEMO-KS-0037,2025-09-30,1
V-000307,E-DEMO-KS-0037,2025-10-09,1
V-000308,E-DEMO-KS-0037,2025-11-04,1
V-000309,E-DEMO-KS-0037,2025-12-06,1
V-000310,E-DEMO-KS-0038,2024-12-18,1
V-000311,E-DEMO-KS-0038,2025-01-01,1
V-000312,E-DEMO-KS-0038,2025-02-13,1
V-000313,E-DEMO-KS-0038,2025-03-25,1
V-000314,E-DEMO-KS-0038,2025-04-17,1
V-000315,E-DEMO-KS-0038,2025-06-30,1
V-000316,E-DEMO-KS-0038,2025-08-02,1
V-000317,E-DEMO-KS-0038,2025-10-27,1
V-000318,E-DEMO-KS-0038,2025-12-28,1
V-000319,E-DEMO-KS-0039,2025-01-24,1
V-000320,E-DEMO-KS-0039,2025-02-08,1
V-000321,E-DEMO-KS-0039,2025-03-27,1
V-000322,E-DEMO-KS-0039,2025-04-14,1
V-000323,E-DEMO-KS-0039,2025-06-12,1
V-000324,E-DEMO-KS-0039,2025-07-17,1
V-000325,E-DEMO-KS-0039,2025-08-06,1
V-000326,E-DEMO-KS-0039,2025-10-15,1
V-000327,E-DEMO-KS-0039,2025-11-20,1
V-000328,E-DEMO-KS-0040,2024-04-22,1
V-000329,E-DEMO-KS-0040,2024-05-25,1
V-000330,E-DEMO-KS-0040,2024-06-07,1
V-000331,E-DEMO-KS-0040,2024-07-17,1
V-000332,E-DEMO-KS-0040,2024-08-06,1
V-000333,E-DEMO-KS-0041,2025-07-07,1
V-000334,E-DEMO-KS-0041,2025-10-28,1
V-000335,E-DEMO-KS-0041,2025-11-02,1
V-000336,E-DEMO-KS-0041,2025-12-16,1
V-000337,E-DEMO-KS-0042,2024-09-03,1
V-000338,E-DEMO-KS-0042,2024-10-16,1
V-000339,E-DEMO-KS-0042,2024-11-26,1
V-000340,E-DEMO-KS-0042,2025-01-28,1
V-000341,E-DEMO-KS-0042,2025-03-08,1
V-000342,E-DEMO-KS-0042,2025-05-22,1
V-000343,E-DEMO-KS-0042,2025-06-13,1
V-000344,E-DEMO-KS-0042,2025-07-31,1
V-000345,E-DEMO-KS-0042,2025-08-20,1
V-000346,E-DEMO-KS-0042,2025-09-07,1
V-000347,E-DEMO-KS-0042,2025-10-27,1
V-000348,E-DEMO-KS-0043,2023-02-19,1
V-000349,E-DEMO-KS-0043,2023-03-01,1
V-000350,E-DEMO-KS-0043,2023-04-18,1
V-000351,E-DEMO-KS-0043,2023-05-10,1
V-000352,E-DEMO-KS-0043,2023-06-10,1
V-000353,E-DEMO-KS-0043,2023-07-24,1
V-000354,E-DEMO-KS-0043,2023-08-21,1
V-000355,E-DEMO-KS-0043,2023-09-24,1
V-000356,E-DEMO-KS-0043,2023-10-31,1
V-000357,E-DEMO-KS-0043,2023-11-29,1
V-000358,E-DEMO-KS-0043,2023-12-24,1
V-000359,E-DEMO-KS-0043,2024-01-09,1
V-000360,E-DEMO-KS-0043,2024-06-22,1
V-000361,E-DEMO-KS-0043,2024-07-04,1
V-000362,E-DEMO-KS-0043,2024-08-10,1
V-000363,E-DEMO-KS-0043,2024-10-05,1
V-000364,E-DEMO-KS-0044,2023-08-01,1
V-000365,E-DEMO-KS-0044,2023-09-06,1
V-000366,E-DEMO-KS-0044,2023-11-27,1
V-000367,E-DEMO-KS-0044,2023-12-31,1
V-000368,E-DEMO-KS-0044,2024-01-07,1
V-000369,E-DEMO-KS-0044,2024-02-25,1
V-000370,E-DEMO-KS-0044,2024-03-16,1
V-000371,E-DEMO-KS-0044,2024-04-12,1
V-000372,E-DEMO-KS-0044,2024-05-27,1
V-000373,E-DEMO-KS-0044,2024-06-25,1
V-000374,E-DEMO-KS-0044,2024-08-20,1
V-000375,E-DEMO-KS-0044,2024-09-07,1
V-000376,E-DEMO-KS-0044,2024-10-29,1
V-000377,E-DEMO-KS-0044,2024-11-27,1
V-000378,E-DEMO-KS-0044,2025-01-14,1
V-000379,E-DEMO-KS-0044,2025-02-22,1
V-000380,E-DEMO-KS-0044,2025-03-31,1
V-000381,E-DEMO-KS-0044,2025-04-21,1
V-000382,E-DEMO-KS-0045,2025-08-03,1
V-000383,E-DEMO-KS-0045,2025-09-13,1
V-000384,E-DEMO-KS-0045,2025-10-04,1
V-000385,E-DEMO-KS-0045,2025-11-13,1
V-000386,E-DEMO-KS-0045,2025-12-08,1
V-000387,E-DEMO-KS-0046,2024-02-11,1
V-000388,E-DEMO-KS-0046,2024-03-15,1
V-000389,E-DEMO-KS-0046,2024-04-05,1
V-000390,E-DEMO-KS-0046,2024-05-24,1
V-000391,E-DEMO-KS-0046,2024-07-11,1
V-000392,E-DEMO-KS-0046,2024-08-07,1
V-000393,E-DEMO-KS-0046,2024-09-23,1
V-000394,E-DEMO-KS-0046,2024-12-16,1
V-000395,E-DEMO-KS-0046,2025-02-04,1
V-000396,E-DEMO-KS-0046,2025-03-15,1
V-000397,E-DEMO-KS-0046,2025-05-09,1
V-000398,E-DEMO-KS-0046,2025-06-18,1
V-000399,E-DEMO-KS-0047,2023-11-23,1
V-000400,E-DEMO-KS-0047,2023-12-31,1
V-000401,E-DEMO-KS-0047,2024-01-27,1
V-000402,E-DEMO-KS-0047,2024-02-19,1
V-000403,E-DEMO-KS-0047,2024-04-02,1
V-000404,E-DEMO-KS-0047,2024-05-16,1
V-000405,E-DEMO-KS-0047,2024-06-06,1
V-000406,E-DEMO-KS-0047,2024-09-18,1
V-000407,E-DEMO-KS-0047,2024-10-22,1
V-000408,E-DEMO-KS-0047,2024-11-04,1
V-000409,E-DEMO-KS-0048,2023-12-07,1
V-000410,E-DEMO-KS-0048,2024-02-21,1
V-000411,E-DEMO-KS-0049,2023-03-12,1
V-000412,E-DEMO-KS-0049,2023-04-10,1
V-000413,E-DEMO-KS-0049,2023-07-10,1
V-000414,E-DEMO-KS-0049,2023-08-07,1
V-000415,E-DEMO-KS-0049,2023-09-07,1
V-000416,E-DEMO-KS-0049,2023-10-06,1
V-000417,E-DEMO-KS-0049,2023-11-11,1
V-000418,E-DEMO-KS-0049,2024-02-22,1
V-000419,E-DEMO-KS-0050,2024-03-31,1
V-000420,E-DEMO-KS-0050,2024-04-06,1
V-000421,E-DEMO-KS-0050,2024-06-28,1
V-000422,E-DEMO-KS-0050,2024-07-13,1
V-000423,E-DEMO-KS-0050,2024-08-10,1
V-000424,E-DEMO-KS-0051,2024-08-24,1
V-000425,E-DEMO-KS-0051,2024-09-16,1
V-000426,E-DEMO-KS-0051,2024-11-15,1
V-000427,E-DEMO-KS-0051,2025-01-03,1
V-000428,E-DEMO-KS-0051,2025-02-11,1
V-000429,E-DEMO-KS-0051,2025-03-29,1
V-000430,E-DEMO-KS-0051,2025-04-22,1
V-000431,E-DEMO-KS-0051,2025-05-22,1
V-000432,E-DEMO-KS-0051,2025-07-04,1
V-000433,E-DEMO-KS-0051,2025-09-12,1
V-000434,E-DEMO-KS-0051,2025-10-25,1
V-000435,E-DEMO-KS-0051,2025-11-22,1
V-000436,E-DEMO-KS-0052,2023-11-30,1
V-000437,E-DEMO-KS-0052,2023-12-24,1
V-000438,E-DEMO-KS-0052,2024-02-08,1
V-000439,E-DEMO-KS-0052,2024-03-29,1
V-000440,E-DEMO-KS-0052,2024-05-05,1
V-000441,E-DEMO-KS-0052,2024-06-09,1
V-000442,E-DEMO-KS-0052,2024-07-02,1
V-000443,E-DEMO-KS-0052,2024-10-10,1
V-000444,E-DEMO-KS-0052,2024-11-17,1
V-000445,E-DEMO-KS-0052,2025-02-03,1
V-000446,E-DEMO-KS-0052,2025-03-21,1
V-000447,E-DEMO-KS-0052,2025-04-23,1
V-000448,E-DEMO-KS-0052,2025-05-27,1
V-000449,E-DEMO-KS-0052,2025-06-02,1
V-000450,E-DEMO-KS-0052,2025-07-06,1
V-000451,E-DEMO-KS-0052,2025-08-20,1
V-000452,E-DEMO-KS-0053,2023-08-09,1
V-000453,E-DEMO-KS-0053,2023-11-04,1
V-000454,E-DEMO-KS-0054,2023-07-26,1
V-000455,E-DEMO-KS-0054,2023-08-24,1
V-000456,E-DEMO-KS-0054,2023-09-20,1
V-000457,E-DEMO-KS-0054,2023-12-16,1
V-000458,E-DEMO-KS-0054,2024-01-23,1
V-000459,E-DEMO-KS-0054,2024-04-04,1
V-000460,E-DEMO-KS-0054,2024-06-15,1
V-000461,E-DEMO-KS-0054,2024-07-22,1
V-000462,E-DEMO-KS-0055,2023-03-16,1
V-000463,E-DEMO-KS-0055,2023-05-03,1
V-000464,E-DEMO-KS-0056,2023-06-03,1
V-000465,E-DEMO-KS-0056,2023-07-21,1
V-000466,E-DEMO-KS-0056,2023-09-11,1
V-000467,E-DEMO-KS-0056,2023-10-08,1
V-000468,E-DEMO-KS-0056,2023-11-09,1
V-000469,E-DEMO-KS-0056,2024-01-06,1
V-000470,E-DEMO-KS-0057,2023-07-28,1
V-000471,E-DEMO-KS-0057,2023-08-16,1
V-000472,E-DEMO-KS-0057,2023-09-20,1
V-000473,E-DEMO-KS-0057,2023-11-16,1
V-000474,E-DEMO-KS-0057,2023-12-11,1
V-000475,E-DEMO-KS-0057,2024-02-27,1
V-000476,E-DEMO-KS-0057,2024-04-07,1
V-000477,E-DEMO-KS-0057,2024-05-22,1
V-000478,E-DEMO-KS-0057,2024-06-06,1
V-000479,E-DEMO-KS-0058,2025-01-26,1
V-000480,E-DEMO-KS-0058,2025-03-01,1
V-000481,E-DEMO-KS-0058,2025-04-28,1
V-000482,E-DEMO-KS-0058,2025-05-06,1
V-000483,E-DEMO-KS-0058,2025-06-02,1
V-000484,E-DEMO-KS-0058,2025-08-02,1
V-000485,E-DEMO-KS-0058,2025-09-18,1
V-000486,E-DEMO-KS-0058,2025-11-20,1
V-000487,E-DEMO-KS-0058,2025-12-08,1
V-000488,E-DEMO-KS-0059,2024-09-01,1
V-000489,E-DEMO-KS-0059,2024-10-21,1
V-000490,E-DEMO-KS-0060,2025-03-31,1
V-000491,E-DEMO-KS-0060,2025-04-15,1
V-000492,E-DEMO-KS-0060,2025-05-09,1
V-000493,E-DEMO-KS-0060,2025-08-13,1
V-000494,E-DEMO-KS-0060,2025-09-20,1
V-000495,E-DEMO-KS-0060,2025-10-19,1
V-000496,E-DEMO-KS-0060,2025-11-19,1
V-000497,E-DEMO-KS-0060,2025-12-28,1
V-000498,E-DEMO-KS-0061,2025-08-18,1
V-000499,E-DEMO-KS-0061,2025-09-29,1
V-000500,E-DEMO-KS-0061,2025-10-13,1
V-000501,E-DEMO-KS-0061,2025-11-02,1
V-000502,E-DEMO-KS-0061,2025-12-02,1
V-000503,E-DEMO-KS-0062,2023-04-19,1
V-000504,E-DEMO-KS-0062,2023-05-02,1
V-000505,E-DEMO-KS-0062,2023-06-18,1
V-000506,E-DEMO-KS-0062,2023-07-16,1
V-000507,E-DEMO-KS-0062,2023-08-24,1
V-000508,E-DEMO-KS-0062,2023-10-10,1
V-000509,E-DEMO-KS-0062,2023-11-27,1
V-000510,E-DEMO-KS-0062,2023-12-15,1
V-000511,E-DEMO-KS-0062,2024-01-07,1
V-000512,E-DEMO-KS-0062,2024-02-11,1
V-000513,E-DEMO-KS-0063,2025-01-24,1
V-000514,E-DEMO-KS-0063,2025-03-31,1
V-000515,E-DEMO-KS-0063,2025-04-11,1
V-000516,E-DEMO-KS-0063,2025-08-27,1
V-000517,E-DEMO-KS-0063,2025-09-18,1
V-000518,E-DEMO-KS-0063,2025-11-19,1
V-000519,E-DEMO-KS-0063,2025-12-07,1
V-000520,E-DEMO-KS-0064,2024-05-16,1
V-000521,E-DEMO-KS-0064,2024-06-25,1
V-000522,E-DEMO-KS-0064,2024-07-19,1
V-000523,E-DEMO-KS-0064,2024-08-15,1
V-000524,E-DEMO-KS-0064,2024-11-01,1
V-000525,E-DEMO-KS-0064,2024-12-27,1
V-000526,E-DEMO-KS-0064,2025-01-22,1
V-000527,E-DEMO-KS-0064,2025-02-20,1
V-000528,E-DEMO-KS-0064,2025-03-20,1
V-000529,E-DEMO-KS-0064,2025-04-25,1
V-000530,E-DEMO-KS-0064,2025-07-30,1
V-000531,E-DEMO-KS-0064,2025-08-03,1
V-000532,E-DEMO-KS-0064,2025-09-06,1
V-000533,E-DEMO-KS-0064,2025-10-28,1
V-000534,E-DEMO-KS-0064,2025-11-01,1
V-000535,E-DEMO-KS-0065,2024-07-06,1
V-000536,E-DEMO-KS-0065,2024-08-06,1
V-000537,E-DEMO-KS-0065,2024-10-25,1
V-000538,E-DEMO-KS-0065,2024-12-25,1
V-000539,E-DEMO-KS-0065,2025-01-04,1
V-000540,E-DEMO-KS-0066,2024-07-17,1
V-000541,E-DEMO-KS-0066,2024-08-07,1
V-000542,E-DEMO-KS-0066,2024-09-07,1
V-000543,E-DEMO-KS-0066,2024-10-23,1
V-000544,E-DEMO-KS-0066,2024-11-27,1
V-000545,E-DEMO-KS-0066,2024-12-24,1
V-000546,E-DEMO-KS-0066,2025-01-16,1
V-000547,E-DEMO-KS-0066,2025-02-16,1
V-000548,E-DEMO-KS-0066,2025-03-12,1
V-000549,E-DEMO-KS-0066,2025-04-22,1
V-000550,E-DEMO-KS-0066,2025-05-21,1
V-000551,E-DEMO-KS-0066,2025-06-08,1
V-000552,E-DEMO-KS-0066,2025-07-23,1
V-000553,E-DEMO-KS-0067,2024-03-18,1
V-000554,E-DEMO-KS-0067,2024-04-10,1
V-000555,E-DEMO-KS-0067,2024-05-31,1
V-000556,E-DEMO-KS-0067,2024-06-18,1
V-000557,E-DEMO-KS-0067,2024-07-14,1
V-000558,E-DEMO-KS-0067,2024-08-03,1
V-000559,E-DEMO-KS-0067,2024-09-09,1
V-000560,E-DEMO-KS-0067,2024-11-22,1
V-000561,E-DEMO-KS-0067,2024-12-09,1
V-000562,E-DEMO-KS-0067,2025-01-11,1
V-000563,E-DEMO-KS-0068,2024-09-28,1
V-000564,E-DEMO-KS-0068,2024-10-26,1
V-000565,E-DEMO-KS-0068,2024-11-25,1
V-000566,E-DEMO-KS-0068,2025-01-08,1
V-000567,E-DEMO-KS-0068,2025-03-28,1
V-000568,E-DEMO-KS-0068,2025-04-28,1
V-000569,E-DEMO-KS-0068,2025-05-12,1
V-000570,E-DEMO-KS-0068,2025-06-07,1
V-000571,E-DEMO-KS-0068,2025-07-17,1
V-000572,E-DEMO-KS-0068,2025-08-15,1
V-000573,E-DEMO-KS-0068,2025-09-12,1
V-000574,E-DEMO-KS-0068,2025-10-21,1
V-000575,E-DEMO-KS-0068,2025-11-07,1
V-000576,E-DEMO-KS-0069,2024-11-17,1
V-000577,E-DEMO-KS-0069,2024-12-01,1
V-000578,E-DEMO-KS-0069,2025-01-24,1
V-000579,E-DEMO-KS-0069,2025-02-24,1
V-000580,E-DEMO-KS-0069,2025-03-24,1
V-000581,E-DEMO-KS-0069,2025-04-10,1
V-000582,E-DEMO-KS-0069,2025-06-16,1
V-000583,E-DEMO-KS-0069,2025-07-04,1
V-000584,E-DEMO-KS-0070,2023-10-24,1
V-000585,E-DEMO-KS-0070,2023-11-28,1
V-000586,E-DEMO-KS-0070,2024-01-26,1
V-000587,E-DEMO-KS-0070,2024-02-07,1
V-000588,E-DEMO-KS-0070,2024-03-17,1
V-000589,E-DEMO-KS-0070,2024-04-03,1
V-000590,E-DEMO-KS-0071,2023-11-20,1
V-000591,E-DEMO-KS-0071,2023-12-19,1
V-000592,E-DEMO-KS-0071,2024-01-22,1
V-000593,E-DEMO-KS-0071,2024-02-23,1
V-000594,E-DEMO-KS-0071,2024-03-21,1
V-000595,E-DEMO-KS-0071,2024-04-08,1
V-000596,E-DEMO-KS-0071,2024-05-13,1
V-000597,E-DEMO-KS-0071,2024-06-15,1
V-000598,E-DEMO-KS-0071,2024-07-27,1
V-000599,E-DEMO-KS-0071,2024-08-10,1
V-000600,E-DEMO-KS-0071,2024-09-25,1
V-000601,E-DEMO-KS-0071,2024-10-29,1
V-000602,E-DEMO-KS-0071,2024-12-18,1
V-000603,E-DEMO-KS-0071,2025-01-31,1
V-000604,E-DEMO-KS-0071,2025-02-23,1
V-000605,E-DEMO-KS-0072,2025-10-16,1
V-000606,E-DEMO-KS-0072,2025-11-10,1
V-000607,E-DEMO-KS-0072,2025-12-15,1
V-000608,E-DEMO-KS-0073,2023-12-27,1
V-000609,E-DEMO-KS-0073,2024-01-05,1
V-000610,E-DEMO-KS-0073,2024-03-22,1
V-000611,E-DEMO-KS-0073,2024-04-17,1
V-000612,E-DEMO-KS-0073,2024-07-11,1
V-000613,E-DEMO-KS-0073,2024-09-22,1
V-000614,E-DEMO-KS-0073,2024-10-30,1
V-000615,E-DEMO-KS-0073,2024-11-06,1
V-000616,E-DEMO-KS-0073,2025-04-26,1
V-000617,E-DEMO-KS-0073,2025-06-01,1
V-000618,E-DEMO-KS-0073,2025-07-21,1
V-000619,E-DEMO-KS-0073,2025-08-26,1
V-000620,E-DEMO-KS-0073,2025-09-07,1
V-000621,E-DEMO-KS-0074,2025-10-14,1
V-000622,E-DEMO-KS-0074,2025-11-11,1
V-000623,E-DEMO-KS-0074,2025-12-25,1
V-000624,E-DEMO-KS-0075,2024-12-25,1
V-000625,E-DEMO-KS-0075,2025-01-22,1
V-000626,E-DEMO-KS-0075,2025-02-15,1
V-000627,E-DEMO-KS-0075,2025-03-21,1
V-000628,E-DEMO-KS-0076,2024-01-12,1
V-000629,E-DEMO-KS-0076,2024-02-01,1
V-000630,E-DEMO-KS-0076,2024-03-05,1
V-000631,E-DEMO-KS-0076,2024-05-02,1
V-000632,E-DEMO-KS-0076,2024-06-22,1
V-000633,E-DEMO-KS-0076,2024-07-19,1
V-000634,E-DEMO-KS-0076,2024-08-10,1
V-000635,E-DEMO-KS-0076,2024-09-11,1
V-000636,E-DEMO-KS-0076,2024-10-10,1
V-000637,E-DEMO-KS-0076,2024-12-18,1
V-000638,E-DEMO-KS-0076,2025-01-27,1
V-000639,E-DEMO-KS-0076,2025-03-03,1
V-000640,E-DEMO-KS-0076,2025-04-28,1
V-000641,E-DEMO-KS-0076,2025-05-23,1
V-000642,E-DEMO-KS-0076,2025-06-03,1
V-000643,E-DEMO-KS-0077,2025-02-15,1
V-000644,E-DEMO-KS-0077,2025-03-03,1
V-000645,E-DEMO-KS-0077,2025-04-02,1
V-000646,E-DEMO-KS-0077,2025-05-05,1
V-000647,E-DEMO-KS-0077,2025-07-05,1
V-000648,E-DEMO-KS-0077,2025-08-09,1
V-000649,E-DEMO-KS-0077,2025-10-07,1
V-000650,E-DEMO-KS-0077,2025-11-08,1
V-000651,E-DEMO-KS-0077,2025-12-01,1
V-000652,E-DEMO-KS-0078,2023-08-26,1
V-000653,E-DEMO-KS-0079,2025-07-24,1
V-000654,E-DEMO-KS-0079,2025-08-10,1
V-000655,E-DEMO-KS-0079,2025-09-20,1
V-000656,E-DEMO-KS-0080,2024-12-17,1
V-000657,E-DEMO-KS-0080,2025-01-30,1
V-000658,E-DEMO-KS-0080,2025-02-13,1
V-000659,E-DEMO-KS-0080,2025-03-10,1
V-000660,E-DEMO-KS-0080,2025-04-08,1
V-000661,E-DEMO-KS-0080,2025-05-16,1
V-000662,E-DEMO-KS-0080,2025-06-20,1
V-000663,E-DEMO-KS-0080,2025-07-16,1
V-000664,E-DEMO-KS-0080,2025-08-23,1
V-000665,E-DEMO-KS-0080,2025-09-12,1
V-000666,E-DEMO-KS-0080,2025-11-15,1
V-000667,E-DEMO-KS-0080,2025-12-22,1
V-000668,E-DEMO-KS-0081,2024-06-05,1
V-000669,E-DEMO-KS-0081,2024-07-06,1
V-000670,E-DEMO-KS-0081,2024-08-08,1
V-000671,E-DEMO-KS-0081,2024-09-07,1
V-000672,E-DEMO-KS-0081,2024-10-02,1
V-000673,E-DEMO-KS-0081,2024-12-19,1
V-000674,E-DEMO-KS-0081,2025-01-15,1
V-000675,E-DEMO-KS-0081,2025-02-26,1
V-000676,E-DEMO-KS-0081,2025-03-23,1
V-000677,E-DEMO-KS-0081,2025-04-26,1
V-000678,E-DEMO-KS-0081,2025-05-10,1
V-000679,E-DEMO-KS-0081,2025-06-10,1
V-000680,E-DEMO-KS-0081,2025-07-09,1
V-000681,E-DEMO-KS-0081,2025-08-23,1
V-000682,E-DEMO-KS-0081,2025-09-16,1
V-000683,E-DEMO-KS-0081,2025-11-28,1
V-000684,E-DEMO-KS-0081,2025-12-28,1
V-000685,E-DEMO-KS-0082,2024-11-16,1
V-000686,E-DEMO-KS-0082,2024-12-26,1
V-000687,E-DEMO-KS-0082,2025-01-19,1
V-000688,E-DEMO-KS-0082,2025-03-15,1
V-000689,E-DEMO-KS-0082,2025-04-24,1
V-000690,E-DEMO-KS-0082,2025-05-09,1
V-000691,E-DEMO-KS-0082,2025-06-07,1
V-000692,E-DEMO-KS-0082,2025-07-24,1
V-000693,E-DEMO-KS-0082,2025-08-14,1
V-000694,E-DEMO-KS-0082,2025-09-23,1
V-000695,E-DEMO-KS-0082,2025-10-11,1
V-000696,E-DEMO-KS-0082,2025-11-09,1
V-000697,E-DEMO-KS-0083,2025-03-18,1
V-000698,E-DEMO-KS-0083,2025-04-06,1
V-000699,E-DEMO-KS-0083,2025-06-11,1
V-000700,E-DEMO-KS-0083,2025-07-14,1
V-000701,E-DEMO-KS-0083,2025-08-21,1
V-000702,E-DEMO-KS-0083,2025-09-23,1
V-000703,E-DEMO-KS-0083,2025-11-20,1
V-000704,E-DEMO-KS-0083,2025-12-13,1
V-000705,E-DEMO-KS-0084,2024-10-17,1
V-000706,E-DEMO-KS-0084,2024-12-10,1
V-000707,E-DEMO-KS-0084,2025-04-07,1
V-000708,E-DEMO-KS-0084,2025-05-20,1
V-000709,E-DEMO-KS-0084,2025-07-08,1
V-000710,E-DEMO-KS-0084,2025-08-12,1
V-000711,E-DEMO-KS-0084,2025-09-04,1
V-000712,E-DEMO-KS-0085,2023-07-21,1
V-000713,E-DEMO-KS-0085,2023-08-31,1
V-000714,E-DEMO-KS-0085,2023-09-06,1
V-000715,E-DEMO-KS-0085,2023-10-15,1
V-000716,E-DEMO-KS-0085,2023-12-10,1
V-000717,E-DEMO-KS-0085,2024-01-23,1
V-000718,E-DEMO-KS-0085,2024-02-17,1
V-000719,E-DEMO-KS-0085,2024-03-19,1
V-000720,E-DEMO-KS-0085,2024-05-30,1
V-000721,E-DEMO-KS-0085,2024-06-12,1
V-000722,E-DEMO-KS-0085,2024-07-03,1
V-000723,E-DEMO-KS-0086,2025-01-30,1
V-000724,E-DEMO-KS-0086,2025-02-17,1
V-000725,E-DEMO-KS-0086,2025-03-31,1
V-000726,E-DEMO-KS-0086,2025-05-31,1
V-000727,E-DEMO-KS-0086,2025-06-08,1
V-000728,E-DEMO-KS-0086,2025-07-03,1
V-000729,E-DEMO-KS-0086,2025-08-25,1
V-000730,E-DEMO-KS-0086,2025-10-25,1
V-000731,E-DEMO-KS-0086,2025-11-08,1
V-000732,E-DEMO-KS-0086,2025-12-03,1
V-000733,E-DEMO-KS-0087,2024-05-18,1
V-000734,E-DEMO-KS-0087,2024-06-26,1
V-000735,E-DEMO-KS-0087,2024-07-17,1
V-000736,E-DEMO-KS-0087,2024-08-04,1
V-000737,E-DEMO-KS-0087,2024-12-22,1
V-000738,E-DEMO-KS-0087,2025-01-16,1
V-000739,E-DEMO-KS-0087,2025-02-06,1
V-000740,E-DEMO-KS-0087,2025-03-04,1
V-000741,E-DEMO-KS-0087,2025-04-10,1
V-000742,E-DEMO-KS-0087,2025-06-17,1
V-000743,E-DEMO-KS-0087,2025-07-11,1
V-000744,E-DEMO-KS-0087,2025-09-27,1
V-000745,E-DEMO-KS-0087,2025-11-29,1
V-000746,E-DEMO-KS-0087,2025-12-06,1
V-000747,E-DEMO-KS-0088,2024-05-08,1
V-000748,E-DEMO-KS-0088,2024-06-22,1
V-000749,E-DEMO-KS-0088,2024-11-27,1
V-000750,E-DEMO-KS-0088,2024-12-11,1
V-000751,E-DEMO-KS-0088,2025-01-04,1
V-000752,E-DEMO-KS-0088,2025-03-02,1
V-000753,E-DEMO-KS-0088,2025-04-29,1
V-000754,E-DEMO-KS-0088,2025-05-27,1
V-000755,E-DEMO-KS-0088,2025-06-14,1
V-000756,E-DEMO-KS-0088,2025-07-07,1
V-000757,E-DEMO-KS-0088,2025-08-01,1
V-000758,E-DEMO-KS-0088,2025-09-24,1
V-000759,E-DEMO-KS-0088,2025-10-28,1
V-000760,E-DEMO-KS-0089,2023-06-13,1
V-000761,E-DEMO-KS-0089,2023-07-16,1
V-000762,E-DEMO-KS-0089,2023-08-19,1
V-000763,E-DEMO-KS-0089,2023-09-24,1
V-000764,E-DEMO-KS-0089,2023-10-27,1
V-000765,E-DEMO-KS-0089,2023-11-27,1
V-000766,E-DEMO-KS-0089,2023-12-04,1
V-000767,E-DEMO-KS-0089,2024-01-17,1
V-000768,E-DEMO-KS-0090,2023-12-15,1
V-000769,E-DEMO-KS-0090,2024-01-02,1
V-000770,E-DEMO-KS-0090,2024-02-12,1
V-000771,E-DEMO-KS-0090,2024-03-11,1
V-000772,E-DEMO-KS-0090,2024-04-04,1
V-000773,E-DEMO-KS-0090,2024-05-03,1
V-000774,E-DEMO-KS-0090,2024-06-10,1
V-000775,E-DEMO-KS-0090,2024-07-07,1
V-000776,E-DEMO-KS-0091,2024-02-03,1
V-000777,E-DEMO-KS-0091,2024-07-06,1
V-000778,E-DEMO-KS-0091,2024-08-02,1
V-000779,E-DEMO-KS-0091,2024-10-08,1
V-000780,E-DEMO-KS-0091,2024-12-24,1
V-000781,E-DEMO-KS-0091,2025-01-20,1
V-000782,E-DEMO-KS-0091,2025-02-11,1
V-000783,E-DEMO-KS-0091,2025-03-19,1
V-000784,E-DEMO-KS-0091,2025-04-29,1
V-000785,E-DEMO-KS-0091,2025-05-10,1
V-000786,E-DEMO-KS-0091,2025-06-12,1
V-000787,E-DEMO-KS-0091,2025-07-14,1
V-000788,E-DEMO-KS-0091,2025-09-25,1
V-000789,E-DEMO-KS-0092,2024-02-29,1
V-000790,E-DEMO-KS-0092,2024-03-11,1
V-000791,E-DEMO-KS-0092,2024-04-27,1
V-000792,E-DEMO-KS-0092,2024-05-05,1
V-000793,E-DEMO-KS-0092,2024-06-24,1
V-000794,E-DEMO-KS-0092,2024-07-10,1
V-000795,E-DEMO-KS-0092,2024-08-06,1
V-000796,E-DEMO-KS-0092,2024-09-09,1
V-000797,E-DEMO-KS-0092,2024-10-23,1
V-000798,E-DEMO-KS-0092,2024-11-29,1
V-000799,E-DEMO-KS-0092,2025-01-06,1
V-000800,E-DEMO-KS-0092,2025-02-04,1
V-000801,E-DEMO-KS-0092,2025-03-29,1
V-000802,E-DEMO-KS-0093,2023-06-12,1
V-000803,E-DEMO-KS-0093,2023-07-10,1
V-000804,E-DEMO-KS-0093,2023-08-20,1
V-000805,E-DEMO-KS-0093,2023-09-24,1
V-000806,E-DEMO-KS-0093,2023-10-01,1
V-000807,E-DEMO-KS-0093,2023-11-04,1
V-000808,E-DEMO-KS-0093,2023-12-10,1
V-000809,E-DEMO-KS-0093,2024-01-01,1
V-000810,E-DEMO-KS-0093,2024-02-25,1
V-000811,E-DEMO-KS-0093,2024-03-25,1
V-000812,E-DEMO-KS-0093,2024-06-08,1
V-000813,E-DEMO-KS-0093,2024-07-22,1
V-000814,E-DEMO-KS-0093,2024-08-17,1
V-000815,E-DEMO-KS-0093,2024-09-09,1
V-000816,E-DEMO-KS-0093,2024-11-16,1
V-000817,E-DEMO-KS-0093,2024-12-19,1
V-000818,E-DEMO-KS-0093,2025-01-02,1
V-000819,E-DEMO-KS-0093,2025-03-06,1
V-000820,E-DEMO-KS-0094,2023-05-31,1
V-000821,E-DEMO-KS-0094,2023-06-27,1
V-000822,E-DEMO-KS-0094,2023-10-04,1
V-000823,E-DEMO-KS-0094,2024-01-15,1
V-000824,E-DEMO-KS-0094,2024-02-27,1
V-000825,E-DEMO-KS-0094,2024-04-30,1
V-000826,E-DEMO-KS-0094,2024-05-18,1
V-000827,E-DEMO-KS-0094,2024-07-18,1
V-000828,E-DEMO-KS-0094,2024-08-11,1
V-000829,E-DEMO-KS-0094,2024-10-31,1
V-000830,E-DEMO-KS-0094,2024-11-16,1
V-000831,E-DEMO-KS-0094,2024-12-18,1
V-000832,E-DEMO-KS-0094,2025-01-16,1
V-000833,E-DEMO-KS-0094,2025-02-13,1
V-000834,E-DEMO-KS-0094,2025-03-01,1
V-000835,E-DEMO-KS-0094,2025-04-16,1
V-000836,E-DEMO-KS-0094,2025-05-13,1
V-000837,E-DEMO-KS-0095,2024-04-21,1
V-000838,E-DEMO-KS-0095,2024-05-25,1
V-000839,E-DEMO-KS-0095,2024-06-21,1
V-000840,E-DEMO-KS-0095,2024-07-26,1
V-000841,E-DEMO-KS-0095,2024-08-13,1
V-000842,E-DEMO-KS-0095,2024-09-01,1
V-000843,E-DEMO-KS-0095,2024-11-27,1
V-000844,E-DEMO-KS-0095,2025-01-21,1
V-000845,E-DEMO-KS-0096,2024-06-10,1
V-000846,E-DEMO-KS-0096,2024-08-24,1
V-000847,E-DEMO-KS-0096,2024-09-13,1
V-000848,E-DEMO-KS-0096,2024-10-28,1
V-000849,E-DEMO-KS-0096,2024-12-08,1
V-000850,E-DEMO-KS-0096,2025-01-05,1
V-000851,E-DEMO-KS-0096,2025-02-23,1
V-000852,E-DEMO-KS-0096,2025-03-09,1
V-000853,E-DEMO-KS-0096,2025-04-08,1
V-000854,E-DEMO-KS-0096,2025-05-27,1
V-000855,E-DEMO-KS-0096,2025-06-04,1
V-000856,E-DEMO-KS-0096,2025-07-10,1
V-000857,E-DEMO-KS-0096,2025-08-10,1
V-000858,E-DEMO-KS-0096,2025-10-28,1
V-000859,E-DEMO-KS-0097,2024-12-04,1
V-000860,E-DEMO-KS-0097,2025-01-24,1
V-000861,E-DEMO-KS-0097,2025-02-26,1
V-000862,E-DEMO-KS-0097,2025-03-09,1
V-000863,E-DEMO-KS-0097,2025-04-12,1
V-000864,E-DEMO-KS-0097,2025-05-29,1
V-000865,E-DEMO-KS-0097,2025-06-03,1
V-000866,E-DEMO-KS-0097,2025-07-11,1
V-000867,E-DEMO-KS-0097,2025-08-23,1
V-000868,E-DEMO-KS-0097,2025-09-06,1
V-000869,E-DEMO-KS-0097,2025-11-06,1
V-000870,E-DEMO-KS-0098,2024-12-25,1
V-000871,E-DEMO-KS-0098,2025-01-23,1
V-000872,E-DEMO-KS-0098,2025-02-04,1
V-000873,E-DEMO-KS-0099,2024-04-17,1
V-000874,E-DEMO-KS-0099,2024-07-28,1
V-000875,E-DEMO-KS-0099,2024-09-05,1
V-000876,E-DEMO-KS-0099,2024-10-06,1
V-000877,E-DEMO-KS-0099,2024-11-12,1
V-000878,E-DEMO-KS-0099,2025-01-31,1
V-000879,E-DEMO-KS-0099,2025-02-23,1
V-000880,E-DEMO-KS-0099,2025-03-29,1
V-000881,E-DEMO-KS-0099,2025-04-28,1
V-000882,E-DEMO-KS-0099,2025-05-30,1
V-000883,E-DEMO-KS-0099,2025-06-01,1
V-000884,E-DEMO-KS-0099,2025-07-04,1
V-000885,E-DEMO-KS-0099,2025-08-24,1
V-000886,E-DEMO-KS-0099,2025-09-07,1
V-000887,E-DEMO-KS-0099,2025-11-08,1
V-000888,E-DEMO-KS-0099,2025-12-01,1
V-000889,E-DEMO-KS-0100,2025-02-27,1
V-000890,E-DEMO-KS-0100,2025-03-21,1
V-000891,E-DEMO-KS-0100,2025-04-01,1
V-000892,E-DEMO-KS-0100,2025-07-21,1
V-000893,E-DEMO-KS-0100,2025-08-18,1
V-000894,E-DEMO-KS-0100,2025-10-02,1
V-000895,E-DEMO-KS-0100,2025-12-13,1
V-000896,E-DEMO-KS-0101,2023-04-22,1
V-000897,E-DEMO-KS-0101,2023-07-11,1
V-000898,E-DEMO-KS-0101,2023-08-21,1
V-000899,E-DEMO-KS-0101,2023-09-21,1
V-000900,E-DEMO-KS-0101,2023-10-19,1
V-000901,E-DEMO-KS-0101,2023-11-23,1
V-000902,E-DEMO-KS-0101,2023-12-12,1
V-000903,E-DEMO-KS-0101,2024-01-26,1
V-000904,E-DEMO-KS-0101,2024-03-09,1
V-000905,E-DEMO-KS-0101,2024-08-27,1
V-000906,E-DEMO-KS-0101,2024-09-05,1
V-000907,E-DEMO-KS-0101,2024-10-08,1
V-000908,E-DEMO-KS-0101,2024-11-29,1
V-000909,E-DEMO-KS-0101,2024-12-10,1
V-000910,E-DEMO-KS-0101,2025-01-16,1
V-000911,E-DEMO-KS-0101,2025-02-08,1
V-000912,E-DEMO-KS-0101,2025-03-03,1
V-000913,E-DEMO-KS-0101,2025-05-30,1
V-000914,E-DEMO-KS-0101,2025-07-11,1
V-000915,E-DEMO-KS-0102,2025-06-30,1
V-000916,E-DEMO-KS-0102,2025-07-03,1
V-000917,E-DEMO-KS-0102,2025-09-02,1
V-000918,E-DEMO-KS-0102,2025-10-11,1
V-000919,E-DEMO-KS-0102,2025-12-29,1
V-000920,E-DEMO-KS-0103,2023-12-08,1
V-000921,E-DEMO-KS-0103,2024-01-23,1
V-000922,E-DEMO-KS-0103,2024-04-10,1
V-000923,E-DEMO-KS-0103,2024-05-07,1
V-000924,E-DEMO-KS-0103,2024-06-24,1
V-000925,E-DEMO-KS-0103,2024-07-29,1
V-000926,E-DEMO-KS-0103,2024-08-11,1
V-000927,E-DEMO-KS-0103,2024-09-23,1
V-000928,E-DEMO-KS-0103,2024-10-17,1
V-000929,E-DEMO-KS-0103,2024-11-27,1
V-000930,E-DEMO-KS-0103,2024-12-27,1
V-000931,E-DEMO-KS-0103,2025-02-14,1
V-000932,E-DEMO-KS-0103,2025-03-20,1
V-000933,E-DEMO-KS-0103,2025-06-02,1
V-000934,E-DEMO-KS-0103,2025-07-09,1
V-000935,E-DEMO-KS-0103,2025-08-11,1
V-000936,E-DEMO-KS-0103,2025-09-11,1
V-000937,E-DEMO-KS-0103,2025-10-04,1
V-000938,E-DEMO-KS-0104,2024-08-09,1
V-000939,E-DEMO-KS-0104,2025-02-19,1
V-000940,E-DEMO-KS-0104,2025-04-02,1
V-000941,E-DEMO-KS-0105,2024-08-12,1
V-000942,E-DEMO-KS-0105,2024-09-11,1
V-000943,E-DEMO-KS-0105,2024-10-11,1
V-000944,E-DEMO-KS-0106,2025-04-26,1
V-000945,E-DEMO-KS-0106,2025-05-09,1
V-000946,E-DEMO-KS-0106,2025-06-10,1
V-000947,E-DEMO-KS-0106,2025-07-22,1
V-000948,E-DEMO-KS-0106,2025-10-21,1
V-000949,E-DEMO-KS-0106,2025-11-28,1
V-000950,E-DEMO-KS-0106,2025-12-21,1
V-000951,E-DEMO-KS-0107,2023-02-19,1
V-000952,E-DEMO-KS-0107,2023-03-18,1
V-000953,E-DEMO-KS-0107,2023-04-05,1
V-000954,E-DEMO-KS-0107,2023-05-09,1
V-000955,E-DEMO-KS-0107,2023-06-09,1
V-000956,E-DEMO-KS-0107,2023-08-01,1
V-000957,E-DEMO-KS-0107,2023-09-01,1
V-000958,E-DEMO-KS-0107,2023-10-20,1
V-000959,E-DEMO-KS-0107,2023-11-24,1
V-000960,E-DEMO-KS-0107,2023-12-07,1
V-000961,E-DEMO-KS-0108,2024-04-22,1
V-000962,E-DEMO-KS-0108,2024-05-13,1
V-000963,E-DEMO-KS-0108,2024-06-10,1
V-000964,E-DEMO-KS-0108,2024-07-05,1
V-000965,E-DEMO-KS-0108,2024-08-07,1
V-000966,E-DEMO-KS-0109,2024-06-21,1
V-000967,E-DEMO-KS-0109,2024-07-13,1
V-000968,E-DEMO-KS-0109,2024-09-17,1
V-000969,E-DEMO-KS-0109,2024-10-01,1
V-000970,E-DEMO-KS-0109,2024-11-10,1
V-000971,E-DEMO-KS-0109,2024-12-05,1
V-000972,E-DEMO-KS-0109,2025-01-31,1
V-000973,E-DEMO-KS-0109,2025-03-04,1
V-000974,E-DEMO-KS-0109,2025-06-15,1
V-000975,E-DEMO-KS-0109,2025-07-20,1
V-000976,E-DEMO-KS-0109,2025-08-25,1
V-000977,E-DEMO-KS-0109,2025-09-04,1
V-000978,E-DEMO-KS-0109,2025-10-13,1
V-000979,E-DEMO-KS-0109,2025-11-06,1
V-000980,E-DEMO-KS-0109,2025-12-13,1
V-000981,E-DEMO-KS-0110,2023-08-04,1
V-000982,E-DEMO-KS-0110,2023-09-21,1
V-000983,E-DEMO-KS-0110,2023-10-11,1
V-000984,E-DEMO-KS-0110,2023-12-08,1
V-000985,E-DEMO-KS-0110,2024-03-19,1
V-000986,E-DEMO-KS-0110,2024-04-30,1
V-000987,E-DEMO-KS-0110,2024-05-08,1
V-000988,E-DEMO-KS-0110,2024-07-28,1
V-000989,E-DEMO-KS-0110,2024-08-26,1
V-000990,E-DEMO-KS-0110,2024-09-16,1
V-000991,E-DEMO-KS-0110,2024-10-19,1
V-000992,E-DEMO-KS-0110,2024-11-12,1
V-000993,E-DEMO-KS-0110,2024-12-27,1
V-000994,E-DEMO-KS-0110,2025-01-25,1
V-000995,E-DEMO-KS-0110,2025-02-07,1
V-000996,E-DEMO-KS-0110,2025-04-05,1
V-000997,E-DEMO-KS-0110,2025-05-03,1
V-000998,E-DEMO-KS-0110,2025-06-17,1
V-000999,E-DEMO-KS-0110,2025-07-08,1
V-001000,E-DEMO-KS-0111,2025-07-20,1
V-001001,E-DEMO-KS-0111,2025-08-30,1
V-001002,E-DEMO-KS-0111,2025-09-13,1
V-001003,E-DEMO-KS-0111,2025-10-30,1
V-001004,E-DEMO-KS-0111,2025-11-29,1
V-001005,E-DEMO-KS-0111,2025-12-26,1
V-001006,E-DEMO-KS-0112,2023-06-29,1
V-001007,E-DEMO-KS-0112,2023-07-29,1
V-001008,E-DEMO-KS-0112,2023-09-02,1
V-001009,E-DEMO-KS-0112,2023-10-16,1
V-001010,E-DEMO-KS-0112,2023-11-11,1
V-001011,E-DEMO-KS-0112,2023-12-26,1
V-001012,E-DEMO-KS-0112,2024-01-02,1
V-001013,E-DEMO-KS-0112,2024-02-28,1
V-001014,E-DEMO-KS-0112,2024-03-05,1
V-001015,E-DEMO-KS-0112,2024-04-08,1
V-001016,E-DEMO-KS-0112,2024-07-05,1
V-001017,E-DEMO-KS-0112,2024-08-07,1
V-001018,E-DEMO-KS-0112,2024-10-14,1
V-001019,E-DEMO-KS-0112,2024-11-17,1
V-001020,E-DEMO-KS-0112,2024-12-04,1
V-001021,E-DEMO-KS-0112,2025-01-12,1
V-001022,E-DEMO-KS-0112,2025-02-08,1
V-001023,E-DEMO-KS-0112,2025-03-06,1
V-001024,E-DEMO-KS-0112,2025-04-03,1
V-001025,E-DEMO-KS-0113,2024-06-19,1
V-001026,E-DEMO-KS-0113,2024-08-05,1
V-001027,E-DEMO-KS-0113,2024-11-20,1
V-001028,E-DEMO-KS-0113,2025-01-16,1
V-001029,E-DEMO-KS-0113,2025-02-25,1
V-001030,E-DEMO-KS-0113,2025-03-26,1
V-001031,E-DEMO-KS-0113,2025-04-20,1
V-001032,E-DEMO-KS-0113,2025-06-29,1
V-001033,E-DEMO-KS-0113,2025-07-02,1
V-001034,E-DEMO-KS-0113,2025-09-10,1
V-001035,E-DEMO-KS-0113,2025-11-08,1
V-001036,E-DEMO-KS-0114,2024-05-16,1
V-001037,E-DEMO-KS-0114,2024-06-07,1
V-001038,E-DEMO-KS-0114,2024-07-29,1
V-001039,E-DEMO-KS-0114,2024-08-31,1
V-001040,E-DEMO-KS-0114,2024-09-20,1
V-001041,E-DEMO-KS-0114,2024-10-20,1
V-001042,E-DEMO-KS-0114,2024-12-21,1
V-001043,E-DEMO-KS-0114,2025-01-28,1
V-001044,E-DEMO-KS-0114,2025-02-25,1
V-001045,E-DEMO-KS-0114,2025-03-24,1
V-001046,E-DEMO-KS-0114,2025-04-13,1
V-001047,E-DEMO-KS-0114,2025-05-20,1
V-001048,E-DEMO-KS-0114,2025-06-24,1
V-001049,E-DEMO-KS-0114,2025-07-18,1
V-001050,E-DEMO-KS-0114,2025-08-14,1
V-001051,E-DEMO-KS-0114,2025-09-14,1
V-001052,E-DEMO-KS-0114,2025-11-28,1
V-001053,E-DEMO-KS-0115,2025-06-25,1
V-001054,E-DEMO-KS-0116,2025-01-21,1
V-001055,E-DEMO-KS-0116,2025-02-24,1
V-001056,E-DEMO-KS-0116,2025-03-01,1
V-001057,E-DEMO-KS-0116,2025-04-15,1
V-001058,E-DEMO-KS-0116,2025-05-10,1
V-001059,E-DEMO-KS-0116,2025-06-28,1
V-001060,E-DEMO-KS-0116,2025-07-13,1
V-001061,E-DEMO-KS-0116,2025-09-11,1
V-001062,E-DEMO-KS-0116,2025-10-03,1
V-001063,E-DEMO-KS-0116,2025-12-08,1
V-001064,E-DEMO-KS-0117,2024-04-16,1
V-001065,E-DEMO-KS-0117,2024-05-01,1
V-001066,E-DEMO-KS-0118,2024-04-11,1
V-001067,E-DEMO-KS-0118,2024-06-04,1
V-001068,E-DEMO-KS-0118,2024-07-16,1
V-001069,E-DEMO-KS-0118,2024-08-29,1
V-001070,E-DEMO-KS-0118,2024-09-28,1
V-001071,E-DEMO-KS-0118,2024-10-01,1
V-001072,E-DEMO-KS-0118,2024-11-02,1
V-001073,E-DEMO-KS-0118,2024-12-25,1
V-001074,E-DEMO-KS-0118,2025-01-17,1
V-001075,E-DEMO-KS-0118,2025-02-26,1
V-001076,E-DEMO-KS-0118,2025-03-29,1
V-001077,E-DEMO-KS-0118,2025-04-25,1
V-001078,E-DEMO-KS-0118,2025-05-27,1
V-001079,E-DEMO-KS-0118,2025-06-10,1
V-001080,E-DEMO-KS-0119,2024-03-19,1
V-001081,E-DEMO-KS-0119,2024-05-08,1
V-001082,E-DEMO-KS-0119,2024-06-21,1
V-001083,E-DEMO-KS-0119,2024-09-20,1
V-001084,E-DEMO-KS-0119,2024-10-26,1
V-001085,E-DEMO-KS-0119,2024-11-18,1
V-001086,E-DEMO-KS-0119,2024-12-20,1
V-001087,E-DEMO-KS-0119,2025-01-03,1
V-001088,E-DEMO-KS-0119,2025-02-05,1
V-001089,E-DEMO-KS-0119,2025-03-10,1
V-001090,E-DEMO-KS-0119,2025-04-29,1
V-001091,E-DEMO-KS-0119,2025-05-27,1
V-001092,E-DEMO-KS-0119,2025-07-02,1
V-001093,E-DEMO-KS-0119,2025-08-06,1
V-001094,E-DEMO-KS-0119,2025-09-03,1
V-001095,E-DEMO-KS-0119,2025-10-16,1
V-001096,E-DEMO-KS-0119,2025-11-23,1
V-001097,E-DEMO-KS-0119,2025-12-09,1
V-001098,E-DEMO-KS-0120,2024-11-18,1
V-001099,E-DEMO-KS-0120,2024-12-23,1
V-001100,E-DEMO-KS-0120,2025-01-29,1
V-001101,E-DEMO-KS-0120,2025-02-01,1
V-001102,E-DEMO-KS-0120,2025-03-03,1
V-001103,E-DEMO-KS-0120,2025-05-18,1
V-001104,E-DEMO-KS-0120,2025-06-08,1
V-001105,E-DEMO-KS-0120,2025-09-18,1
V-001106,E-DEMO-KS-0120,2025-11-15,1
V-001107,E-DEMO-KS-0121,2023-12-28,1
V-001108,E-DEMO-KS-0121,2024-02-25,1
V-001109,E-DEMO-KS-0121,2024-03-28,1
V-001110,E-DEMO-KS-0121,2024-04-08,1
V-001111,E-DEMO-KS-0121,2024-05-21,1
V-001112,E-DEMO-KS-0121,2024-06-07,1
V-001113,E-DEMO-KS-0122,2023-01-28,1
V-001114,E-DEMO-KS-0122,2023-02-05,1
V-001115,E-DEMO-KS-0122,2023-03-23,1
V-001116,E-DEMO-KS-0122,2023-05-28,1
V-001117,E-DEMO-KS-0122,2023-07-19,1
V-001118,E-DEMO-KS-0122,2023-09-16,1
V-001119,E-DEMO-KS-0122,2023-11-28,1
V-001120,E-DEMO-KS-0122,2023-12-10,1
V-001121,E-DEMO-KS-0122,2024-01-08,1
V-001122,E-DEMO-KS-0122,2024-02-20,1
V-001123,E-DEMO-KS-0122,2024-03-19,1
V-001124,E-DEMO-KS-0122,2024-04-27,1
V-001125,E-DEMO-KS-0122,2024-05-18,1
V-001126,E-DEMO-KS-0122,2024-06-10,1
V-001127,E-DEMO-KS-0122,2024-08-23,1
V-001128,E-DEMO-KS-0122,2024-09-27,1
V-001129,E-DEMO-KS-0122,2024-10-22,1
V-001130,E-DEMO-KS-0122,2024-11-11,1
V-001131,E-DEMO-KS-0122,2024-12-30,1
V-001132,E-DEMO-KS-0122,2025-01-09,1
V-001133,E-DEMO-KS-0122,2025-02-01,1
V-001134,E-DEMO-KS-0122,2025-03-06,1
V-001135,E-DEMO-KS-0122,2025-04-22,1
V-001136,E-DEMO-KS-0123,2023-10-14,1
V-001137,E-DEMO-KS-0123,2023-11-11,1
V-001138,E-DEMO-KS-0123,2024-01-11,1
V-001139,E-DEMO-KS-0123,2024-02-26,1
V-001140,E-DEMO-KS-0123,2024-03-23,1
V-001141,E-DEMO-KS-0123,2024-04-10,1
V-001142,E-DEMO-KS-0123,2024-05-01,1
V-001143,E-DEMO-KS-0123,2024-06-28,1
V-001144,E-DEMO-KS-0123,2024-07-03,1
V-001145,E-DEMO-KS-0123,2024-12-01,1
V-001146,E-DEMO-KS-0124,2024-11-02,1
V-001147,E-DEMO-KS-0124,2024-12-08,1
V-001148,E-DEMO-KS-0124,2025-01-14,1
V-001149,E-DEMO-KS-0124,2025-03-24,1
V-001150,E-DEMO-KS-0124,2025-04-24,1
V-001151,E-DEMO-KS-0124,2025-05-29,1
V-001152,E-DEMO-KS-0124,2025-07-02,1
V-001153,E-DEMO-KS-0125,2023-03-12,1
V-001154,E-DEMO-KS-0125,2023-05-23,1
V-001155,E-DEMO-KS-0125,2023-06-12,1
V-001156,E-DEMO-KS-0125,2023-07-21,1
V-001157,E-DEMO-KS-0125,2023-08-31,1
V-001158,E-DEMO-KS-0126,2023-10-27,1
V-001159,E-DEMO-KS-0126,2023-11-21,1
V-001160,E-DEMO-KS-0126,2023-12-20,1
V-001161,E-DEMO-KS-0126,2024-02-11,1
V-001162,E-DEMO-KS-0127,2024-12-06,1
V-001163,E-DEMO-KS-0127,2025-01-04,1
V-001164,E-DEMO-KS-0127,2025-02-08,1
V-001165,E-DEMO-KS-0127,2025-04-21,1
V-001166,E-DEMO-KS-0127,2025-05-15,1
V-001167,E-DEMO-KS-0127,2025-06-14,1
V-001168,E-DEMO-KS-0127,2025-07-31,1
V-001169,E-DEMO-KS-0127,2025-08-28,1
V-001170,E-DEMO-KS-0127,2025-09-14,1
V-001171,E-DEMO-KS-0127,2025-12-17,1
V-001172,E-DEMO-KS-0128,2025-01-06,1
V-001173,E-DEMO-KS-0128,2025-02-10,1
V-001174,E-DEMO-KS-0128,2025-04-22,1
V-001175,E-DEMO-KS-0129,2024-05-19,1
V-001176,E-DEMO-KS-0129,2024-07-01,1
V-001177,E-DEMO-KS-0129,2024-08-26,1
V-001178,E-DEMO-KS-0129,2024-11-22,1
V-001179,E-DEMO-KS-0129,2024-12-06,1
V-001180,E-DEMO-KS-0129,2025-01-11,1
V-001181,E-DEMO-KS-0129,2025-02-28,1
V-001182,E-DEMO-KS-0129,2025-03-11,1
V-001183,E-DEMO-KS-0129,2025-05-25,1
V-001184,E-DEMO-KS-0129,2025-06-09,1
V-001185,E-DEMO-KS-0129,2025-07-29,1
V-001186,E-DEMO-KS-0129,2025-08-31,1
V-001187,E-DEMO-KS-0129,2025-09-18,1
V-001188,E-DEMO-KS-0129,2025-11-05,1
V-001189,E-DEMO-KS-0129,2025-12-01,1
V-001190,E-DEMO-KS-0130,2025-05-25,1
V-001191,E-DEMO-KS-0130,2025-06-05,1
V-001192,E-DEMO-KS-0131,2025-10-21,1
V-001193,E-DEMO-KS-0131,2025-11-30,1
V-001194,E-DEMO-KS-0131,2025-12-28,1
V-001195,E-DEMO-KS-0132,2024-02-21,1
V-001196,E-DEMO-KS-0132,2024-03-01,1
V-001197,E-DEMO-KS-0132,2024-04-27,1
V-001198,E-DEMO-KS-0132,2024-05-28,1
V-001199,E-DEMO-KS-0132,2024-06-04,1
V-001200,E-DEMO-KS-0132,2024-07-20,1
V-001201,E-DEMO-KS-0132,2024-08-26,1
V-001202,E-DEMO-KS-0132,2024-09-08,1
V-001203,E-DEMO-KS-0132,2024-10-12,1
V-001204,E-DEMO-KS-0132,2024-11-29,1
V-001205,E-DEMO-KS-0132,2024-12-02,1
V-001206,E-DEMO-KS-0132,2025-01-29,1
V-001207,E-DEMO-KS-0132,2025-02-17,1
V-001208,E-DEMO-KS-0132,2025-03-29,1
V-001209,E-DEMO-KS-0132,2025-04-28,1
V-001210,E-DEMO-KS-0132,2025-06-04,1
V-001211,E-DEMO-KS-0132,2025-07-29,1
V-001212,E-DEMO-KS-0132,2025-10-27,1
V-001213,E-DEMO-KS-0132,2025-11-25,1
V-001214,E-DEMO-KS-0132,2025-12-08,1
V-001215,E-DEMO-KS-0133,2023-12-08,1
V-001216,E-DEMO-KS-0133,2024-01-20,1
V-001217,E-DEMO-KS-0133,2024-02-01,1
V-001218,E-DEMO-KS-0133,2024-04-10,1
V-001219,E-DEMO-KS-0133,2024-05-16,1
V-001220,E-DEMO-KS-0134,2024-08-11,1
V-001221,E-DEMO-KS-0134,2024-09-05,1
V-001222,E-DEMO-KS-0134,2024-11-13,1
V-001223,E-DEMO-KS-0134,2024-12-21,1
V-001224,E-DEMO-KS-0134,2025-01-26,1
V-001225,E-DEMO-KS-0134,2025-02-04,1
V-001226,E-DEMO-KS-0134,2025-03-30,1
V-001227,E-DEMO-KS-0134,2025-04-10,1
V-001228,E-DEMO-KS-0134,2025-05-05,1
V-001229,E-DEMO-KS-0134,2025-06-04,1
V-001230,E-DEMO-KS-0135,2023-10-24,1
V-001231,E-DEMO-KS-0135,2024-02-26,1
V-001232,E-DEMO-KS-0135,2024-04-14,1
V-001233,E-DEMO-KS-0135,2024-05-27,1
V-001234,E-DEMO-KS-0135,2024-06-18,1
V-001235,E-DEMO-KS-0135,2024-07-02,1
V-001236,E-DEMO-KS-0135,2024-08-04,1
V-001237,E-DEMO-KS-0135,2024-09-14,1
V-001238,E-DEMO-KS-0135,2024-10-14,1
V-001239,E-DEMO-KS-0135,2024-11-01,1
V-001240,E-DEMO-KS-0135,2024-12-19,1
V-001241,E-DEMO-KS-0135,2025-01-26,1
V-001242,E-DEMO-KS-0135,2025-02-01,1
V-001243,E-DEMO-KS-0135,2025-03-16,1
V-001244,E-DEMO-KS-0135,2025-04-14,1
V-001245,E-DEMO-KS-0135,2025-05-22,1
V-001246,E-DEMO-KS-0135,2025-06-03,1
V-001247,E-DEMO-KS-0136,2025-10-12,1
V-001248,E-DEMO-KS-0136,2025-11-04,1
V-001249,E-DEMO-KS-0136,2025-12-24,1
V-001250,E-DEMO-KS-0137,2023-05-18,1
V-001251,E-DEMO-KS-0137,2023-09-07,1
V-001252,E-DEMO-KS-0137,2023-10-03,1
V-001253,E-DEMO-KS-0137,2023-11-13,1
V-001254,E-DEMO-KS-0137,2023-12-11,1
V-001255,E-DEMO-KS-0137,2024-01-23,1
V-001256,E-DEMO-KS-0137,2024-02-13,1
V-001257,E-DEMO-KS-0137,2024-03-23,1
V-001258,E-DEMO-KS-0137,2024-04-12,1
V-001259,E-DEMO-KS-0137,2024-06-21,1
V-001260,E-DEMO-KS-0137,2024-07-21,1
V-001261,E-DEMO-KS-0138,2025-07-05,1
V-001262,E-DEMO-KS-0138,2025-08-08,1
V-001263,E-DEMO-KS-0138,2025-09-08,1
V-001264,E-DEMO-KS-0138,2025-10-05,1
V-001265,E-DEMO-KS-0138,2025-11-03,1
V-001266,E-DEMO-KS-0138,2025-12-02,1
V-001267,E-DEMO-KS-0139,2025-05-28,1
V-001268,E-DEMO-KS-0139,2025-06-04,1
V-001269,E-DEMO-KS-0139,2025-07-21,1
V-001270,E-DEMO-KS-0139,2025-08-06,1
V-001271,E-DEMO-KS-0140,2024-01-07,1
V-001272,E-DEMO-KS-0140,2024-02-02,1
V-001273,E-DEMO-KS-0140,2024-04-11,1
V-001274,E-DEMO-KS-0140,2024-05-26,1
V-001275,E-DEMO-KS-0140,2024-07-23,1
V-001276,E-DEMO-KS-0140,2024-10-12,1
V-001277,E-DEMO-KS-0140,2024-11-02,1
V-001278,E-DEMO-KS-0140,2024-12-01,1
V-001279,E-DEMO-KS-0140,2025-01-01,1
V-001280,E-DEMO-KS-0141,2025-03-16,1
V-001281,E-DEMO-KS-0141,2025-04-29,1
V-001282,E-DEMO-KS-0141,2025-05-12,1
V-001283,E-DEMO-KS-0141,2025-06-08,1
V-001284,E-DEMO-KS-0141,2025-07-07,1
V-001285,E-DEMO-KS-0141,2025-09-15,1
V-001286,E-DEMO-KS-0141,2025-10-07,1
V-001287,E-DEMO-KS-0141,2025-11-22,1
V-001288,E-DEMO-KS-0141,2025-12-10,1
V-001289,E-DEMO-KS-0142,2023-12-19,1
V-001290,E-DEMO-KS-0142,2024-02-09,1
V-001291,E-DEMO-KS-0142,2024-03-19,1
V-001292,E-DEMO-KS-0142,2024-04-03,1
V-001293,E-DEMO-KS-0142,2024-05-11,1
V-001294,E-DEMO-KS-0142,2024-06-03,1
V-001295,E-DEMO-KS-0142,2024-08-16,1
V-001296,E-DEMO-KS-0142,2024-09-28,1
V-001297,E-DEMO-KS-0142,2024-10-20,1
V-001298,E-DEMO-KS-0142,2024-11-26,1
V-001299,E-DEMO-KS-0142,2024-12-17,1
V-001300,E-DEMO-KS-0142,2025-01-01,1
V-001301,E-DEMO-KS-0142,2025-02-06,1
V-001302,E-DEMO-KS-0142,2025-03-22,1
V-001303,E-DEMO-KS-0142,2025-05-07,1
V-001304,E-DEMO-KS-0142,2025-06-04,1
V-001305,E-DEMO-KS-0142,2025-07-04,1
V-001306,E-DEMO-KS-0142,2025-08-06,1
V-001307,E-DEMO-KS-0142,2025-09-23,1
V-001308,E-DEMO-KS-0143,2024-06-01,1
V-001309,E-DEMO-KS-0143,2024-07-07,1
V-001310,E-DEMO-KS-0143,2024-09-27,1
V-001311,E-DEMO-KS-0143,2024-10-21,1
V-001312,E-DEMO-KS-0143,2024-11-30,1
V-001313,E-DEMO-KS-0143,2024-12-06,1
V-001314,E-DEMO-KS-0143,2025-01-18,1
V-001315,E-DEMO-KS-0143,2025-02-01,1
V-001316,E-DEMO-KS-0143,2025-03-29,1
V-001317,E-DEMO-KS-0143,2025-04-07,1
V-001318,E-DEMO-KS-0143,2025-05-21,1
V-001319,E-DEMO-KS-0143,2025-06-27,1
V-001320,E-DEMO-KS-0143,2025-07-01,1
V-001321,E-DEMO-KS-0143,2025-08-24,1
V-001322,E-DEMO-KS-0143,2025-11-16,1
V-001323,E-DEMO-KS-0143,2025-12-27,1
V-001324,E-DEMO-KS-0144,2023-05-27,1
V-001325,E-DEMO-KS-0144,2023-06-25,1
V-001326,E-DEMO-KS-0144,2023-07-03,1
V-001327,E-DEMO-KS-0144,2023-08-13,1
V-001328,E-DEMO-KS-0144,2023-11-17,1
V-001329,E-DEMO-KS-0144,2023-12-23,1
V-001330,E-DEMO-KS-0144,2024-02-29,1
V-001331,E-DEMO-KS-0144,2024-04-06,1
V-001332,E-DEMO-KS-0144,2024-07-12,1
V-001333,E-DEMO-KS-0144,2024-08-04,1
V-001334,E-DEMO-KS-0144,2024-09-07,1
V-001335,E-DEMO-KS-0144,2024-10-04,1
V-001336,E-DEMO-KS-0144,2024-11-06,1
V-001337,E-DEMO-KS-0144,2024-12-03,1
V-001338,E-DEMO-KS-0144,2025-03-15,1
V-001339,E-DEMO-KS-0144,2025-04-01,1
V-001340,E-DEMO-KS-0144,2025-05-03,1
V-001341,E-DEMO-KS-0144,2025-06-19,1
V-001342,E-DEMO-KS-0144,2025-07-05,1
V-001343,E-DEMO-KS-0145,2024-03-28,1
V-001344,E-DEMO-KS-0145,2024-04-30,1
V-001345,E-DEMO-KS-0146,2024-05-25,1
V-001346,E-DEMO-KS-0146,2024-07-23,1
V-001347,E-DEMO-KS-0146,2024-08-02,1
V-001348,E-DEMO-KS-0146,2024-09-25,1
V-001349,E-DEMO-KS-0146,2024-10-18,1
V-001350,E-DEMO-KS-0146,2024-11-03,1
V-001351,E-DEMO-KS-0146,2024-12-19,1
V-001352,E-DEMO-KS-0146,2025-01-16,1
V-001353,E-DEMO-KS-0146,2025-02-10,1
V-001354,E-DEMO-KS-0146,2025-03-03,1
V-001355,E-DEMO-KS-0146,2025-04-18,1
V-001356,E-DEMO-KS-0146,2025-05-02,1
V-001357,E-DEMO-KS-0146,2025-06-20,1
V-001358,E-DEMO-KS-0146,2025-08-11,1
V-001359,E-DEMO-KS-0146,2025-09-28,1
V-001360,E-DEMO-KS-0146,2025-10-26,1
V-001361,E-DEMO-KS-0146,2025-11-12,1
V-001362,E-DEMO-KS-0147,2023-11-30,1
V-001363,E-DEMO-KS-0147,2023-12-11,1
V-001364,E-DEMO-KS-0147,2024-03-09,1
V-001365,E-DEMO-KS-0147,2024-04-10,1
V-001366,E-DEMO-KS-0147,2024-05-18,1
V-001367,E-DEMO-KS-0147,2024-07-31,1
V-001368,E-DEMO-KS-0147,2024-08-30,1
V-001369,E-DEMO-KS-0147,2024-10-25,1
V-001370,E-DEMO-KS-0147,2024-11-11,1
V-001371,E-DEMO-KS-0147,2024-12-03,1
V-001372,E-DEMO-KS-0147,2025-03-19,1
V-001373,E-DEMO-KS-0147,2025-04-10,1
V-001374,E-DEMO-KS-0147,2025-05-10,1
V-001375,E-DEMO-KS-0147,2025-06-15,1
V-001376,E-DEMO-KS-0147,2025-07-09,1
V-001377,E-DEMO-KS-0148,2023-11-19,1
V-001378,E-DEMO-KS-0148,2023-12-07,1
V-001379,E-DEMO-KS-0148,2024-01-30,1
V-001380,E-DEMO-KS-0148,2024-02-16,1
V-001381,E-DEMO-KS-0148,2024-03-24,1
V-001382,E-DEMO-KS-0148,2024-05-07,1
V-001383,E-DEMO-KS-0148,2024-07-04,1
V-001384,E-DEMO-KS-0148,2024-08-15,1
V-001385,E-DEMO-KS-0148,2024-09-30,1
V-001386,E-DEMO-KS-0148,2024-10-07,1
V-001387,E-DEMO-KS-0148,2024-11-25,1
V-001388,E-DEMO-KS-0148,2024-12-06,1
V-001389,E-DEMO-KS-0148,2025-01-11,1
V-001390,E-DEMO-KS-0148,2025-02-07,1
V-001391,E-DEMO-KS-0148,2025-04-20,1
V-001392,E-DEMO-KS-0148,2025-06-06,1
V-001393,E-DEMO-KS-0148,2025-07-10,1
V-001394,E-DEMO-KS-0148,2025-08-08,1
V-001395,E-DEMO-KS-0148,2025-09-05,1
V-001396,E-DEMO-KS-0149,2024-10-24,1
V-001397,E-DEMO-KS-0149,2024-11-06,1
V-001398,E-DEMO-KS-0149,2024-12-22,1
V-001399,E-DEMO-KS-0150,2023-07-26,1
V-001400,E-DEMO-KS-0150,2023-08-06,1
V-001401,E-DEMO-KS-0150,2023-09-02,1
V-001402,E-DEMO-KS-0150,2023-10-31,1
V-001403,E-DEMO-KS-0150,2023-11-09,1
V-001404,E-DEMO-KS-0151,2024-06-02,1
V-001405,E-DEMO-KS-0151,2024-07-18,1
V-001406,E-DEMO-KS-0151,2024-09-04,1
V-001407,E-DEMO-KS-0151,2024-12-28,1
V-001408,E-DEMO-KS-0151,2025-01-26,1
V-001409,E-DEMO-KS-0151,2025-02-04,1
V-001410,E-DEMO-KS-0151,2025-03-20,1
V-001411,E-DEMO-KS-0151,2025-04-11,1
V-001412,E-DEMO-KS-0152,2023-11-24,1
V-001413,E-DEMO-KS-0152,2023-12-05,1
V-001414,E-DEMO-KS-0152,2024-02-28,1
V-001415,E-DEMO-KS-0152,2024-04-01,1
V-001416,E-DEMO-KS-0152,2024-05-31,1
V-001417,E-DEMO-KS-0152,2024-06-23,1
V-001418,E-DEMO-KS-0152,2024-07-19,1
V-001419,E-DEMO-KS-0152,2024-08-18,1
V-001420,E-DEMO-KS-0152,2024-09-12,1
V-001421,E-DEMO-KS-0152,2024-10-05,1
V-001422,E-DEMO-KS-0152,2024-11-03,1
V-001423,E-DEMO-KS-0152,2025-01-03,1
V-001424,E-DEMO-KS-0153,2024-06-06,1
V-001425,E-DEMO-KS-0153,2024-07-04,1
V-001426,E-DEMO-KS-0153,2024-09-09,1
V-001427,E-DEMO-KS-0153,2024-10-07,1
V-001428,E-DEMO-KS-0153,2024-11-19,1
V-001429,E-DEMO-KS-0154,2023-08-27,1
V-001430,E-DEMO-KS-0154,2023-09-24,1
V-001431,E-DEMO-KS-0154,2023-12-21,1
V-001432,E-DEMO-KS-0154,2024-01-10,1
V-001433,E-DEMO-KS-0154,2024-02-20,1
V-001434,E-DEMO-KS-0154,2024-03-30,1
V-001435,E-DEMO-KS-0154,2024-04-09,1
V-001436,E-DEMO-KS-0154,2024-07-16,1
V-001437,E-DEMO-KS-0154,2024-09-05,1
V-001438,E-DEMO-KS-0154,2024-12-12,1
V-001439,E-DEMO-KS-0155,2025-08-19,1
V-001440,E-DEMO-KS-0155,2025-09-13,1
V-001441,E-DEMO-KS-0156,2024-08-16,1
V-001442,E-DEMO-KS-0156,2024-09-29,1
V-001443,E-DEMO-KS-0156,2024-10-19,1
V-001444,E-DEMO-KS-0156,2024-11-02,1
V-001445,E-DEMO-KS-0156,2024-12-15,1
V-001446,E-DEMO-KS-0156,2025-01-20,1
V-001447,E-DEMO-KS-0156,2025-02-08,1
V-001448,E-DEMO-KS-0156,2025-03-16,1
V-001449,E-DEMO-KS-0156,2025-06-05,1
V-001450,E-DEMO-KS-0156,2025-07-08,1
V-001451,E-DEMO-KS-0157,2023-11-28,1
V-001452,E-DEMO-KS-0157,2023-12-14,1
V-001453,E-DEMO-KS-0157,2024-01-26,1
V-001454,E-DEMO-KS-0157,2024-03-21,1
V-001455,E-DEMO-KS-0157,2024-04-08,1
V-001456,E-DEMO-KS-0157,2024-05-04,1
V-001457,E-DEMO-KS-0157,2024-06-24,1
V-001458,E-DEMO-KS-0158,2023-11-06,1
V-001459,E-DEMO-KS-0158,2024-02-20,1
V-001460,E-DEMO-KS-0158,2024-03-07,1
V-001461,E-DEMO-KS-0158,2024-04-12,1
V-001462,E-DEMO-KS-0158,2024-06-25,1
V-001463,E-DEMO-KS-0158,2024-08-01,1
V-001464,E-DEMO-KS-0158,2024-12-27,1
V-001465,E-DEMO-KS-0158,2025-01-09,1
V-001466,E-DEMO-KS-0158,2025-02-11,1
V-001467,E-DEMO-KS-0158,2025-03-21,1
V-001468,E-DEMO-KS-0158,2025-04-26,1
V-001469,E-DEMO-KS-0158,2025-06-01,1
V-001470,E-DEMO-KS-0159,2024-12-17,1
V-001471,E-DEMO-KS-0159,2025-01-07,1
V-001472,E-DEMO-KS-0159,2025-02-13,1
V-001473,E-DEMO-KS-0159,2025-03-12,1
V-001474,E-DEMO-KS-0159,2025-04-09,1
V-001475,E-DEMO-KS-0160,2023-03-19,1
V-001476,E-DEMO-KS-0160,2023-05-20,1
V-001477,E-DEMO-KS-0160,2023-06-15,1
V-001478,E-DEMO-KS-0161,2025-02-20,1
V-001479,E-DEMO-KS-0161,2025-03-23,1
V-001480,E-DEMO-KS-0162,2025-01-03,1
V-001481,E-DEMO-KS-0162,2025-02-27,1
V-001482,E-DEMO-KS-0162,2025-03-22,1
V-001483,E-DEMO-KS-0162,2025-04-09,1
V-001484,E-DEMO-KS-0162,2025-06-24,1
V-001485,E-DEMO-KS-0162,2025-07-13,1
V-001486,E-DEMO-KS-0162,2025-08-19,1
V-001487,E-DEMO-KS-0162,2025-10-20,1
V-001488,E-DEMO-KS-0162,2025-11-22,1
V-001489,E-DEMO-KS-0162,2025-12-20,1
V-001490,E-DEMO-KS-0163,2024-02-10,1
V-001491,E-DEMO-KS-0163,2024-04-12,1
V-001492,E-DEMO-KS-0163,2024-05-23,1
V-001493,E-DEMO-KS-0163,2024-06-20,1
V-001494,E-DEMO-KS-0163,2024-07-26,1
V-001495,E-DEMO-KS-0163,2024-10-19,1
V-001496,E-DEMO-KS-0164,2025-10-23,1
V-001497,E-DEMO-KS-0164,2025-11-12,1
V-001498,E-DEMO-KS-0164,2025-12-11,1
V-001499,E-DEMO-KS-0165,2025-02-14,1
V-001500,E-DEMO-KS-0165,2025-03-11,1
V-001501,E-DEMO-KS-0165,2025-04-21,1
V-001502,E-DEMO-KS-0165,2025-05-01,1
V-001503,E-DEMO-KS-0165,2025-06-19,1
V-001504,E-DEMO-KS-0165,2025-09-14,1
V-001505,E-DEMO-KS-0165,2025-10-22,1
V-001506,E-DEMO-KS-0165,2025-11-19,1
V-001507,E-DEMO-KS-0165,2025-12-07,1
V-001508,E-DEMO-KS-0166,2024-09-18,1
V-001509,E-DEMO-KS-0166,2024-10-25,1
V-001510,E-DEMO-KS-0166,2024-11-05,1
V-001511,E-DEMO-KS-0166,2024-12-11,1
V-001512,E-DEMO-KS-0166,2025-01-30,1
V-001513,E-DEMO-KS-0166,2025-02-20,1
V-001514,E-DEMO-KS-0166,2025-03-22,1
V-001515,E-DEMO-KS-0166,2025-04-24,1
V-001516,E-DEMO-KS-0166,2025-05-14,1
V-001517,E-DEMO-KS-0166,2025-06-30,1
V-001518,E-DEMO-KS-0166,2025-07-05,1
V-001519,E-DEMO-KS-0167,2023-03-23,1
V-001520,E-DEMO-KS-0167,2023-04-10,1
V-001521,E-DEMO-KS-0167,2023-05-04,1
V-001522,E-DEMO-KS-0167,2023-06-18,1
V-001523,E-DEMO-KS-0167,2023-07-07,1
V-001524,E-DEMO-KS-0167,2023-08-20,1
V-001525,E-DEMO-KS-0167,2023-10-17,1
V-001526,E-DEMO-KS-0167,2023-11-30,1
V-001527,E-DEMO-KS-0167,2023-12-27,1
V-001528,E-DEMO-KS-0167,2024-03-22,1
V-001529,E-DEMO-KS-0167,2024-04-03,1
V-001530,E-DEMO-KS-0168,2024-04-03,1
V-001531,E-DEMO-KS-0168,2024-05-15,1
V-001532,E-DEMO-KS-0168,2024-06-07,1
V-001533,E-DEMO-KS-0168,2024-07-28,1
V-001534,E-DEMO-KS-0168,2024-08-16,1
V-001535,E-DEMO-KS-0168,2024-09-24,1
V-001536,E-DEMO-KS-0168,2024-10-26,1
V-001537,E-DEMO-KS-0169,2025-08-22,1
V-001538,E-DEMO-KS-0169,2025-09-12,1
V-001539,E-DEMO-KS-0169,2025-10-10,1
V-001540,E-DEMO-KS-0170,2024-03-06,1
V-001541,E-DEMO-KS-0171,2023-06-06,1
V-001542,E-DEMO-KS-0171,2023-08-04,1
V-001543,E-DEMO-KS-0171,2023-10-15,1
V-001544,E-DEMO-KS-0171,2024-01-12,1
V-001545,E-DEMO-KS-0171,2024-03-22,1
V-001546,E-DEMO-KS-0171,2024-04-05,1
V-001547,E-DEMO-KS-0171,2024-05-28,1
V-001548,E-DEMO-KS-0171,2024-06-29,1
V-001549,E-DEMO-KS-0171,2024-07-01,1
V-001550,E-DEMO-KS-0172,2023-01-05,1
V-001551,E-DEMO-KS-0172,2023-02-28,1
V-001552,E-DEMO-KS-0172,2023-03-19,1
V-001553,E-DEMO-KS-0172,2023-04-02,1
V-001554,E-DEMO-KS-0172,2023-05-22,1
V-001555,E-DEMO-KS-0172,2023-06-25,1
V-001556,E-DEMO-KS-0172,2023-07-15,1
V-001557,E-DEMO-KS-0172,2023-08-01,1
V-001558,E-DEMO-KS-0172,2024-02-01,1
V-001559,E-DEMO-KS-0172,2024-03-11,1
V-001560,E-DEMO-KS-0172,2024-04-16,1
V-001561,E-DEMO-KS-0172,2024-05-12,1
V-001562,E-DEMO-KS-0172,2024-07-18,1
V-001563,E-DEMO-KS-0172,2024-08-31,1
V-001564,E-DEMO-KS-0172,2024-09-03,1
V-001565,E-DEMO-KS-0172,2025-01-22,1
V-001566,E-DEMO-KS-0172,2025-02-09,1
V-001567,E-DEMO-KS-0172,2025-03-16,1
V-001568,E-DEMO-KS-0173,2024-04-24,1
V-001569,E-DEMO-KS-0173,2024-06-14,1
V-001570,E-DEMO-KS-0173,2024-08-09,1
V-001571,E-DEMO-KS-0173,2024-09-17,1
V-001572,E-DEMO-KS-0173,2024-10-08,1
V-001573,E-DEMO-KS-0173,2024-12-17,1
V-001574,E-DEMO-KS-0173,2025-01-21,1
V-001575,E-DEMO-KS-0173,2025-03-22,1
V-001576,E-DEMO-KS-0173,2025-04-08,1
V-001577,E-DEMO-KS-0173,2025-06-12,1
V-001578,E-DEMO-KS-0173,2025-07-28,1
V-001579,E-DEMO-KS-0173,2025-08-04,1
V-001580,E-DEMO-KS-0173,2025-09-18,1
V-001581,E-DEMO-KS-0173,2025-10-04,1
V-001582,E-DEMO-KS-0173,2025-12-19,1
V-001583,E-DEMO-KS-0174,2024-06-18,1
V-001584,E-DEMO-KS-0174,2024-07-09,1
V-001585,E-DEMO-KS-0174,2024-08-04,1
V-001586,E-DEMO-KS-0174,2024-09-05,1
V-001587,E-DEMO-KS-0174,2024-11-21,1
V-001588,E-DEMO-KS-0174,2024-12-17,1
V-001589,E-DEMO-KS-0174,2025-01-25,1
V-001590,E-DEMO-KS-0174,2025-02-11,1
V-001591,E-DEMO-KS-0174,2025-03-27,1
V-001592,E-DEMO-KS-0174,2025-04-03,1
V-001593,E-DEMO-KS-0174,2025-06-07,1
V-001594,E-DEMO-KS-0174,2025-07-14,1
V-001595,E-DEMO-KS-0174,2025-08-23,1
V-001596,E-DEMO-KS-0174,2025-09-30,1
V-001597,E-DEMO-KS-0174,2025-12-05,1
V-001598,E-DEMO-KS-0175,2023-05-30,1
V-001599,E-DEMO-KS-0175,2023-06-08,1
V-001600,E-DEMO-KS-0175,2023-08-14,1
V-001601,E-DEMO-KS-0175,2023-12-25,1
V-001602,E-DEMO-KS-0175,2024-01-20,1
V-001603,E-DEMO-KS-0175,2024-02-04,1
V-001604,E-DEMO-KS-0175,2024-03-15,1
V-001605,E-DEMO-KS-0175,2024-05-02,1
V-001606,E-DEMO-KS-0176,2024-01-22,1
V-001607,E-DEMO-KS-0177,2025-02-15,1
V-001608,E-DEMO-KS-0177,2025-03-03,1
V-001609,E-DEMO-KS-0177,2025-04-27,1
V-001610,E-DEMO-KS-0177,2025-06-22,1
V-001611,E-DEMO-KS-0177,2025-07-14,1
V-001612,E-DEMO-KS-0177,2025-08-02,1
V-001613,E-DEMO-KS-0177,2025-09-27,1
V-001614,E-DEMO-KS-0177,2025-10-07,1
V-001615,E-DEMO-KS-0177,2025-11-28,1
V-001616,E-DEMO-KS-0178,2023-08-10,1
V-001617,E-DEMO-KS-0178,2023-10-31,1
V-001618,E-DEMO-KS-0178,2023-11-28,1
V-001619,E-DEMO-KS-0178,2023-12-16,1
V-001620,E-DEMO-KS-0178,2024-01-25,1
V-001621,E-DEMO-KS-0178,2024-04-22,1
V-001622,E-DEMO-KS-0178,2024-05-29,1
V-001623,E-DEMO-KS-0178,2024-06-05,1
V-001624,E-DEMO-KS-0178,2024-07-24,1
V-001625,E-DEMO-KS-0178,2024-09-11,1
V-001626,E-DEMO-KS-0178,2024-10-09,1
V-001627,E-DEMO-KS-0178,2024-12-22,1
V-001628,E-DEMO-KS-0179,2025-09-30,1
V-001629,E-DEMO-KS-0179,2025-10-13,1
V-001630,E-DEMO-KS-0179,2025-11-25,1
V-001631,E-DEMO-KS-0180,2025-06-10,1
V-001632,E-DEMO-KS-0180,2025-07-28,1
V-001633,E-DEMO-KS-0180,2025-08-08,1
V-001634,E-DEMO-KS-0180,2025-09-06,1
V-001635,E-DEMO-KS-0180,2025-10-22,1
V-001636,E-DEMO-KS-0180,2025-11-18,1
V-001637,E-DEMO-KS-0180,2025-12-27,1
V-001638,E-DEMO-KS-0181,2025-03-29,1
V-001639,E-DEMO-KS-0181,2025-04-21,1
V-001640,E-DEMO-KS-0181,2025-05-07,1
V-001641,E-DEMO-KS-0181,2025-06-08,1
V-001642,E-DEMO-KS-0181,2025-07-20,1
V-001643,E-DEMO-KS-0181,2025-08-16,1
V-001644,E-DEMO-KS-0181,2025-09-25,1
V-001645,E-DEMO-KS-0181,2025-10-17,1
V-001646,E-DEMO-KS-0181,2025-11-29,1
V-001647,E-DEMO-KS-0181,2025-12-20,1
V-001648,E-DEMO-KS-0182,2023-11-22,1
V-001649,E-DEMO-KS-0182,2023-12-22,1
V-001650,E-DEMO-KS-0182,2024-02-20,1
V-001651,E-DEMO-KS-0182,2024-03-03,1
V-001652,E-DEMO-KS-0182,2024-05-17,1
V-001653,E-DEMO-KS-0182,2024-08-30,1
V-001654,E-DEMO-KS-0182,2024-09-23,1
V-001655,E-DEMO-KS-0182,2024-10-27,1
V-001656,E-DEMO-KS-0182,2024-11-12,1
V-001657,E-DEMO-KS-0182,2024-12-10,1
V-001658,E-DEMO-KS-0182,2025-02-09,1
V-001659,E-DEMO-KS-0182,2025-04-07,1
V-001660,E-DEMO-KS-0182,2025-05-26,1
V-001661,E-DEMO-KS-0182,2025-07-18,1
V-001662,E-DEMO-KS-0183,2024-03-19,1
V-001663,E-DEMO-KS-0183,2024-04-18,1
V-001664,E-DEMO-KS-0183,2024-05-12,1
V-001665,E-DEMO-KS-0183,2024-06-09,1
V-001666,E-DEMO-KS-0183,2024-07-08,1
V-001667,E-DEMO-KS-0183,2024-08-03,1
V-001668,E-DEMO-KS-0183,2024-09-11,1
V-001669,E-DEMO-KS-0183,2024-10-13,1
V-001670,E-DEMO-KS-0183,2024-11-03,1
V-001671,E-DEMO-KS-0183,2024-12-03,1
V-001672,E-DEMO-KS-0183,2025-01-15,1
V-001673,E-DEMO-KS-0183,2025-02-02,1
V-001674,E-DEMO-KS-0183,2025-04-14,1
V-001675,E-DEMO-KS-0183,2025-05-07,1
V-001676,E-DEMO-KS-0183,2025-06-24,1
V-001677,E-DEMO-KS-0183,2025-07-11,1
V-001678,E-DEMO-KS-0184,2024-04-20,1
V-001679,E-DEMO-KS-0184,2024-05-02,1
V-001680,E-DEMO-KS-0184,2024-06-09,1
V-001681,E-DEMO-KS-0184,2024-07-31,1
V-001682,E-DEMO-KS-0184,2024-08-26,1
V-001683,E-DEMO-KS-0184,2024-09-06,1
V-001684,E-DEMO-KS-0184,2024-11-21,1
V-001685,E-DEMO-KS-0184,2024-12-12,1
V-001686,E-DEMO-KS-0184,2025-01-03,1
V-001687,E-DEMO-KS-0184,2025-02-02,1
V-001688,E-DEMO-KS-0185,2024-10-18,1
V-001689,E-DEMO-KS-0185,2024-11-21,1
V-001690,E-DEMO-KS-0185,2024-12-26,1
V-001691,E-DEMO-KS-0185,2025-01-12,1
V-001692,E-DEMO-KS-0185,2025-03-28,1
V-001693,E-DEMO-KS-0185,2025-04-26,1
V-001694,E-DEMO-KS-0185,2025-05-04,1
V-001695,E-DEMO-KS-0185,2025-07-12,1
V-001696,E-DEMO-KS-0185,2025-08-06,1
V-001697,E-DEMO-KS-0185,2025-09-19,1
V-001698,E-DEMO-KS-0185,2025-11-29,1
V-001699,E-DEMO-KS-0185,2025-12-07,1
V-001700,E-DEMO-KS-0186,2025-07-31,1
V-001701,E-DEMO-KS-0186,2025-08-16,1
V-001702,E-DEMO-KS-0186,2025-10-21,1
V-001703,E-DEMO-KS-0186,2025-11-24,1
V-001704,E-DEMO-KS-0186,2025-12-11,1
V-001705,E-DEMO-KS-0187,2025-09-20,1
V-001706,E-DEMO-KS-0187,2025-10-30,1
V-001707,E-DEMO-KS-0187,2025-11-16,1
V-001708,E-DEMO-KS-0187,2025-12-30,1
V-001709,E-DEMO-KS-0188,2023-05-04,1
V-001710,E-DEMO-KS-0188,2023-06-12,1
V-001711,E-DEMO-KS-0188,2023-08-04,1
V-001712,E-DEMO-KS-0188,2023-09-08,1
V-001713,E-DEMO-KS-0188,2023-10-19,1
V-001714,E-DEMO-KS-0188,2024-01-31,1
V-001715,E-DEMO-KS-0188,2024-02-16,1
V-001716,E-DEMO-KS-0188,2024-03-03,1
V-001717,E-DEMO-KS-0188,2024-04-23,1
V-001718,E-DEMO-KS-0188,2024-05-16,1
V-001719,E-DEMO-KS-0188,2024-06-03,1
V-001720,E-DEMO-KS-0188,2024-07-29,1
V-001721,E-DEMO-KS-0188,2024-08-22,1
V-001722,E-DEMO-KS-0188,2024-09-24,1
V-001723,E-DEMO-KS-0188,2024-10-09,1
V-001724,E-DEMO-KS-0189,2025-07-15,1
V-001725,E-DEMO-KS-0189,2025-09-19,1
V-001726,E-DEMO-KS-0189,2025-10-15,1
V-001727,E-DEMO-KS-0189,2025-11-04,1
V-001728,E-DEMO-KS-0189,2025-12-04,1
V-001729,E-DEMO-KS-0190,2023-09-15,1
V-001730,E-DEMO-KS-0190,2023-10-24,1
V-001731,E-DEMO-KS-0190,2023-11-01,1
V-001732,E-DEMO-KS-0190,2023-12-12,1
V-001733,E-DEMO-KS-0190,2024-02-22,1
V-001734,E-DEMO-KS-0190,2024-03-09,1
V-001735,E-DEMO-KS-0190,2024-05-28,1
V-001736,E-DEMO-KS-0190,2024-06-12,1
V-001737,E-DEMO-KS-0190,2024-07-25,1
V-001738,E-DEMO-KS-0190,2024-08-20,1
V-001739,E-DEMO-KS-0190,2024-09-06,1
V-001740,E-DEMO-KS-0190,2024-10-23,1
V-001741,E-DEMO-KS-0190,2024-11-19,1
V-001742,E-DEMO-KS-0191,2024-05-24,1
V-001743,E-DEMO-KS-0191,2024-06-19,1
V-001744,E-DEMO-KS-0191,2024-07-01,1
V-001745,E-DEMO-KS-0191,2024-09-15,1
V-001746,E-DEMO-KS-0192,2024-03-27,1
V-001747,E-DEMO-KS-0192,2024-04-16,1
V-001748,E-DEMO-KS-0192,2024-05-30,1
V-001749,E-DEMO-KS-0192,2024-06-17,1
V-001750,E-DEMO-KS-0192,2024-07-15,1
V-001751,E-DEMO-KS-0192,2024-08-18,1
V-001752,E-DEMO-KS-0192,2024-09-01,1
V-001753,E-DEMO-KS-0193,2024-11-18,1
V-001754,E-DEMO-KS-0193,2025-01-05,1
V-001755,E-DEMO-KS-0193,2025-02-12,1
V-001756,E-DEMO-KS-0193,2025-03-19,1
V-001757,E-DEMO-KS-0193,2025-04-23,1
V-001758,E-DEMO-KS-0193,2025-06-16,1
V-001759,E-DEMO-KS-0194,2023-04-30,1
V-001760,E-DEMO-KS-0194,2023-05-15,1
V-001761,E-DEMO-KS-0194,2023-06-07,1
V-001762,E-DEMO-KS-0194,2023-07-27,1
V-001763,E-DEMO-KS-0195,2024-06-22,1
V-001764,E-DEMO-KS-0195,2024-07-02,1
V-001765,E-DEMO-KS-0195,2024-10-26,1
V-001766,E-DEMO-KS-0195,2024-11-12,1
V-001767,E-DEMO-KS-0195,2025-02-19,1
V-001768,E-DEMO-KS-0195,2025-03-16,1
V-001769,E-DEMO-KS-0195,2025-04-25,1
V-001770,E-DEMO-KS-0195,2025-06-14,1
V-001771,E-DEMO-KS-0195,2025-07-19,1
V-001772,E-DEMO-KS-0195,2025-08-17,1
V-001773,E-DEMO-KS-0196,2025-02-16,1
V-001774,E-DEMO-KS-0196,2025-03-15,1
V-001775,E-DEMO-KS-0196,2025-04-15,1
V-001776,E-DEMO-KS-0196,2025-05-22,1
V-001777,E-DEMO-KS-0196,2025-06-17,1
V-001778,E-DEMO-KS-0197,2024-08-28,1
V-001779,E-DEMO-KS-0197,2024-09-20,1
V-001780,E-DEMO-KS-0197,2024-10-01,1
V-001781,E-DEMO-KS-0197,2024-11-14,1
V-001782,E-DEMO-KS-0197,2025-01-15,1
V-001783,E-DEMO-KS-0197,2025-02-08,1
V-001784,E-DEMO-KS-0198,2023-11-24,1
V-001785,E-DEMO-KS-0198,2023-12-08,1
V-001786,E-DEMO-KS-0198,2024-02-19,1
V-001787,E-DEMO-KS-0198,2024-03-02,1
V-001788,E-DEMO-KS-0199,2024-01-06,1
V-001789,E-DEMO-KS-0199,2024-02-20,1
V-001790,E-DEMO-KS-0199,2024-03-02,1
V-001791,E-DEMO-KS-0199,2024-04-22,1
V-001792,E-DEMO-KS-0199,2024-06-15,1
V-001793,E-DEMO-KS-0199,2024-07-09,1
V-001794,E-DEMO-KS-0199,2024-08-13,1
V-001795,E-DEMO-KS-0199,2024-10-26,1
V-001796,E-DEMO-KS-0199,2024-11-04,1
V-001797,E-DEMO-KS-0199,2024-12-05,1
V-001798,E-DEMO-KS-0199,2025-01-28,1
V-001799,E-DEMO-KS-0199,2025-02-06,1
V-001800,E-DEMO-KS-0199,2025-03-28,1
V-001801,E-DEMO-KS-0199,2025-05-21,1
V-001802,E-DEMO-KS-0199,2025-06-03,1
V-001803,E-DEMO-KS-0199,2025-08-03,1
V-001804,E-DEMO-KS-0199,2025-09-03,1
V-001805,E-DEMO-KS-0200,2025-04-17,1
V-001806,E-DEMO-KS-0200,2025-05-09,1
V-001807,E-DEMO-KS-0200,2025-07-08,1
V-001808,E-DEMO-KS-0200,2025-08-12,1
V-001809,E-DEMO-KS-0200,2025-09-22,1
V-001810,E-DEMO-KS-0200,2025-10-07,1
V-001811,E-DEMO-KS-0200,2025-11-05,1
V-001812,E-DEMO-KS-0200,2025-12-10,1
V-001813,E-DEMO-KS-0201,2024-07-24,1
V-001814,E-DEMO-KS-0201,2024-09-24,1
V-001815,E-DEMO-KS-0201,2024-10-17,1
V-001816,E-DEMO-KS-0201,2024-12-22,1
V-001817,E-DEMO-KS-0201,2025-02-07,1
V-001818,E-DEMO-KS-0201,2025-03-29,1
V-001819,E-DEMO-KS-0201,2025-05-20,1
V-001820,E-DEMO-KS-0201,2025-06-26,1
V-001821,E-DEMO-KS-0201,2025-07-04,1
V-001822,E-DEMO-KS-0201,2025-08-17,1
V-001823,E-DEMO-KS-0201,2025-09-20,1
V-001824,E-DEMO-KS-0202,2023-02-11,1
V-001825,E-DEMO-KS-0202,2023-05-03,1
V-001826,E-DEMO-KS-0202,2023-06-11,1
V-001827,E-DEMO-KS-0202,2023-07-01,1
V-001828,E-DEMO-KS-0202,2023-08-25,1
V-001829,E-DEMO-KS-0203,2024-11-02,1
V-001830,E-DEMO-KS-0203,2024-12-27,1
V-001831,E-DEMO-KS-0204,2023-10-21,1
V-001832,E-DEMO-KS-0204,2023-11-19,1
V-001833,E-DEMO-KS-0204,2023-12-22,1
V-001834,E-DEMO-KS-0204,2024-01-14,1
V-001835,E-DEMO-KS-0205,2024-11-12,1
V-001836,E-DEMO-KS-0205,2024-12-05,1
V-001837,E-DEMO-KS-0206,2024-04-27,1
V-001838,E-DEMO-KS-0206,2024-05-04,1
V-001839,E-DEMO-KS-0206,2024-06-10,1
V-001840,E-DEMO-KS-0206,2024-08-19,1
V-001841,E-DEMO-KS-0206,2024-09-20,1
V-001842,E-DEMO-KS-0207,2023-03-14,1
V-001843,E-DEMO-KS-0207,2023-04-24,1
V-001844,E-DEMO-KS-0207,2023-05-15,1
V-001845,E-DEMO-KS-0207,2023-06-02,1
V-001846,E-DEMO-KS-0208,2024-01-25,1
V-001847,E-DEMO-KS-0208,2024-02-01,1
V-001848,E-DEMO-KS-0208,2024-03-02,1
V-001849,E-DEMO-KS-0208,2024-07-21,1
V-001850,E-DEMO-KS-0208,2024-08-06,1
V-001851,E-DEMO-KS-0208,2024-09-07,1
V-001852,E-DEMO-KS-0208,2024-10-21,1
V-001853,E-DEMO-KS-0208,2024-11-03,1
V-001854,E-DEMO-KS-0208,2024-12-15,1
V-001855,E-DEMO-KS-0208,2025-01-18,1
V-001856,E-DEMO-KS-0208,2025-02-04,1
V-001857,E-DEMO-KS-0209,2023-07-25,1
V-001858,E-DEMO-KS-0209,2023-08-08,1
V-001859,E-DEMO-KS-0209,2023-09-17,1
V-001860,E-DEMO-KS-0209,2023-10-04,1
V-001861,E-DEMO-KS-0209,2023-11-16,1
V-001862,E-DEMO-KS-0209,2023-12-24,1
V-001863,E-DEMO-KS-0209,2024-01-18,1
V-001864,E-DEMO-KS-0209,2024-04-30,1
V-001865,E-DEMO-KS-0209,2024-06-09,1
V-001866,E-DEMO-KS-0209,2024-07-27,1
V-001867,E-DEMO-KS-0209,2024-08-02,1
V-001868,E-DEMO-KS-0209,2024-09-09,1
V-001869,E-DEMO-KS-0209,2024-10-29,1
V-001870,E-DEMO-KS-0209,2024-11-15,1
V-001871,E-DEMO-KS-0210,2023-10-22,1
V-001872,E-DEMO-KS-0210,2023-11-12,1
V-001873,E-DEMO-KS-0210,2023-12-13,1
V-001874,E-DEMO-KS-0210,2024-01-20,1
V-001875,E-DEMO-KS-0210,2024-02-21,1
V-001876,E-DEMO-KS-0210,2024-03-18,1
V-001877,E-DEMO-KS-0211,2024-11-22,1
V-001878,E-DEMO-KS-0211,2024-12-09,1
V-001879,E-DEMO-KS-0211,2025-01-09,1
V-001880,E-DEMO-KS-0211,2025-02-01,1
V-001881,E-DEMO-KS-0212,2024-08-01,1
V-001882,E-DEMO-KS-0212,2024-09-30,1
V-001883,E-DEMO-KS-0212,2024-10-27,1
V-001884,E-DEMO-KS-0212,2024-11-07,1
V-001885,E-DEMO-KS-0213,2024-01-04,1
V-001886,E-DEMO-KS-0213,2024-03-18,1
V-001887,E-DEMO-KS-0213,2024-05-24,1
V-001888,E-DEMO-KS-0213,2024-06-28,1
V-001889,E-DEMO-KS-0213,2024-07-27,1
V-001890,E-DEMO-KS-0213,2024-08-29,1
V-001891,E-DEMO-KS-0213,2024-11-26,1
V-001892,E-DEMO-KS-0213,2025-01-19,1
V-001893,E-DEMO-KS-0213,2025-02-01,1
V-001894,E-DEMO-KS-0214,2024-09-13,1
V-001895,E-DEMO-KS-0214,2024-10-07,1
V-001896,E-DEMO-KS-0214,2024-11-25,1
V-001897,E-DEMO-KS-0214,2025-01-23,1
V-001898,E-DEMO-KS-0214,2025-02-10,1
V-001899,E-DEMO-KS-0214,2025-03-15,1
V-001900,E-DEMO-KS-0214,2025-04-18,1
V-001901,E-DEMO-KS-0214,2025-06-18,1
V-001902,E-DEMO-KS-0214,2025-07-20,1
V-001903,E-DEMO-KS-0214,2025-08-06,1
V-001904,E-DEMO-KS-0214,2025-09-30,1
V-001905,E-DEMO-KS-0214,2025-10-29,1
V-001906,E-DEMO-KS-0214,2025-11-02,1
V-001907,E-DEMO-KS-0214,2025-12-26,1
V-001908,E-DEMO-KS-0215,2023-07-26,1
V-001909,E-DEMO-KS-0215,2023-08-29,1
V-001910,E-DEMO-KS-0215,2023-09-29,1
V-001911,E-DEMO-KS-0215,2023-10-11,1
V-001912,E-DEMO-KS-0215,2023-11-23,1
V-001913,E-DEMO-KS-0215,2023-12-04,1
V-001914,E-DEMO-KS-0215,2024-02-15,1
V-001915,E-DEMO-KS-0215,2024-03-10,1
V-001916,E-DEMO-KS-0215,2024-04-18,1
V-001917,E-DEMO-KS-0215,2024-06-21,1
V-001918,E-DEMO-KS-0215,2024-07-02,1
V-001919,E-DEMO-KS-0216,2024-08-12,1
V-001920,E-DEMO-KS-0216,2024-09-14,1
V-001921,E-DEMO-KS-0216,2024-11-17,1
V-001922,E-DEMO-KS-0216,2024-12-21,1
V-001923,E-DEMO-KS-0216,2025-01-10,1
V-001924,E-DEMO-KS-0216,2025-02-09,1
V-001925,E-DEMO-KS-0216,2025-03-22,1
V-001926,E-DEMO-KS-0216,2025-05-20,1
V-001927,E-DEMO-KS-0217,2024-09-09,1
V-001928,E-DEMO-KS-0217,2024-11-19,1
V-001929,E-DEMO-KS-0217,2024-12-18,1
V-001930,E-DEMO-KS-0217,2025-01-30,1
V-001931,E-DEMO-KS-0217,2025-02-19,1
V-001932,E-DEMO-KS-0217,2025-03-13,1
V-001933,E-DEMO-KS-0217,2025-04-26,1
V-001934,E-DEMO-KS-0217,2025-06-01,1
V-001935,E-DEMO-KS-0217,2025-07-03,1
V-001936,E-DEMO-KS-0217,2025-09-20,1
V-001937,E-DEMO-KS-0217,2025-10-16,1
V-001938,E-DEMO-KS-0217,2025-11-21,1
V-001939,E-DEMO-KS-0217,2025-12-27,1
V-001940,E-DEMO-KS-0218,2024-02-03,1
V-001941,E-DEMO-KS-0218,2024-03-06,1
V-001942,E-DEMO-KS-0218,2024-04-28,1
V-001943,E-DEMO-KS-0218,2024-06-02,1
V-001944,E-DEMO-KS-0218,2024-08-10,1
V-001945,E-DEMO-KS-0218,2024-09-21,1
V-001946,E-DEMO-KS-0218,2024-10-07,1
V-001947,E-DEMO-KS-0218,2024-11-25,1
V-001948,E-DEMO-KS-0218,2024-12-02,1
V-001949,E-DEMO-KS-0218,2025-03-01,1
V-001950,E-DEMO-KS-0218,2025-04-01,1
V-001951,E-DEMO-KS-0218,2025-05-26,1
V-001952,E-DEMO-KS-0218,2025-06-03,1
V-001953,E-DEMO-KS-0218,2025-07-01,1
V-001954,E-DEMO-KS-0218,2025-08-23,1
V-001955,E-DEMO-KS-0218,2025-09-15,1
V-001956,E-DEMO-KS-0218,2025-10-19,1
V-001957,E-DEMO-KS-0218,2025-11-01,1
V-001958,E-DEMO-KS-0218,2025-12-19,1
V-001959,E-DEMO-KS-0219,2023-01-23,1
V-001960,E-DEMO-KS-0219,2023-02-07,1
V-001961,E-DEMO-KS-0219,2023-04-16,1
V-001962,E-DEMO-KS-0219,2023-05-18,1
V-001963,E-DEMO-KS-0219,2023-06-21,1
V-001964,E-DEMO-KS-0220,2025-05-21,1
V-001965,E-DEMO-KS-0220,2025-06-13,1
V-001966,E-DEMO-KS-0220,2025-07-19,1
V-001967,E-DEMO-KS-0220,2025-08-14,1
V-001968,E-DEMO-KS-0220,2025-10-25,1
V-001969,E-DEMO-KS-0220,2025-11-22,1
V-001970,E-DEMO-KS-0220,2025-12-06,1
V-001971,E-DEMO-KS-0221,2024-01-12,1
V-001972,E-DEMO-KS-0221,2024-02-15,1
V-001973,E-DEMO-KS-0221,2024-03-30,1
V-001974,E-DEMO-KS-0221,2024-04-21,1
V-001975,E-DEMO-KS-0221,2024-06-13,1
V-001976,E-DEMO-KS-0221,2024-07-31,1
V-001977,E-DEMO-KS-0221,2024-08-01,1
V-001978,E-DEMO-KS-0221,2024-09-20,1
V-001979,E-DEMO-KS-0221,2024-10-15,1
V-001980,E-DEMO-KS-0221,2024-11-28,1
V-001981,E-DEMO-KS-0222,2025-09-07,1
V-001982,E-DEMO-KS-0222,2025-10-16,1
V-001983,E-DEMO-KS-0222,2025-11-25,1
V-001984,E-DEMO-KS-0222,2025-12-21,1
V-001985,E-DEMO-KS-0223,2025-04-22,1
V-001986,E-DEMO-KS-0223,2025-06-22,1
V-001987,E-DEMO-KS-0223,2025-07-28,1
V-001988,E-DEMO-KS-0223,2025-08-03,1
V-001989,E-DEMO-KS-0223,2025-09-07,1
V-001990,E-DEMO-KS-0223,2025-11-30,1
V-001991,E-DEMO-KS-0223,2025-12-05,1
V-001992,E-DEMO-KS-0224,2023-07-26,1
V-001993,E-DEMO-KS-0224,2023-08-14,1
V-001994,E-DEMO-KS-0224,2023-10-28,1
V-001995,E-DEMO-KS-0224,2023-11-23,1
V-001996,E-DEMO-KS-0224,2023-12-26,1
V-001997,E-DEMO-KS-0224,2024-01-23,1
V-001998,E-DEMO-KS-0224,2024-03-28,1
V-001999,E-DEMO-KS-0224,2024-04-03,1
V-002000,E-DEMO-KS-0224,2024-05-25,1
V-002001,E-DEMO-KS-0224,2024-06-11,1
V-002002,E-DEMO-KS-0224,2024-09-30,1
V-002003,E-DEMO-KS-0224,2024-10-30,1
V-002004,E-DEMO-KS-0224,2024-11-21,1
V-002005,E-DEMO-KS-0225,2023-10-23,1
V-002006,E-DEMO-KS-0225,2023-11-19,1
V-002007,E-DEMO-KS-0225,2024-01-25,1
V-002008,E-DEMO-KS-0225,2024-02-17,1
V-002009,E-DEMO-KS-0225,2024-03-05,1
V-002010,E-DEMO-KS-0225,2024-05-21,1
V-002011,E-DEMO-KS-0225,2024-06-02,1
V-002012,E-DEMO-KS-0225,2024-07-30,1
V-002013,E-DEMO-KS-0225,2024-08-23,1
V-002014,E-DEMO-KS-0225,2024-09-09,1
V-002015,E-DEMO-KS-0225,2024-10-26,1
V-002016,E-DEMO-KS-0225,2024-12-09,1
V-002017,E-DEMO-KS-0225,2025-01-29,1
V-002018,E-DEMO-KS-0225,2025-02-21,1
V-002019,E-DEMO-KS-0225,2025-03-13,1
V-002020,E-DEMO-KS-0225,2025-05-29,1
V-002021,E-DEMO-KS-0225,2025-06-07,1
V-002022,E-DEMO-KS-0225,2025-07-20,1
V-002023,E-DEMO-KS-0226,2024-04-23,1
V-002024,E-DEMO-KS-0226,2024-05-19,1
V-002025,E-DEMO-KS-0226,2024-06-09,1
V-002026,E-DEMO-KS-0227,2024-08-21,1
V-002027,E-DEMO-KS-0227,2024-09-13,1
V-002028,E-DEMO-KS-0227,2024-10-22,1
V-002029,E-DEMO-KS-0227,2024-11-15,1
V-002030,E-DEMO-KS-0227,2024-12-24,1
V-002031,E-DEMO-KS-0227,2025-01-19,1
V-002032,E-DEMO-KS-0228,2024-02-28,1
V-002033,E-DEMO-KS-0228,2024-03-02,1
V-002034,E-DEMO-KS-0228,2024-04-04,1
V-002035,E-DEMO-KS-0228,2024-05-01,1
V-002036,E-DEMO-KS-0228,2024-07-15,1
V-002037,E-DEMO-KS-0228,2024-09-15,1
V-002038,E-DEMO-KS-0228,2024-10-30,1
V-002039,E-DEMO-KS-0228,2024-11-28,1
V-002040,E-DEMO-KS-0228,2024-12-13,1
V-002041,E-DEMO-KS-0229,2024-08-26,1
V-002042,E-DEMO-KS-0229,2024-09-01,1
V-002043,E-DEMO-KS-0229,2024-10-16,1
V-002044,E-DEMO-KS-0229,2024-12-05,1
V-002045,E-DEMO-KS-0229,2025-01-02,1
V-002046,E-DEMO-KS-0229,2025-03-12,1
V-002047,E-DEMO-KS-0229,2025-04-30,1
V-002048,E-DEMO-KS-0229,2025-05-08,1
V-002049,E-DEMO-KS-0229,2025-06-18,1
V-002050,E-DEMO-KS-0229,2025-07-11,1
V-002051,E-DEMO-KS-0229,2025-08-31,1
V-002052,E-DEMO-KS-0229,2025-09-25,1
V-002053,E-DEMO-KS-0229,2025-10-01,1
V-002054,E-DEMO-KS-0229,2025-11-19,1
V-002055,E-DEMO-KS-0229,2025-12-13,1
V-002056,E-DEMO-KS-0230,2023-05-09,1
V-002057,E-DEMO-KS-0230,2023-07-05,1
V-002058,E-DEMO-KS-0230,2023-08-20,1
V-002059,E-DEMO-KS-0230,2023-09-05,1
V-002060,E-DEMO-KS-0230,2023-11-13,1
V-002061,E-DEMO-KS-0230,2023-12-02,1
V-002062,E-DEMO-KS-0230,2024-01-07,1
V-002063,E-DEMO-KS-0230,2024-02-07,1
V-002064,E-DEMO-KS-0230,2024-04-15,1
V-002065,E-DEMO-KS-0230,2024-06-10,1
V-002066,E-DEMO-KS-0230,2024-09-01,1
V-002067,E-DEMO-KS-0230,2024-10-07,1
V-002068,E-DEMO-KS-0230,2024-11-28,1
V-002069,E-DEMO-KS-0231,2023-11-20,1
V-002070,E-DEMO-KS-0231,2024-01-28,1
V-002071,E-DEMO-KS-0231,2024-02-07,1
V-002072,E-DEMO-KS-0231,2024-03-25,1
V-002073,E-DEMO-KS-0231,2024-04-13,1
V-002074,E-DEMO-KS-0232,2025-01-27,1
V-002075,E-DEMO-KS-0232,2025-02-10,1
V-002076,E-DEMO-KS-0232,2025-03-28,1
V-002077,E-DEMO-KS-0232,2025-04-27,1
V-002078,E-DEMO-KS-0232,2025-05-29,1
V-002079,E-DEMO-KS-0232,2025-06-19,1
V-002080,E-DEMO-KS-0232,2025-07-04,1
V-002081,E-DEMO-KS-0232,2025-09-06,1
V-002082,E-DEMO-KS-0232,2025-11-18,1
V-002083,E-DEMO-KS-0232,2025-12-16,1
V-002084,E-DEMO-KS-0233,2024-09-09,1
V-002085,E-DEMO-KS-0233,2024-10-28,1
V-002086,E-DEMO-KS-0233,2024-11-18,1
V-002087,E-DEMO-KS-0233,2024-12-19,1
V-002088,E-DEMO-KS-0233,2025-01-10,1
V-002089,E-DEMO-KS-0233,2025-02-01,1
V-002090,E-DEMO-KS-0233,2025-03-17,1
V-002091,E-DEMO-KS-0233,2025-04-19,1
V-002092,E-DEMO-KS-0233,2025-05-03,1
V-002093,E-DEMO-KS-0234,2024-03-06,1
V-002094,E-DEMO-KS-0234,2024-06-05,1
V-002095,E-DEMO-KS-0234,2024-07-26,1
V-002096,E-DEMO-KS-0234,2024-08-27,1
V-002097,E-DEMO-KS-0234,2024-09-21,1
V-002098,E-DEMO-KS-0234,2024-10-12,1
V-002099,E-DEMO-KS-0234,2024-11-20,1
V-002100,E-DEMO-KS-0235,2023-03-06,1
V-002101,E-DEMO-KS-0235,2023-06-28,1
V-002102,E-DEMO-KS-0235,2023-07-23,1
V-002103,E-DEMO-KS-0235,2023-08-14,1
V-002104,E-DEMO-KS-0235,2023-10-25,1
V-002105,E-DEMO-KS-0235,2023-11-08,1
V-002106,E-DEMO-KS-0235,2023-12-15,1
V-002107,E-DEMO-KS-0235,2024-02-05,1
V-002108,E-DEMO-KS-0235,2024-03-10,1
V-002109,E-DEMO-KS-0235,2024-04-08,1
V-002110,E-DEMO-KS-0235,2024-05-24,1
V-002111,E-DEMO-KS-0235,2024-06-09,1
V-002112,E-DEMO-KS-0235,2024-07-09,1
V-002113,E-DEMO-KS-0235,2024-08-20,1
V-002114,E-DEMO-KS-0235,2024-09-05,1
V-002115,E-DEMO-KS-0235,2024-10-22,1
V-002116,E-DEMO-KS-0235,2024-12-28,1
V-002117,E-DEMO-KS-0236,2024-03-30,1
V-002118,E-DEMO-KS-0236,2024-04-28,1
V-002119,E-DEMO-KS-0236,2024-05-03,1
V-002120,E-DEMO-KS-0236,2024-07-26,1
V-002121,E-DEMO-KS-0236,2024-10-25,1
V-002122,E-DEMO-KS-0236,2024-11-16,1
V-002123,E-DEMO-KS-0236,2025-01-16,1
V-002124,E-DEMO-KS-0236,2025-03-29,1
V-002125,E-DEMO-KS-0236,2025-04-22,1
V-002126,E-DEMO-KS-0236,2025-05-01,1
V-002127,E-DEMO-KS-0236,2025-06-10,1
V-002128,E-DEMO-KS-0236,2025-07-12,1
V-002129,E-DEMO-KS-0236,2025-08-12,1
V-002130,E-DEMO-KS-0236,2025-09-09,1
V-002131,E-DEMO-KS-0236,2025-10-02,1
V-002132,E-DEMO-KS-0236,2025-11-23,1
V-002133,E-DEMO-KS-0236,2025-12-28,1
V-002134,E-DEMO-KS-0237,2024-07-23,1
V-002135,E-DEMO-KS-0237,2024-08-03,1
V-002136,E-DEMO-KS-0237,2024-09-23,1
V-002137,E-DEMO-KS-0237,2024-11-09,1
V-002138,E-DEMO-KS-0237,2024-12-21,1
V-002139,E-DEMO-KS-0237,2025-02-15,1
V-002140,E-DEMO-KS-0237,2025-03-28,1
V-002141,E-DEMO-KS-0238,2024-09-28,1
V-002142,E-DEMO-KS-0238,2024-10-25,1
V-002143,E-DEMO-KS-0238,2025-01-21,1
V-002144,E-DEMO-KS-0238,2025-02-09,1
V-002145,E-DEMO-KS-0239,2023-03-29,1
V-002146,E-DEMO-KS-0240,2023-12-06,1
V-002147,E-DEMO-KS-0240,2024-01-14,1
V-002148,E-DEMO-KS-0240,2024-02-26,1
V-002149,E-DEMO-KS-0240,2024-05-15,1
V-002150,E-DEMO-KS-0240,2024-06-28,1
V-002151,E-DEMO-KS-0240,2024-08-06,1
V-002152,E-DEMO-KS-0240,2024-09-28,1
V-002153,E-DEMO-KS-0240,2024-10-02,1
V-002154,E-DEMO-KS-0240,2024-12-24,1
V-002155,E-DEMO-KS-0240,2025-01-15,1
V-002156,E-DEMO-KS-0240,2025-02-10,1
V-002157,E-DEMO-KS-0241,2023-05-29,1
V-002158,E-DEMO-KS-0241,2023-07-15,1
V-002159,E-DEMO-KS-0241,2023-09-20,1
V-002160,E-DEMO-KS-0241,2023-10-08,1
V-002161,E-DEMO-KS-0241,2023-11-09,1
V-002162,E-DEMO-KS-0241,2023-12-14,1
V-002163,E-DEMO-KS-0241,2024-01-11,1
V-002164,E-DEMO-KS-0241,2024-02-21,1
V-002165,E-DEMO-KS-0241,2024-03-11,1
V-002166,E-DEMO-KS-0241,2024-04-27,1
V-002167,E-DEMO-KS-0241,2024-05-20,1
V-002168,E-DEMO-KS-0241,2024-06-27,1
V-002169,E-DEMO-KS-0241,2024-08-09,1
V-002170,E-DEMO-KS-0241,2024-09-28,1
V-002171,E-DEMO-KS-0241,2024-12-07,1
V-002172,E-DEMO-KS-0241,2025-01-24,1
V-002173,E-DEMO-KS-0241,2025-02-25,1
V-002174,E-DEMO-KS-0241,2025-03-30,1
V-002175,E-DEMO-KS-0242,2023-07-27,1
V-002176,E-DEMO-KS-0242,2023-08-27,1
V-002177,E-DEMO-KS-0242,2023-09-17,1
V-002178,E-DEMO-KS-0242,2023-11-26,1
V-002179,E-DEMO-KS-0242,2023-12-14,1
V-002180,E-DEMO-KS-0242,2024-01-29,1
V-002181,E-DEMO-KS-0242,2024-02-23,1
V-002182,E-DEMO-KS-0242,2024-03-20,1
V-002183,E-DEMO-KS-0242,2024-04-15,1
V-002184,E-DEMO-KS-0242,2024-05-25,1
V-002185,E-DEMO-KS-0242,2024-06-19,1
V-002186,E-DEMO-KS-0242,2024-08-17,1
V-002187,E-DEMO-KS-0242,2024-09-28,1
V-002188,E-DEMO-KS-0242,2024-10-31,1
V-002189,E-DEMO-KS-0242,2024-11-11,1
V-002190,E-DEMO-KS-0242,2024-12-17,1
V-002191,E-DEMO-KS-0242,2025-01-26,1
V-002192,E-DEMO-KS-0242,2025-02-27,1
V-002193,E-DEMO-KS-0242,2025-03-25,1
V-002194,E-DEMO-KS-0242,2025-04-01,1
V-002195,E-DEMO-KS-0242,2025-05-03,1
V-002196,E-DEMO-KS-0242,2025-06-15,1
V-002197,E-DEMO-KS-0242,2025-07-27,1
V-002198,E-DEMO-KS-0242,2025-08-18,1
V-002199,E-DEMO-KS-0242,2025-09-09,1
V-002200,E-DEMO-KS-0243,2025-04-27,1
V-002201,E-DEMO-KS-0243,2025-06-26,1
V-002202,E-DEMO-KS-0243,2025-07-13,1
V-002203,E-DEMO-KS-0243,2025-08-21,1
V-002204,E-DEMO-KS-0243,2025-09-06,1
V-002205,E-DEMO-KS-0243,2025-11-25,1
V-002206,E-DEMO-KS-0243,2025-12-17,1
V-002207,E-DEMO-KS-0244,2024-06-02,1
V-002208,E-DEMO-KS-0244,2024-07-01,1
V-002209,E-DEMO-KS-0245,2023-09-07,1
V-002210,E-DEMO-KS-0246,2025-03-28,1
V-002211,E-DEMO-KS-0246,2025-05-03,1
V-002212,E-DEMO-KS-0246,2025-06-06,1
V-002213,E-DEMO-KS-0246,2025-07-02,1
V-002214,E-DEMO-KS-0246,2025-08-23,1
V-002215,E-DEMO-KS-0246,2025-09-22,1
V-002216,E-DEMO-KS-0246,2025-10-07,1
V-002217,E-DEMO-KS-0246,2025-11-19,1
V-002218,E-DEMO-KS-0246,2025-12-07,1
V-002219,E-DEMO-KS-0247,2024-04-20,1
V-002220,E-DEMO-KS-0247,2024-06-19,1
V-002221,E-DEMO-KS-0247,2024-07-15,1
V-002222,E-DEMO-KS-0247,2024-08-23,1
V-002223,E-DEMO-KS-0247,2024-09-30,1
V-002224,E-DEMO-KS-0247,2024-10-17,1
V-002225,E-DEMO-KS-0247,2024-11-28,1
V-002226,E-DEMO-KS-0247,2024-12-06,1
V-002227,E-DEMO-KS-0247,2025-01-06,1
V-002228,E-DEMO-KS-0247,2025-02-25,1
V-002229,E-DEMO-KS-0247,2025-03-25,1
V-002230,E-DEMO-KS-0247,2025-04-27,1
V-002231,E-DEMO-KS-0247,2025-05-16,1
V-002232,E-DEMO-KS-0247,2025-06-01,1
V-002233,E-DEMO-KS-0247,2025-08-31,1
V-002234,E-DEMO-KS-0247,2025-09-14,1
V-002235,E-DEMO-KS-0247,2025-10-07,1
V-002236,E-DEMO-KS-0247,2025-11-01,1
V-002237,E-DEMO-KS-0247,2025-12-17,1
V-002238,E-DEMO-KS-0248,2025-01-20,1
V-002239,E-DEMO-KS-0248,2025-03-27,1
V-002240,E-DEMO-KS-0248,2025-04-06,1
V-002241,E-DEMO-KS-0248,2025-05-14,1
V-002242,E-DEMO-KS-0248,2025-10-20,1
V-002243,E-DEMO-KS-0249,2023-03-26,1
V-002244,E-DEMO-KS-0249,2023-04-18,1
V-002245,E-DEMO-KS-0249,2023-05-04,1
V-002246,E-DEMO-KS-0249,2023-07-24,1
V-002247,E-DEMO-KS-0249,2023-08-20,1
V-002248,E-DEMO-KS-0249,2023-09-18,1
V-002249,E-DEMO-KS-0250,2024-08-18,1
V-002250,E-DEMO-KS-0250,2024-09-25,1
V-002251,E-DEMO-KS-0250,2024-11-18,1
V-002252,E-DEMO-KS-0250,2025-01-04,1
V-002253,E-DEMO-KS-0250,2025-03-06,1
V-002254,E-DEMO-KS-0250,2025-04-07,1
V-002255,E-DEMO-KS-0251,2024-07-22,1
V-002256,E-DEMO-KS-0251,2024-08-29,1
V-002257,E-DEMO-KS-0251,2024-10-05,1
V-002258,E-DEMO-KS-0251,2024-11-24,1
V-002259,E-DEMO-KS-0251,2024-12-18,1
V-002260,E-DEMO-KS-0251,2025-02-09,1
V-002261,E-DEMO-KS-0251,2025-03-27,1
V-002262,E-DEMO-KS-0251,2025-04-04,1
V-002263,E-DEMO-KS-0251,2025-05-30,1
V-002264,E-DEMO-KS-0251,2025-06-04,1
V-002265,E-DEMO-KS-0251,2025-08-14,1
V-002266,E-DEMO-KS-0252,2023-03-23,1
V-002267,E-DEMO-KS-0252,2023-04-29,1
V-002268,E-DEMO-KS-0252,2023-05-11,1
V-002269,E-DEMO-KS-0252,2023-06-11,1
V-002270,E-DEMO-KS-0252,2023-07-24,1
V-002271,E-DEMO-KS-0252,2023-09-10,1
V-002272,E-DEMO-KS-0252,2023-10-03,1
V-002273,E-DEMO-KS-0252,2023-11-09,1
V-002274,E-DEMO-KS-0252,2023-12-20,1
V-002275,E-DEMO-KS-0252,2024-01-20,1
V-002276,E-DEMO-KS-0252,2024-02-15,1
V-002277,E-DEMO-KS-0252,2024-03-24,1
V-002278,E-DEMO-KS-0252,2024-04-12,1
V-002279,E-DEMO-KS-0252,2024-05-24,1
V-002280,E-DEMO-KS-0252,2024-07-05,1
V-002281,E-DEMO-KS-0252,2024-09-29,1
V-002282,E-DEMO-KS-0252,2024-10-24,1
V-002283,E-DEMO-KS-0252,2024-11-06,1
V-002284,E-DEMO-KS-0252,2024-12-24,1
V-002285,E-DEMO-KS-0252,2025-01-11,1
V-002286,E-DEMO-KS-0252,2025-02-06,1
V-002287,E-DEMO-KS-0252,2025-04-21,1
V-002288,E-DEMO-KS-0252,2025-05-21,1
V-002289,E-DEMO-KS-0252,2025-06-07,1
V-002290,E-DEMO-KS-0253,2025-07-26,1
V-002291,E-DEMO-KS-0253,2025-08-17,1
V-002292,E-DEMO-KS-0253,2025-09-04,1
V-002293,E-DEMO-KS-0253,2025-10-08,1
V-002294,E-DEMO-KS-0253,2025-11-19,1
V-002295,E-DEMO-KS-0253,2025-12-25,1
V-002296,E-DEMO-KS-0254,2024-08-31,1
V-002297,E-DEMO-KS-0254,2024-09-30,1
V-002298,E-DEMO-KS-0254,2024-10-14,1
V-002299,E-DEMO-KS-0254,2024-12-16,1
V-002300,E-DEMO-KS-0254,2025-01-01,1
V-002301,E-DEMO-KS-0254,2025-02-15,1
V-002302,E-DEMO-KS-0254,2025-03-13,1
V-002303,E-DEMO-KS-0254,2025-04-19,1
V-002304,E-DEMO-KS-0254,2025-05-02,1
V-002305,E-DEMO-KS-0254,2025-06-24,1
V-002306,E-DEMO-KS-0254,2025-07-07,1
V-002307,E-DEMO-KS-0254,2025-08-20,1
V-002308,E-DEMO-KS-0254,2025-09-05,1
V-002309,E-DEMO-KS-0254,2025-10-12,1
V-002310,E-DEMO-KS-0254,2025-11-21,1
V-002311,E-DEMO-KS-0254,2025-12-04,1
V-002312,E-DEMO-KS-0255,2023-05-19,1
V-002313,E-DEMO-KS-0255,2023-06-26,1
V-002314,E-DEMO-KS-0255,2023-08-18,1
V-002315,E-DEMO-KS-0255,2023-09-14,1
V-002316,E-DEMO-KS-0255,2023-10-31,1
V-002317,E-DEMO-KS-0255,2023-12-13,1
V-002318,E-DEMO-KS-0256,2024-03-10,1
V-002319,E-DEMO-KS-0256,2024-05-20,1
V-002320,E-DEMO-KS-0256,2024-06-04,1
V-002321,E-DEMO-KS-0256,2024-07-27,1
V-002322,E-DEMO-KS-0256,2024-08-26,1
V-002323,E-DEMO-KS-0256,2024-09-06,1
V-002324,E-DEMO-KS-0256,2024-10-04,1
V-002325,E-DEMO-KS-0256,2024-11-02,1
V-002326,E-DEMO-KS-0256,2024-12-08,1
V-002327,E-DEMO-KS-0256,2025-01-09,1
V-002328,E-DEMO-KS-0256,2025-02-27,1
V-002329,E-DEMO-KS-0256,2025-03-26,1
V-002330,E-DEMO-KS-0256,2025-04-20,1
V-002331,E-DEMO-KS-0256,2025-05-20,1
V-002332,E-DEMO-KS-0256,2025-06-10,1
V-002333,E-DEMO-KS-0256,2025-07-07,1
V-002334,E-DEMO-KS-0256,2025-08-12,1
V-002335,E-DEMO-KS-0256,2025-09-18,1
V-002336,E-DEMO-KS-0256,2025-11-05,1
V-002337,E-DEMO-KS-0257,2023-01-28,1
V-002338,E-DEMO-KS-0257,2023-02-12,1
V-002339,E-DEMO-KS-0257,2023-03-18,1
V-002340,E-DEMO-KS-0257,2023-05-03,1
V-002341,E-DEMO-KS-0257,2023-06-28,1
V-002342,E-DEMO-KS-0257,2023-07-23,1
V-002343,E-DEMO-KS-0257,2023-08-06,1
V-002344,E-DEMO-KS-0257,2023-10-16,1
V-002345,E-DEMO-KS-0257,2023-11-15,1
V-002346,E-DEMO-KS-0257,2023-12-18,1
V-002347,E-DEMO-KS-0258,2023-10-29,1
V-002348,E-DEMO-KS-0258,2023-11-22,1
V-002349,E-DEMO-KS-0258,2023-12-29,1
V-002350,E-DEMO-KS-0258,2024-01-04,1
V-002351,E-DEMO-KS-0258,2024-02-07,1
V-002352,E-DEMO-KS-0258,2024-03-04,1
V-002353,E-DEMO-KS-0258,2024-04-13,1
V-002354,E-DEMO-KS-0258,2024-05-24,1
V-002355,E-DEMO-KS-0258,2024-06-25,1
V-002356,E-DEMO-KS-0258,2024-07-23,1
V-002357,E-DEMO-KS-0258,2024-08-10,1
V-002358,E-DEMO-KS-0258,2024-09-27,1
V-002359,E-DEMO-KS-0258,2024-10-18,1
V-002360,E-DEMO-KS-0258,2024-12-30,1
V-002361,E-DEMO-KS-0259,2023-06-18,1
V-002362,E-DEMO-KS-0260,2024-08-28,1
V-002363,E-DEMO-KS-0260,2024-09-20,1
V-002364,E-DEMO-KS-0260,2024-10-07,1
V-002365,E-DEMO-KS-0260,2024-11-29,1
V-002366,E-DEMO-KS-0260,2025-01-23,1
V-002367,E-DEMO-KS-0260,2025-03-12,1
V-002368,E-DEMO-KS-0260,2025-04-21,1
V-002369,E-DEMO-KS-0260,2025-05-05,1
V-002370,E-DEMO-KS-0260,2025-06-19,1
V-002371,E-DEMO-KS-0261,2025-06-01,1
V-002372,E-DEMO-KS-0261,2025-07-19,1
V-002373,E-DEMO-KS-0261,2025-08-18,1
V-002374,E-DEMO-KS-0261,2025-09-13,1
V-002375,E-DEMO-KS-0261,2025-10-13,1
V-002376,E-DEMO-KS-0261,2025-11-17,1
V-002377,E-DEMO-KS-0261,2025-12-07,1
V-002378,E-DEMO-KS-0262,2025-05-19,1
V-002379,E-DEMO-KS-0262,2025-06-05,1
V-002380,E-DEMO-KS-0262,2025-07-31,1
V-002381,E-DEMO-KS-0262,2025-08-31,1
V-002382,E-DEMO-KS-0262,2025-09-10,1
V-002383,E-DEMO-KS-0263,2023-09-26,1
V-002384,E-DEMO-KS-0263,2023-10-08,1
V-002385,E-DEMO-KS-0263,2023-12-19,1
V-002386,E-DEMO-KS-0263,2024-01-31,1
V-002387,E-DEMO-KS-0263,2024-02-21,1
V-002388,E-DEMO-KS-0263,2024-03-11,1
V-002389,E-DEMO-KS-0263,2024-08-20,1
V-002390,E-DEMO-KS-0263,2024-09-21,1
V-002391,E-DEMO-KS-0263,2024-10-28,1
V-002392,E-DEMO-KS-0263,2024-11-26,1
V-002393,E-DEMO-KS-0263,2024-12-07,1
V-002394,E-DEMO-KS-0263,2025-01-12,1
V-002395,E-DEMO-KS-0263,2025-02-10,1
V-002396,E-DEMO-KS-0263,2025-04-15,1
V-002397,E-DEMO-KS-0263,2025-05-06,1
V-002398,E-DEMO-KS-0263,2025-06-16,1
V-002399,E-DEMO-KS-0263,2025-07-08,1
V-002400,E-DEMO-KS-0263,2025-08-09,1
V-002401,E-DEMO-KS-0263,2025-09-24,1
V-002402,E-DEMO-KS-0263,2025-10-18,1
V-002403,E-DEMO-KS-0263,2025-12-25,1
V-002404,E-DEMO-KS-0264,2023-12-25,1
V-002405,E-DEMO-KS-0264,2024-01-22,1
V-002406,E-DEMO-KS-0264,2024-03-06,1
V-002407,E-DEMO-KS-0264,2024-05-31,1
V-002408,E-DEMO-KS-0264,2024-06-27,1
V-002409,E-DEMO-KS-0264,2024-07-03,1
V-002410,E-DEMO-KS-0264,2024-08-01,1
V-002411,E-DEMO-KS-0264,2024-09-28,1
V-002412,E-DEMO-KS-0264,2024-10-26,1
V-002413,E-DEMO-KS-0264,2024-12-07,1
V-002414,E-DEMO-KS-0264,2025-01-31,1
V-002415,E-DEMO-KS-0264,2025-02-03,1
V-002416,E-DEMO-KS-0265,2023-10-20,1
V-002417,E-DEMO-KS-0265,2023-11-17,1
V-002418,E-DEMO-KS-0265,2023-12-03,1
V-002419,E-DEMO-KS-0265,2024-01-07,1
V-002420,E-DEMO-KS-0265,2024-02-10,1
V-002421,E-DEMO-KS-0265,2024-03-02,1
V-002422,E-DEMO-KS-0265,2024-04-05,1
V-002423,E-DEMO-KS-0265,2024-05-05,1
V-002424,E-DEMO-KS-0265,2024-07-27,1
V-002425,E-DEMO-KS-0265,2024-10-03,1
V-002426,E-DEMO-KS-0265,2024-11-23,1
V-002427,E-DEMO-KS-0265,2024-12-29,1
V-002428,E-DEMO-KS-0265,2025-02-15,1
V-002429,E-DEMO-KS-0265,2025-03-25,1
V-002430,E-DEMO-KS-0265,2025-04-18,1
V-002431,E-DEMO-KS-0265,2025-05-20,1
V-002432,E-DEMO-KS-0265,2025-06-07,1
V-002433,E-DEMO-KS-0265,2025-07-07,1
V-002434,E-DEMO-KS-0265,2025-08-24,1
V-002435,E-DEMO-KS-0265,2025-09-09,1
V-002436,E-DEMO-KS-0266,2025-08-26,1
V-002437,E-DEMO-KS-0266,2025-09-16,1
V-002438,E-DEMO-KS-0266,2025-10-19,1
V-002439,E-DEMO-KS-0266,2025-11-21,1
V-002440,E-DEMO-KS-0266,2025-12-13,1
V-002441,E-DEMO-KS-0267,2025-07-26,1
V-002442,E-DEMO-KS-0267,2025-08-13,1
V-002443,E-DEMO-KS-0267,2025-09-15,1
V-002444,E-DEMO-KS-0268,2023-12-14,1
V-002445,E-DEMO-KS-0268,2024-04-30,1
V-002446,E-DEMO-KS-0268,2024-05-19,1
V-002447,E-DEMO-KS-0268,2024-06-01,1
V-002448,E-DEMO-KS-0268,2024-07-14,1
V-002449,E-DEMO-KS-0268,2024-08-03,1
V-002450,E-DEMO-KS-0268,2024-10-02,1
V-002451,E-DEMO-KS-0268,2024-11-26,1
V-002452,E-DEMO-KS-0268,2024-12-07,1
V-002453,E-DEMO-KS-0269,2023-03-23,1
V-002454,E-DEMO-KS-0269,2023-05-18,1
V-002455,E-DEMO-KS-0269,2023-08-01,1
V-002456,E-DEMO-KS-0269,2023-09-02,1
V-002457,E-DEMO-KS-0269,2023-10-12,1
V-002458,E-DEMO-KS-0269,2023-12-14,1
V-002459,E-DEMO-KS-0269,2024-01-30,1
V-002460,E-DEMO-KS-0269,2024-02-10,1
V-002461,E-DEMO-KS-0269,2024-03-30,1
V-002462,E-DEMO-KS-0269,2024-04-09,1
V-002463,E-DEMO-KS-0269,2024-05-12,1
V-002464,E-DEMO-KS-0269,2024-06-06,1
V-002465,E-DEMO-KS-0269,2024-07-08,1
V-002466,E-DEMO-KS-0269,2024-09-16,1
V-002467,E-DEMO-KS-0269,2024-10-15,1
V-002468,E-DEMO-KS-0270,2024-02-09,1
V-002469,E-DEMO-KS-0270,2024-03-14,1
V-002470,E-DEMO-KS-0270,2024-04-05,1
V-002471,E-DEMO-KS-0270,2024-07-24,1
V-002472,E-DEMO-KS-0270,2024-09-17,1
V-002473,E-DEMO-KS-0270,2024-10-13,1
V-002474,E-DEMO-KS-0271,2023-09-04,1
V-002475,E-DEMO-KS-0271,2023-12-26,1
V-002476,E-DEMO-KS-0271,2024-01-03,1
V-002477,E-DEMO-KS-0271,2024-03-03,1
V-002478,E-DEMO-KS-0271,2024-05-31,1
V-002479,E-DEMO-KS-0271,2024-06-16,1
V-002480,E-DEMO-KS-0271,2024-07-13,1
V-002481,E-DEMO-KS-0271,2024-08-12,1
V-002482,E-DEMO-KS-0271,2024-10-12,1
V-002483,E-DEMO-KS-0271,2024-11-26,1
V-002484,E-DEMO-KS-0271,2024-12-05,1
V-002485,E-DEMO-KS-0271,2025-02-11,1
V-002486,E-DEMO-KS-0272,2024-07-16,1
V-002487,E-DEMO-KS-0272,2024-08-22,1
V-002488,E-DEMO-KS-0272,2024-10-25,1
V-002489,E-DEMO-KS-0272,2024-11-13,1
V-002490,E-DEMO-KS-0273,2025-04-18,1
V-002491,E-DEMO-KS-0273,2025-05-28,1
V-002492,E-DEMO-KS-0273,2025-06-14,1
V-002493,E-DEMO-KS-0273,2025-07-01,1
V-002494,E-DEMO-KS-0274,2023-12-26,1
V-002495,E-DEMO-KS-0274,2024-01-30,1
V-002496,E-DEMO-KS-0274,2024-04-01,1
V-002497,E-DEMO-KS-0274,2024-05-13,1
V-002498,E-DEMO-KS-0274,2024-06-16,1
V-002499,E-DEMO-KS-0274,2024-07-22,1
V-002500,E-DEMO-KS-0274,2024-08-31,1
V-002501,E-DEMO-KS-0274,2024-09-04,1
V-002502,E-DEMO-KS-0274,2024-10-31,1
V-002503,E-DEMO-KS-0274,2024-11-01,1
V-002504,E-DEMO-KS-0274,2024-12-26,1
V-002505,E-DEMO-KS-0274,2025-01-09,1
V-002506,E-DEMO-KS-0274,2025-02-27,1
V-002507,E-DEMO-KS-0274,2025-03-18,1
V-002508,E-DEMO-KS-0275,2023-05-24,1
V-002509,E-DEMO-KS-0275,2023-06-11,1
V-002510,E-DEMO-KS-0275,2023-07-29,1
V-002511,E-DEMO-KS-0275,2023-08-16,1
V-002512,E-DEMO-KS-0275,2023-09-16,1
V-002513,E-DEMO-KS-0275,2023-11-25,1
V-002514,E-DEMO-KS-0275,2023-12-06,1
V-002515,E-DEMO-KS-0276,2023-06-21,1
V-002516,E-DEMO-KS-0276,2023-07-25,1
V-002517,E-DEMO-KS-0276,2023-08-28,1
V-002518,E-DEMO-KS-0276,2023-09-11,1
V-002519,E-DEMO-KS-0276,2023-10-14,1
V-002520,E-DEMO-KS-0276,2023-11-23,1
V-002521,E-DEMO-KS-0276,2023-12-15,1
V-002522,E-DEMO-KS-0277,2025-03-28,1
V-002523,E-DEMO-KS-0277,2025-05-25,1
V-002524,E-DEMO-KS-0277,2025-06-25,1
V-002525,E-DEMO-KS-0277,2025-08-12,1
V-002526,E-DEMO-KS-0277,2025-09-20,1
V-002527,E-DEMO-KS-0277,2025-10-31,1
V-002528,E-DEMO-KS-0277,2025-11-10,1
V-002529,E-DEMO-KS-0279,2025-05-08,1
V-002530,E-DEMO-KS-0279,2025-06-17,1
V-002531,E-DEMO-KS-0279,2025-09-15,1
V-002532,E-DEMO-KS-0279,2025-10-15,1
V-002533,E-DEMO-KS-0279,2025-11-29,1
V-002534,E-DEMO-KS-0279,2025-12-21,1
V-002535,E-DEMO-KS-0280,2025-04-23,1
V-002536,E-DEMO-KS-0280,2025-05-10,1
V-002537,E-DEMO-KS-0280,2025-06-18,1
V-002538,E-DEMO-KS-0280,2025-07-05,1
V-002539,E-DEMO-KS-0280,2025-08-15,1
V-002540,E-DEMO-KS-0280,2025-11-28,1
V-002541,E-DEMO-KS-0280,2025-12-30,1
V-002542,E-DEMO-KS-0281,2023-10-05,1
V-002543,E-DEMO-KS-0281,2023-11-30,1
V-002544,E-DEMO-KS-0281,2023-12-11,1
V-002545,E-DEMO-KS-0281,2024-01-05,1
V-002546,E-DEMO-KS-0281,2024-02-05,1
V-002547,E-DEMO-KS-0281,2024-03-17,1
V-002548,E-DEMO-KS-0281,2024-04-28,1
V-002549,E-DEMO-KS-0281,2024-06-02,1
V-002550,E-DEMO-KS-0281,2024-07-06,1
V-002551,E-DEMO-KS-0281,2024-08-15,1
V-002552,E-DEMO-KS-0281,2024-09-11,1
V-002553,E-DEMO-KS-0281,2024-12-04,1
V-002554,E-DEMO-KS-0281,2025-04-05,1
V-002555,E-DEMO-KS-0281,2025-05-09,1
V-002556,E-DEMO-KS-0281,2025-06-05,1
V-002557,E-DEMO-KS-0281,2025-07-25,1
V-002558,E-DEMO-KS-0282,2023-08-17,1
V-002559,E-DEMO-KS-0282,2023-09-08,1
V-002560,E-DEMO-KS-0282,2023-10-15,1
V-002561,E-DEMO-KS-0282,2023-11-19,1
V-002562,E-DEMO-KS-0282,2023-12-24,1
V-002563,E-DEMO-KS-0282,2024-01-30,1
V-002564,E-DEMO-KS-0282,2024-02-21,1
V-002565,E-DEMO-KS-0282,2024-03-30,1
V-002566,E-DEMO-KS-0282,2024-05-16,1
V-002567,E-DEMO-KS-0283,2025-03-15,1
V-002568,E-DEMO-KS-0283,2025-04-29,1
V-002569,E-DEMO-KS-0283,2025-05-16,1
V-002570,E-DEMO-KS-0283,2025-07-03,1
V-002571,E-DEMO-KS-0283,2025-08-03,1
V-002572,E-DEMO-KS-0283,2025-09-04,1
V-002573,E-DEMO-KS-0283,2025-10-28,1
V-002574,E-DEMO-KS-0283,2025-11-08,1
V-002575,E-DEMO-KS-0284,2023-04-04,1
V-002576,E-DEMO-KS-0284,2023-05-02,1
V-002577,E-DEMO-KS-0284,2023-06-01,1
V-002578,E-DEMO-KS-0284,2023-07-29,1
V-002579,E-DEMO-KS-0284,2023-09-20,1
V-002580,E-DEMO-KS-0284,2023-10-23,1
V-002581,E-DEMO-KS-0284,2023-11-16,1
V-002582,E-DEMO-KS-0284,2023-12-06,1
V-002583,E-DEMO-KS-0284,2024-01-28,1
V-002584,E-DEMO-KS-0284,2024-02-26,1
V-002585,E-DEMO-KS-0284,2024-04-05,1
V-002586,E-DEMO-KS-0284,2024-06-28,1
V-002587,E-DEMO-KS-0284,2024-07-01,1
V-002588,E-DEMO-KS-0284,2024-08-01,1
V-002589,E-DEMO-KS-0284,2024-10-28,1
V-002590,E-DEMO-KS-0284,2024-12-17,1
V-002591,E-DEMO-KS-0285,2024-11-23,1
V-002592,E-DEMO-KS-0285,2025-01-28,1
V-002593,E-DEMO-KS-0285,2025-02-06,1
V-002594,E-DEMO-KS-0285,2025-03-18,1
V-002595,E-DEMO-KS-0285,2025-04-23,1
V-002596,E-DEMO-KS-0285,2025-05-26,1
V-002597,E-DEMO-KS-0285,2025-06-21,1
V-002598,E-DEMO-KS-0286,2024-05-08,1
V-002599,E-DEMO-KS-0286,2024-06-02,1
V-002600,E-DEMO-KS-0286,2024-08-15,1
V-002601,E-DEMO-KS-0286,2024-09-04,1
V-002602,E-DEMO-KS-0286,2024-10-01,1
V-002603,E-DEMO-KS-0286,2024-12-10,1
V-002604,E-DEMO-KS-0286,2025-01-16,1
V-002605,E-DEMO-KS-0286,2025-02-01,1
V-002606,E-DEMO-KS-0286,2025-03-31,1
V-002607,E-DEMO-KS-0286,2025-05-21,1
V-002608,E-DEMO-KS-0286,2025-06-02,1
V-002609,E-DEMO-KS-0286,2025-07-31,1
V-002610,E-DEMO-KS-0287,2023-12-24,1
V-002611,E-DEMO-KS-0287,2024-02-05,1
V-002612,E-DEMO-KS-0287,2024-04-30,1
V-002613,E-DEMO-KS-0287,2024-07-15,1
V-002614,E-DEMO-KS-0287,2024-08-06,1
V-002615,E-DEMO-KS-0287,2024-09-24,1
V-002616,E-DEMO-KS-0287,2024-10-25,1
V-002617,E-DEMO-KS-0287,2024-11-03,1
V-002618,E-DEMO-KS-0287,2024-12-20,1
V-002619,E-DEMO-KS-0287,2025-01-28,1
V-002620,E-DEMO-KS-0287,2025-03-14,1
V-002621,E-DEMO-KS-0287,2025-04-06,1
V-002622,E-DEMO-KS-0287,2025-05-18,1
V-002623,E-DEMO-KS-0287,2025-06-11,1
V-002624,E-DEMO-KS-0287,2025-07-09,1
V-002625,E-DEMO-KS-0287,2025-08-14,1
V-002626,E-DEMO-KS-0287,2025-10-10,1
V-002627,E-DEMO-KS-0287,2025-11-21,1
V-002628,E-DEMO-KS-0287,2025-12-13,1
V-002629,E-DEMO-KS-0288,2025-05-01,1
V-002630,E-DEMO-KS-0288,2025-06-21,1
V-002631,E-DEMO-KS-0288,2025-07-20,1
V-002632,E-DEMO-KS-0288,2025-08-23,1
V-002633,E-DEMO-KS-0288,2025-09-16,1
V-002634,E-DEMO-KS-0288,2025-10-05,1
V-002635,E-DEMO-KS-0289,2023-06-14,1
V-002636,E-DEMO-KS-0289,2023-07-12,1
V-002637,E-DEMO-KS-0289,2023-08-14,1
V-002638,E-DEMO-KS-0289,2023-09-13,1
V-002639,E-DEMO-KS-0289,2023-10-16,1
V-002640,E-DEMO-KS-0289,2023-11-21,1
V-002641,E-DEMO-KS-0289,2023-12-07,1
V-002642,E-DEMO-KS-0289,2024-01-04,1
V-002643,E-DEMO-KS-0289,2024-05-05,1
V-002644,E-DEMO-KS-0289,2024-06-25,1
V-002645,E-DEMO-KS-0289,2024-08-01,1
V-002646,E-DEMO-KS-0289,2024-09-15,1
V-002647,E-DEMO-KS-0289,2024-10-11,1
V-002648,E-DEMO-KS-0289,2024-11-14,1
V-002649,E-DEMO-KS-0289,2024-12-23,1
V-002650,E-DEMO-KS-0289,2025-01-11,1
V-002651,E-DEMO-KS-0289,2025-03-19,1
V-002652,E-DEMO-KS-0289,2025-05-31,1
V-002653,E-DEMO-KS-0289,2025-06-01,1
V-002654,E-DEMO-KS-0289,2025-07-15,1
V-002655,E-DEMO-KS-0290,2024-11-05,1
V-002656,E-DEMO-KS-0290,2024-12-02,1
V-002657,E-DEMO-KS-0290,2025-02-02,1
V-002658,E-DEMO-KS-0290,2025-04-06,1
V-002659,E-DEMO-KS-0290,2025-05-15,1
V-002660,E-DEMO-KS-0290,2025-06-16,1
V-002661,E-DEMO-KS-0290,2025-08-21,1
V-002662,E-DEMO-KS-0290,2025-09-17,1
V-002663,E-DEMO-KS-0290,2025-11-12,1
V-002664,E-DEMO-KS-0290,2025-12-26,1
V-002665,E-DEMO-KS-0291,2025-01-24,1
V-002666,E-DEMO-KS-0291,2025-02-28,1
V-002667,E-DEMO-KS-0291,2025-03-19,1
V-002668,E-DEMO-KS-0291,2025-04-15,1
V-002669,E-DEMO-KS-0292,2023-02-17,1
V-002670,E-DEMO-KS-0292,2023-04-01,1
V-002671,E-DEMO-KS-0292,2023-05-23,1
V-002672,E-DEMO-KS-0292,2023-06-23,1
V-002673,E-DEMO-KS-0292,2023-07-05,1
V-002674,E-DEMO-KS-0292,2023-09-15,1
V-002675,E-DEMO-KS-0292,2023-10-17,1
V-002676,E-DEMO-KS-0293,2023-06-19,1
V-002677,E-DEMO-KS-0293,2023-08-28,1
V-002678,E-DEMO-KS-0293,2023-09-25,1
V-002679,E-DEMO-KS-0293,2023-10-04,1
V-002680,E-DEMO-KS-0294,2023-07-08,1
V-002681,E-DEMO-KS-0295,2024-05-23,1
V-002682,E-DEMO-KS-0295,2024-07-26,1
V-002683,E-DEMO-KS-0295,2024-09-23,1
V-002684,E-DEMO-KS-0295,2024-10-05,1
V-002685,E-DEMO-KS-0295,2024-11-24,1
V-002686,E-DEMO-KS-0295,2024-12-10,1
V-002687,E-DEMO-KS-0295,2025-01-15,1
V-002688,E-DEMO-KS-0296,2024-08-11,1
V-002689,E-DEMO-KS-0296,2024-09-03,1
V-002690,E-DEMO-KS-0296,2024-11-17,1
V-002691,E-DEMO-KS-0296,2024-12-15,1
V-002692,E-DEMO-KS-0296,2025-01-13,1
V-002693,E-DEMO-KS-0296,2025-02-02,1
V-002694,E-DEMO-KS-0296,2025-03-01,1
V-002695,E-DEMO-KS-0296,2025-04-26,1
V-002696,E-DEMO-KS-0296,2025-07-31,1
V-002697,E-DEMO-KS-0296,2025-08-18,1
V-002698,E-DEMO-KS-0296,2025-10-03,1
V-002699,E-DEMO-KS-0296,2025-11-20,1
V-002700,E-DEMO-KS-0296,2025-12-02,1
V-002701,E-DEMO-KS-0297,2024-09-09,1
V-002702,E-DEMO-KS-0297,2024-10-19,1
V-002703,E-DEMO-KS-0297,2024-11-15,1
V-002704,E-DEMO-KS-0297,2024-12-04,1
V-002705,E-DEMO-KS-0297,2025-02-25,1
V-002706,E-DEMO-KS-0297,2025-04-13,1
V-002707,E-DEMO-KS-0297,2025-05-25,1
V-002708,E-DEMO-KS-0297,2025-06-07,1
V-002709,E-DEMO-KS-0297,2025-07-08,1
V-002710,E-DEMO-KS-0297,2025-08-03,1
V-002711,E-DEMO-KS-0297,2025-09-30,1
V-002712,E-DEMO-KS-0297,2025-10-06,1
V-002713,E-DEMO-KS-0297,2025-12-20,1
V-002714,E-DEMO-KS-0298,2023-12-30,1
V-002715,E-DEMO-KS-0298,2024-03-01,1
V-002716,E-DEMO-KS-0298,2024-04-17,1
V-002717,E-DEMO-KS-0298,2024-05-15,1
V-002718,E-DEMO-KS-0298,2024-06-19,1
V-002719,E-DEMO-KS-0298,2024-09-01,1
V-002720,E-DEMO-KS-0298,2024-11-20,1
V-002721,E-DEMO-KS-0298,2025-02-09,1
V-002722,E-DEMO-KS-0298,2025-03-17,1
V-002723,E-DEMO-KS-0298,2025-04-29,1
V-002724,E-DEMO-KS-0298,2025-05-23,1
V-002725,E-DEMO-KS-0298,2025-06-25,1
V-002726,E-DEMO-KS-0298,2025-07-01,1
V-002727,E-DEMO-KS-0298,2025-08-17,1
V-002728,E-DEMO-KS-0298,2025-09-29,1
V-002729,E-DEMO-KS-0298,2025-10-15,1
V-002730,E-DEMO-KS-0298,2025-11-10,1
V-002731,E-DEMO-KS-0299,2024-07-12,1
V-002732,E-DEMO-KS-0299,2024-08-17,1
V-002733,E-DEMO-KS-0299,2024-09-10,1
V-002734,E-DEMO-KS-0299,2024-12-17,1
V-002735,E-DEMO-KS-0299,2025-01-28,1
V-002736,E-DEMO-KS-0299,2025-02-16,1
V-002737,E-DEMO-KS-0299,2025-03-22,1
V-002738,E-DEMO-KS-0299,2025-04-19,1
V-002739,E-DEMO-KS-0299,2025-05-02,1
V-002740,E-DEMO-KS-0299,2025-06-15,1
V-002741,E-DEMO-KS-0299,2025-07-04,1
V-002742,E-DEMO-KS-0300,2024-01-22,1
V-002743,E-DEMO-KS-0300,2024-03-26,1
V-002744,E-DEMO-KS-0300,2024-04-22,1
V-002745,E-DEMO-KS-0300,2024-06-04,1
V-002746,E-DEMO-KS-0300,2024-07-28,1
V-002747,E-DEMO-KS-0300,2024-08-19,1
V-002748,E-DEMO-KS-0300,2024-09-23,1
V-002749,E-DEMO-KS-0300,2024-10-16,1
V-002750,E-DEMO-KS-0300,2025-02-06,1
V-002751,E-DEMO-KS-0300,2025-03-09,1
V-002752,E-DEMO-KS-0300,2025-04-16,1
V-002753,E-DEMO-KS-0300,2025-05-23,1
V-002754,E-DEMO-KS-0300,2025-06-15,1
V-002755,E-DEMO-KS-0300,2025-07-27,1
V-002756,E-DEMO-KS-0300,2025-08-31,1
V-002757,E-DEMO-KS-0300,2025-09-01,1
V-002758,E-DEMO-KS-0301,2024-08-21,1
V-002759,E-DEMO-KS-0301,2024-09-20,1
V-002760,E-DEMO-KS-0301,2024-10-22,1
V-002761,E-DEMO-KS-0301,2024-11-13,1
V-002762,E-DEMO-KS-0301,2024-12-15,1
V-002763,E-DEMO-KS-0301,2025-01-30,1
V-002764,E-DEMO-KS-0301,2025-02-22,1
V-002765,E-DEMO-KS-0302,2025-10-13,1
V-002766,E-DEMO-KS-0302,2025-11-09,1
V-002767,E-DEMO-KS-0302,2025-12-28,1
V-002768,E-DEMO-KS-0303,2025-01-03,1
V-002769,E-DEMO-KS-0303,2025-02-25,1
V-002770,E-DEMO-KS-0303,2025-03-17,1
V-002771,E-DEMO-KS-0303,2025-06-06,1
V-002772,E-DEMO-KS-0303,2025-07-05,1
V-002773,E-DEMO-KS-0304,2025-05-14,1
V-002774,E-DEMO-KS-0304,2025-06-16,1
V-002775,E-DEMO-KS-0304,2025-08-06,1
V-002776,E-DEMO-KS-0304,2025-10-07,1
V-002777,E-DEMO-KS-0304,2025-11-23,1
V-002778,E-DEMO-KS-0304,2025-12-13,1
V-002779,E-DEMO-KS-0305,2024-08-27,1
V-002780,E-DEMO-KS-0305,2024-09-15,1
V-002781,E-DEMO-KS-0305,2024-10-29,1
V-002782,E-DEMO-KS-0305,2024-12-27,1
V-002783,E-DEMO-KS-0305,2025-01-15,1
V-002784,E-DEMO-KS-0305,2025-02-15,1
V-002785,E-DEMO-KS-0305,2025-03-29,1
V-002786,E-DEMO-KS-0305,2025-04-30,1
V-002787,E-DEMO-KS-0305,2025-05-12,1
V-002788,E-DEMO-KS-0305,2025-06-21,1
V-002789,E-DEMO-KS-0306,2023-04-21,1
V-002790,E-DEMO-KS-0306,2023-07-28,1
V-002791,E-DEMO-KS-0306,2023-09-29,1
V-002792,E-DEMO-KS-0306,2023-11-15,1
V-002793,E-DEMO-KS-0306,2023-12-23,1
V-002794,E-DEMO-KS-0306,2024-02-27,1
V-002795,E-DEMO-KS-0306,2024-03-13,1
V-002796,E-DEMO-KS-0306,2024-04-25,1
V-002797,E-DEMO-KS-0306,2024-05-02,1
V-002798,E-DEMO-KS-0306,2024-06-12,1
V-002799,E-DEMO-KS-0306,2024-09-03,1
V-002800,E-DEMO-KS-0306,2024-10-23,1
V-002801,E-DEMO-KS-0306,2024-11-06,1
V-002802,E-DEMO-KS-0306,2024-12-30,1
V-002803,E-DEMO-KS-0306,2025-01-10,1
V-002804,E-DEMO-KS-0306,2025-03-16,1
V-002805,E-DEMO-KS-0306,2025-04-25,1
V-002806,E-DEMO-KS-0307,2025-01-10,1
V-002807,E-DEMO-KS-0307,2025-02-19,1
V-002808,E-DEMO-KS-0307,2025-03-24,1
V-002809,E-DEMO-KS-0307,2025-04-03,1
V-002810,E-DEMO-KS-0307,2025-06-29,1
V-002811,E-DEMO-KS-0307,2025-07-02,1
V-002812,E-DEMO-KS-0307,2025-08-27,1
V-002813,E-DEMO-KS-0307,2025-10-04,1
V-002814,E-DEMO-KS-0307,2025-12-20,1
V-002815,E-DEMO-KS-0308,2024-06-29,1
V-002816,E-DEMO-KS-0308,2024-07-15,1
V-002817,E-DEMO-KS-0308,2024-09-11,1
V-002818,E-DEMO-KS-0308,2024-10-04,1
V-002819,E-DEMO-KS-0308,2024-11-09,1
V-002820,E-DEMO-KS-0308,2024-12-14,1
V-002821,E-DEMO-KS-0308,2025-01-25,1
V-002822,E-DEMO-KS-0308,2025-02-25,1
V-002823,E-DEMO-KS-0308,2025-03-25,1
V-002824,E-DEMO-KS-0308,2025-04-17,1
V-002825,E-DEMO-KS-0308,2025-05-21,1
V-002826,E-DEMO-KS-0308,2025-06-29,1
V-002827,E-DEMO-KS-0309,2023-10-21,1
V-002828,E-DEMO-KS-0309,2023-11-18,1
V-002829,E-DEMO-KS-0309,2024-01-07,1
V-002830,E-DEMO-KS-0309,2024-02-06,1
V-002831,E-DEMO-KS-0309,2024-03-12,1
V-002832,E-DEMO-KS-0309,2024-04-21,1
V-002833,E-DEMO-KS-0309,2024-06-13,1
V-002834,E-DEMO-KS-0309,2024-07-17,1
V-002835,E-DEMO-KS-0309,2024-11-23,1
V-002836,E-DEMO-KS-0309,2024-12-09,1
V-002837,E-DEMO-KS-0309,2025-01-17,1
V-002838,E-DEMO-KS-0309,2025-02-25,1
V-002839,E-DEMO-KS-0309,2025-03-18,1
V-002840,E-DEMO-KS-0309,2025-04-08,1
V-002841,E-DEMO-KS-0309,2025-05-10,1
V-002842,E-DEMO-KS-0309,2025-06-02,1
V-002843,E-DEMO-KS-0310,2023-12-26,1
V-002844,E-DEMO-KS-0310,2024-01-01,1
V-002845,E-DEMO-KS-0311,2024-11-29,1
V-002846,E-DEMO-KS-0311,2025-01-10,1
V-002847,E-DEMO-KS-0311,2025-02-15,1
V-002848,E-DEMO-KS-0311,2025-03-25,1
V-002849,E-DEMO-KS-0311,2025-05-21,1
V-002850,E-DEMO-KS-0311,2025-07-03,1
V-002851,E-DEMO-KS-0311,2025-09-06,1
V-002852,E-DEMO-KS-0311,2025-12-16,1
V-002853,E-DEMO-KS-0312,2024-11-05,1
V-002854,E-DEMO-KS-0312,2025-02-20,1
V-002855,E-DEMO-KS-0312,2025-06-09,1
V-002856,E-DEMO-KS-0312,2025-07-31,1
V-002857,E-DEMO-KS-0312,2025-08-26,1
V-002858,E-DEMO-KS-0312,2025-09-21,1
V-002859,E-DEMO-KS-0312,2025-10-13,1
V-002860,E-DEMO-KS-0312,2025-12-19,1
V-002861,E-DEMO-KS-0313,2025-09-20,1
V-002862,E-DEMO-KS-0313,2025-11-29,1
V-002863,E-DEMO-KS-0313,2025-12-01,1
V-002864,E-DEMO-KS-0314,2024-06-14,1
V-002865,E-DEMO-KS-0314,2024-07-04,1
V-002866,E-DEMO-KS-0314,2024-08-29,1
V-002867,E-DEMO-KS-0314,2024-10-09,1
V-002868,E-DEMO-KS-0314,2024-12-27,1
V-002869,E-DEMO-KS-0314,2025-03-22,1
V-002870,E-DEMO-KS-0314,2025-05-08,1
V-002871,E-DEMO-KS-0314,2025-06-02,1
V-002872,E-DEMO-KS-0315,2023-10-12,1
V-002873,E-DEMO-KS-0315,2023-11-17,1
V-002874,E-DEMO-KS-0315,2024-01-08,1
V-002875,E-DEMO-KS-0315,2024-03-22,1
V-002876,E-DEMO-KS-0315,2024-04-22,1
V-002877,E-DEMO-KS-0315,2024-06-26,1
V-002878,E-DEMO-KS-0315,2024-08-05,1
V-002879,E-DEMO-KS-0315,2024-09-07,1
V-002880,E-DEMO-KS-0316,2025-05-26,1
V-002881,E-DEMO-KS-0317,2025-04-26,1
V-002882,E-DEMO-KS-0317,2025-06-12,1
V-002883,E-DEMO-KS-0317,2025-07-04,1
V-002884,E-DEMO-KS-0317,2025-08-19,1
V-002885,E-DEMO-KS-0317,2025-09-10,1
V-002886,E-DEMO-KS-0317,2025-10-03,1
V-002887,E-DEMO-KS-0317,2025-11-22,1
V-002888,E-DEMO-KS-0317,2025-12-30,1
V-002889,E-DEMO-KS-0318,2024-12-28,1
V-002890,E-DEMO-KS-0318,2025-01-22,1
V-002891,E-DEMO-KS-0318,2025-02-16,1
V-002892,E-DEMO-KS-0318,2025-03-26,1
V-002893,E-DEMO-KS-0318,2025-04-30,1
V-002894,E-DEMO-KS-0318,2025-05-31,1
V-002895,E-DEMO-KS-0318,2025-07-29,1
V-002896,E-DEMO-KS-0318,2025-08-16,1
V-002897,E-DEMO-KS-0318,2025-10-05,1
V-002898,E-DEMO-KS-0319,2024-03-27,1
V-002899,E-DEMO-KS-0319,2024-04-23,1
V-002900,E-DEMO-KS-0319,2024-05-03,1
V-002901,E-DEMO-KS-0319,2024-06-01,1
V-002902,E-DEMO-KS-0319,2024-07-07,1
V-002903,E-DEMO-KS-0320,2025-12-04,1
V-002904,E-DEMO-KS-0321,2024-10-19,1
V-002905,E-DEMO-KS-0321,2024-11-07,1
V-002906,E-DEMO-KS-0321,2024-12-14,1
V-002907,E-DEMO-KS-0321,2025-01-24,1
V-002908,E-DEMO-KS-0321,2025-02-27,1
V-002909,E-DEMO-KS-0322,2023-03-28,1
V-002910,E-DEMO-KS-0322,2023-04-10,1
V-002911,E-DEMO-KS-0322,2023-05-28,1
V-002912,E-DEMO-KS-0322,2023-07-29,1
V-002913,E-DEMO-KS-0322,2023-08-11,1
V-002914,E-DEMO-KS-0322,2023-09-24,1
V-002915,E-DEMO-KS-0322,2023-10-01,1
V-002916,E-DEMO-KS-0322,2023-12-01,1
V-002917,E-DEMO-KS-0322,2024-01-17,1
V-002918,E-DEMO-KS-0322,2024-04-17,1
V-002919,E-DEMO-KS-0322,2024-05-04,1
V-002920,E-DEMO-KS-0322,2024-09-17,1
V-002921,E-DEMO-KS-0323,2023-05-25,1
V-002922,E-DEMO-KS-0323,2023-06-15,1
V-002923,E-DEMO-KS-0323,2023-07-13,1
V-002924,E-DEMO-KS-0323,2023-08-08,1
V-002925,E-DEMO-KS-0323,2023-09-09,1
V-002926,E-DEMO-KS-0323,2023-10-12,1
V-002927,E-DEMO-KS-0323,2023-11-19,1
V-002928,E-DEMO-KS-0323,2024-01-31,1
V-002929,E-DEMO-KS-0323,2024-02-23,1
V-002930,E-DEMO-KS-0323,2024-03-28,1
V-002931,E-DEMO-KS-0323,2024-04-21,1
V-002932,E-DEMO-KS-0323,2024-05-24,1
V-002933,E-DEMO-KS-0323,2024-06-03,1
V-002934,E-DEMO-KS-0323,2024-07-09,1
V-002935,E-DEMO-KS-0323,2024-08-10,1
V-002936,E-DEMO-KS-0323,2024-09-02,1
V-002937,E-DEMO-KS-0323,2024-12-05,1
V-002938,E-DEMO-KS-0323,2025-01-24,1
V-002939,E-DEMO-KS-0323,2025-02-10,1
V-002940,E-DEMO-KS-0323,2025-03-26,1
V-002941,E-DEMO-KS-0323,2025-05-24,1
V-002942,E-DEMO-KS-0323,2025-06-19,1
V-002943,E-DEMO-KS-0324,2023-09-09,1
V-002944,E-DEMO-KS-0324,2023-11-14,1
V-002945,E-DEMO-KS-0324,2023-12-16,1
V-002946,E-DEMO-KS-0324,2024-01-08,1
V-002947,E-DEMO-KS-0324,2024-02-26,1
V-002948,E-DEMO-KS-0324,2024-03-15,1
V-002949,E-DEMO-KS-0324,2024-04-26,1
V-002950,E-DEMO-KS-0324,2024-05-21,1
V-002951,E-DEMO-KS-0324,2024-06-17,1
V-002952,E-DEMO-KS-0324,2024-08-07,1
V-002953,E-DEMO-KS-0324,2024-09-18,1
V-002954,E-DEMO-KS-0324,2024-10-21,1
V-002955,E-DEMO-KS-0324,2024-12-11,1
V-002956,E-DEMO-KS-0324,2025-02-24,1
V-002957,E-DEMO-KS-0324,2025-03-28,1
V-002958,E-DEMO-KS-0324,2025-04-04,1
V-002959,E-DEMO-KS-0324,2025-08-31,1
V-002960,E-DEMO-KS-0324,2025-10-19,1
V-002961,E-DEMO-KS-0325,2023-05-03,1
V-002962,E-DEMO-KS-0325,2023-06-27,1
V-002963,E-DEMO-KS-0325,2023-07-25,1
V-002964,E-DEMO-KS-0325,2023-11-01,1
V-002965,E-DEMO-KS-0325,2024-02-05,1
V-002966,E-DEMO-KS-0325,2024-03-20,1
V-002967,E-DEMO-KS-0325,2024-04-25,1
V-002968,E-DEMO-KS-0325,2024-05-08,1
V-002969,E-DEMO-KS-0325,2024-06-09,1
V-002970,E-DEMO-KS-0325,2024-08-16,1
V-002971,E-DEMO-KS-0325,2024-09-03,1
V-002972,E-DEMO-KS-0325,2024-10-25,1
V-002973,E-DEMO-KS-0325,2024-11-24,1
V-002974,E-DEMO-KS-0325,2024-12-10,1
V-002975,E-DEMO-KS-0325,2025-01-05,1
V-002976,E-DEMO-KS-0325,2025-02-11,1
V-002977,E-DEMO-KS-0325,2025-03-18,1
V-002978,E-DEMO-KS-0325,2025-04-23,1
V-002979,E-DEMO-KS-0325,2025-05-10,1
V-002980,E-DEMO-KS-0326,2023-01-31,1
V-002981,E-DEMO-KS-0326,2023-02-14,1
V-002982,E-DEMO-KS-0326,2023-03-06,1
V-002983,E-DEMO-KS-0326,2023-05-26,1
V-002984,E-DEMO-KS-0326,2023-06-28,1
V-002985,E-DEMO-KS-0326,2023-08-11,1
V-002986,E-DEMO-KS-0326,2023-09-30,1
V-002987,E-DEMO-KS-0326,2024-02-08,1
V-002988,E-DEMO-KS-0326,2024-03-06,1
V-002989,E-DEMO-KS-0326,2024-04-02,1
V-002990,E-DEMO-KS-0326,2024-05-26,1
V-002991,E-DEMO-KS-0326,2024-06-21,1
V-002992,E-DEMO-KS-0326,2024-07-13,1
V-002993,E-DEMO-KS-0326,2024-08-30,1
V-002994,E-DEMO-KS-0326,2024-09-26,1
V-002995,E-DEMO-KS-0326,2024-10-13,1
V-002996,E-DEMO-KS-0326,2024-11-16,1
V-002997,E-DEMO-KS-0326,2024-12-01,1
V-002998,E-DEMO-KS-0326,2025-02-20,1
V-002999,E-DEMO-KS-0326,2025-03-16,1
V-003000,E-DEMO-KS-0327,2024-03-04,1
V-003001,E-DEMO-KS-0327,2024-04-06,1
V-003002,E-DEMO-KS-0327,2024-05-03,1
V-003003,E-DEMO-KS-0327,2024-06-21,1
V-003004,E-DEMO-KS-0328,2025-08-17,1
V-003005,E-DEMO-KS-0328,2025-09-22,1
V-003006,E-DEMO-KS-0328,2025-11-11,1
V-003007,E-DEMO-KS-0328,2025-12-18,1
V-003008,E-DEMO-KS-0329,2023-11-30,1
V-003009,E-DEMO-KS-0329,2024-03-02,1
V-003010,E-DEMO-KS-0329,2024-04-02,1
V-003011,E-DEMO-KS-0329,2024-06-29,1
V-003012,E-DEMO-KS-0329,2024-07-13,1
V-003013,E-DEMO-KS-0330,2025-03-31,1
V-003014,E-DEMO-KS-0330,2025-04-13,1
V-003015,E-DEMO-KS-0330,2025-05-25,1
V-003016,E-DEMO-KS-0330,2025-06-18,1
V-003017,E-DEMO-KS-0330,2025-07-31,1
V-003018,E-DEMO-KS-0330,2025-08-05,1
V-003019,E-DEMO-KS-0330,2025-09-26,1
V-003020,E-DEMO-KS-0330,2025-12-28,1
V-003021,E-DEMO-KS-0331,2023-03-27,1
V-003022,E-DEMO-KS-0331,2023-04-11,1
V-003023,E-DEMO-KS-0331,2023-06-05,1
V-003024,E-DEMO-KS-0331,2023-07-22,1
V-003025,E-DEMO-KS-0331,2023-08-07,1
V-003026,E-DEMO-KS-0331,2023-09-06,1
V-003027,E-DEMO-KS-0331,2023-10-29,1
V-003028,E-DEMO-KS-0331,2023-11-13,1
V-003029,E-DEMO-KS-0331,2023-12-17,1
V-003030,E-DEMO-KS-0331,2024-01-15,1
V-003031,E-DEMO-KS-0331,2024-02-01,1
V-003032,E-DEMO-KS-0331,2024-04-11,1
V-003033,E-DEMO-KS-0331,2024-05-27,1
V-003034,E-DEMO-KS-0332,2025-02-05,1
V-003035,E-DEMO-KS-0332,2025-04-10,1
V-003036,E-DEMO-KS-0332,2025-05-27,1
V-003037,E-DEMO-KS-0332,2025-06-10,1
V-003038,E-DEMO-KS-0332,2025-08-22,1
V-003039,E-DEMO-KS-0332,2025-09-01,1
V-003040,E-DEMO-KS-0332,2025-10-20,1
V-003041,E-DEMO-KS-0332,2025-11-28,1
V-003042,E-DEMO-KS-0332,2025-12-03,1
V-003043,E-DEMO-KS-0333,2025-07-28,1
V-003044,E-DEMO-KS-0333,2025-11-04,1
V-003045,E-DEMO-KS-0333,2025-12-07,1
V-003046,E-DEMO-KS-0334,2025-07-27,1
V-003047,E-DEMO-KS-0334,2025-08-04,1
V-003048,E-DEMO-KS-0334,2025-09-08,1
V-003049,E-DEMO-KS-0334,2025-10-15,1
V-003050,E-DEMO-KS-0334,2025-11-13,1
V-003051,E-DEMO-KS-0335,2023-09-17,1
V-003052,E-DEMO-KS-0335,2023-11-29,1
V-003053,E-DEMO-KS-0335,2023-12-22,1
V-003054,E-DEMO-KS-0335,2024-01-02,1
V-003055,E-DEMO-KS-0335,2024-03-07,1
V-003056,E-DEMO-KS-0335,2024-04-10,1
V-003057,E-DEMO-KS-0335,2024-05-30,1
V-003058,E-DEMO-KS-0335,2024-06-26,1
V-003059,E-DEMO-KS-0335,2024-07-04,1
V-003060,E-DEMO-KS-0336,2025-01-04,1
V-003061,E-DEMO-KS-0336,2025-02-15,1
V-003062,E-DEMO-KS-0336,2025-03-21,1
V-003063,E-DEMO-KS-0336,2025-05-30,1
V-003064,E-DEMO-KS-0336,2025-06-05,1
V-003065,E-DEMO-KS-0336,2025-07-18,1
V-003066,E-DEMO-KS-0336,2025-08-27,1
V-003067,E-DEMO-KS-0336,2025-09-09,1
V-003068,E-DEMO-KS-0336,2025-10-30,1
V-003069,E-DEMO-KS-0336,2025-11-28,1
V-003070,E-DEMO-KS-0336,2025-12-23,1
V-003071,E-DEMO-KS-0337,2025-08-03,1
V-003072,E-DEMO-KS-0337,2025-09-22,1
V-003073,E-DEMO-KS-0337,2025-11-06,1
V-003074,E-DEMO-KS-0337,2025-12-19,1
V-003075,E-DEMO-KS-0338,2024-05-26,1
V-003076,E-DEMO-KS-0338,2024-06-13,1
V-003077,E-DEMO-KS-0338,2024-07-31,1
V-003078,E-DEMO-KS-0338,2024-08-10,1
V-003079,E-DEMO-KS-0338,2024-09-22,1
V-003080,E-DEMO-KS-0338,2024-10-25,1
V-003081,E-DEMO-KS-0338,2024-11-19,1
V-003082,E-DEMO-KS-0338,2025-01-12,1
V-003083,E-DEMO-KS-0338,2025-02-27,1
V-003084,E-DEMO-KS-0338,2025-05-11,1
V-003085,E-DEMO-KS-0339,2023-06-05,1
V-003086,E-DEMO-KS-0339,2023-07-31,1
V-003087,E-DEMO-KS-0339,2023-08-25,1
V-003088,E-DEMO-KS-0339,2023-11-11,1
V-003089,E-DEMO-KS-0340,2024-12-15,1
V-003090,E-DEMO-KS-0340,2025-02-12,1
V-003091,E-DEMO-KS-0340,2025-03-24,1
V-003092,E-DEMO-KS-0340,2025-04-26,1
V-003093,E-DEMO-KS-0340,2025-06-20,1
V-003094,E-DEMO-KS-0340,2025-08-13,1
V-003095,E-DEMO-KS-0340,2025-09-14,1
V-003096,E-DEMO-KS-0340,2025-10-25,1
V-003097,E-DEMO-KS-0340,2025-12-24,1
V-003098,E-DEMO-KS-0341,2023-03-17,1
V-003099,E-DEMO-KS-0341,2023-04-23,1
V-003100,E-DEMO-KS-0341,2023-05-04,1
V-003101,E-DEMO-KS-0341,2023-07-14,1
V-003102,E-DEMO-KS-0341,2023-08-28,1
V-003103,E-DEMO-KS-0341,2023-09-26,1
V-003104,E-DEMO-KS-0341,2023-10-25,1
V-003105,E-DEMO-KS-0342,2023-04-20,1
V-003106,E-DEMO-KS-0342,2023-05-26,1
V-003107,E-DEMO-KS-0342,2023-06-01,1
V-003108,E-DEMO-KS-0342,2023-07-15,1
V-003109,E-DEMO-KS-0342,2023-10-28,1
V-003110,E-DEMO-KS-0342,2023-12-21,1
V-003111,E-DEMO-KS-0342,2024-02-14,1
V-003112,E-DEMO-KS-0342,2024-04-30,1
V-003113,E-DEMO-KS-0343,2025-05-31,1
V-003114,E-DEMO-KS-0343,2025-06-03,1
V-003115,E-DEMO-KS-0343,2025-08-07,1
V-003116,E-DEMO-KS-0343,2025-10-09,1
V-003117,E-DEMO-KS-0343,2025-11-03,1
V-003118,E-DEMO-KS-0343,2025-12-03,1
V-003119,E-DEMO-KS-0344,2023-05-15,1
V-003120,E-DEMO-KS-0344,2023-06-26,1
V-003121,E-DEMO-KS-0344,2023-07-21,1
V-003122,E-DEMO-KS-0344,2023-08-28,1
V-003123,E-DEMO-KS-0344,2023-09-27,1
V-003124,E-DEMO-KS-0344,2023-10-01,1
V-003125,E-DEMO-KS-0344,2023-11-06,1
V-003126,E-DEMO-KS-0344,2023-12-08,1
V-003127,E-DEMO-KS-0344,2024-01-10,1
V-003128,E-DEMO-KS-0344,2024-02-27,1
V-003129,E-DEMO-KS-0344,2024-03-01,1
V-003130,E-DEMO-KS-0344,2024-05-05,1
V-003131,E-DEMO-KS-0344,2024-06-29,1
V-003132,E-DEMO-KS-0345,2024-01-12,1
V-003133,E-DEMO-KS-0345,2024-02-24,1
V-003134,E-DEMO-KS-0345,2024-03-02,1
V-003135,E-DEMO-KS-0345,2024-04-05,1
V-003136,E-DEMO-KS-0345,2024-05-12,1
V-003137,E-DEMO-KS-0345,2024-06-11,1
V-003138,E-DEMO-KS-0345,2024-07-29,1
V-003139,E-DEMO-KS-0345,2024-08-31,1
V-003140,E-DEMO-KS-0345,2024-11-23,1
V-003141,E-DEMO-KS-0345,2024-12-16,1
V-003142,E-DEMO-KS-0345,2025-01-01,1
V-003143,E-DEMO-KS-0345,2025-02-22,1
V-003144,E-DEMO-KS-0345,2025-03-28,1
V-003145,E-DEMO-KS-0345,2025-04-04,1
V-003146,E-DEMO-KS-0345,2025-05-23,1
V-003147,E-DEMO-KS-0345,2025-07-04,1
V-003148,E-DEMO-KS-0345,2025-08-05,1
V-003149,E-DEMO-KS-0345,2025-09-27,1
V-003150,E-DEMO-KS-0345,2025-10-05,1
V-003151,E-DEMO-KS-0345,2025-11-23,1
V-003152,E-DEMO-KS-0346,2025-10-07,1
V-003153,E-DEMO-KS-0346,2025-11-01,1
V-003154,E-DEMO-KS-0346,2025-12-01,1
V-003155,E-DEMO-KS-0348,2024-01-09,1
V-003156,E-DEMO-KS-0348,2024-02-03,1
V-003157,E-DEMO-KS-0348,2024-03-05,1
V-003158,E-DEMO-KS-0348,2024-04-09,1
V-003159,E-DEMO-KS-0348,2024-05-10,1
V-003160,E-DEMO-KS-0348,2024-06-21,1
V-003161,E-DEMO-KS-0348,2024-07-08,1
V-003162,E-DEMO-KS-0348,2024-08-17,1
V-003163,E-DEMO-KS-0348,2024-09-03,1
V-003164,E-DEMO-KS-0348,2024-11-04,1
V-003165,E-DEMO-KS-0349,2024-03-19,1
V-003166,E-DEMO-KS-0349,2024-04-09,1
V-003167,E-DEMO-KS-0349,2024-05-05,1
V-003168,E-DEMO-KS-0349,2024-06-17,1
V-003169,E-DEMO-KS-0349,2024-07-08,1
V-003170,E-DEMO-KS-0349,2024-08-16,1
V-003171,E-DEMO-KS-0349,2024-09-17,1
V-003172,E-DEMO-KS-0350,2024-07-07,1
V-003173,E-DEMO-KS-0350,2024-08-04,1
V-003174,E-DEMO-KS-0350,2024-09-07,1
V-003175,E-DEMO-KS-0350,2024-10-01,1
V-003176,E-DEMO-KS-0350,2024-11-11,1
V-003177,E-DEMO-KS-0350,2024-12-18,1
V-003178,E-DEMO-KS-0350,2025-01-28,1
V-003179,E-DEMO-KS-0350,2025-02-10,1
V-003180,E-DEMO-KS-0350,2025-04-13,1
V-003181,E-DEMO-KS-0350,2025-05-27,1
V-003182,E-DEMO-KS-0350,2025-06-03,1
V-003183,E-DEMO-KS-0350,2025-07-15,1
V-003184,E-DEMO-KS-0350,2025-08-03,1
V-003185,E-DEMO-KS-0350,2025-09-26,1
V-003186,E-DEMO-KS-0350,2025-10-28,1
V-003187,E-DEMO-KS-0350,2025-11-13,1
V-003188,E-DEMO-KS-0350,2025-12-20,1
V-003189,E-DEMO-KS-0351,2023-06-24,1
V-003190,E-DEMO-KS-0351,2023-07-09,1
V-003191,E-DEMO-KS-0351,2023-08-08,1
V-003192,E-DEMO-KS-0351,2023-09-01,1
V-003193,E-DEMO-KS-0351,2023-10-24,1
V-003194,E-DEMO-KS-0351,2023-11-21,1
V-003195,E-DEMO-KS-0352,2023-10-19,1
V-003196,E-DEMO-KS-0352,2023-11-02,1
V-003197,E-DEMO-KS-0352,2023-12-21,1
V-003198,E-DEMO-KS-0352,2024-02-21,1
V-003199,E-DEMO-KS-0353,2025-11-05,1
V-003200,E-DEMO-KS-0353,2025-12-30,1
V-003201,E-DEMO-KS-0354,2025-10-21,1
V-003202,E-DEMO-KS-0354,2025-11-04,1
V-003203,E-DEMO-KS-0354,2025-12-09,1
V-003204,E-DEMO-KS-0355,2024-12-31,1
V-003205,E-DEMO-KS-0355,2025-01-13,1
V-003206,E-DEMO-KS-0355,2025-02-08,1
V-003207,E-DEMO-KS-0355,2025-03-17,1
V-003208,E-DEMO-KS-0355,2025-07-19,1
V-003209,E-DEMO-KS-0355,2025-08-25,1
V-003210,E-DEMO-KS-0355,2025-09-16,1
V-003211,E-DEMO-KS-0355,2025-10-26,1
V-003212,E-DEMO-KS-0355,2025-11-04,1
V-003213,E-DEMO-KS-0356,2024-11-22,1
V-003214,E-DEMO-KS-0356,2025-01-08,1
V-003215,E-DEMO-KS-0356,2025-04-03,1
V-003216,E-DEMO-KS-0356,2025-05-24,1
V-003217,E-DEMO-KS-0356,2025-07-14,1
V-003218,E-DEMO-KS-0356,2025-08-15,1
V-003219,E-DEMO-KS-0356,2025-09-06,1
V-003220,E-DEMO-KS-0356,2025-10-14,1
V-003221,E-DEMO-KS-0356,2025-11-11,1
V-003222,E-DEMO-KS-0356,2025-12-06,1
V-003223,E-DEMO-KS-0357,2024-12-25,1
V-003224,E-DEMO-KS-0357,2025-01-19,1
V-003225,E-DEMO-KS-0357,2025-02-02,1
V-003226,E-DEMO-KS-0358,2023-08-30,1
V-003227,E-DEMO-KS-0358,2023-09-28,1
V-003228,E-DEMO-KS-0358,2023-10-08,1
V-003229,E-DEMO-KS-0358,2023-11-17,1
V-003230,E-DEMO-KS-0358,2023-12-25,1
V-003231,E-DEMO-KS-0358,2024-02-27,1
V-003232,E-DEMO-KS-0358,2024-03-30,1
V-003233,E-DEMO-KS-0358,2024-04-01,1
V-003234,E-DEMO-KS-0358,2024-05-27,1
V-003235,E-DEMO-KS-0358,2024-06-04,1
V-003236,E-DEMO-KS-0358,2024-08-04,1
V-003237,E-DEMO-KS-0359,2023-05-14,1
V-003238,E-DEMO-KS-0360,2023-03-24,1
V-003239,E-DEMO-KS-0360,2023-06-02,1
V-003240,E-DEMO-KS-0361,2023-10-30,1
V-003241,E-DEMO-KS-0361,2023-11-04,1
V-003242,E-DEMO-KS-0361,2024-01-20,1
V-003243,E-DEMO-KS-0361,2024-02-11,1
V-003244,E-DEMO-KS-0361,2024-04-23,1
V-003245,E-DEMO-KS-0361,2024-05-28,1
V-003246,E-DEMO-KS-0361,2024-06-27,1
V-003247,E-DEMO-KS-0361,2024-07-27,1
V-003248,E-DEMO-KS-0361,2024-08-24,1
V-003249,E-DEMO-KS-0361,2024-09-17,1
V-003250,E-DEMO-KS-0362,2024-05-31,1
V-003251,E-DEMO-KS-0362,2024-06-13,1
V-003252,E-DEMO-KS-0362,2024-07-26,1
V-003253,E-DEMO-KS-0362,2024-08-28,1
V-003254,E-DEMO-KS-0362,2024-09-04,1
V-003255,E-DEMO-KS-0362,2024-10-11,1
V-003256,E-DEMO-KS-0362,2024-11-26,1
V-003257,E-DEMO-KS-0362,2025-01-03,1
V-003258,E-DEMO-KS-0362,2025-02-17,1
V-003259,E-DEMO-KS-0362,2025-03-09,1
V-003260,E-DEMO-KS-0363,2024-03-24,1
V-003261,E-DEMO-KS-0363,2024-04-28,1
V-003262,E-DEMO-KS-0363,2024-05-07,1
V-003263,E-DEMO-KS-0363,2024-06-18,1
V-003264,E-DEMO-KS-0363,2024-07-31,1
V-003265,E-DEMO-KS-0363,2024-08-26,1
V-003266,E-DEMO-KS-0363,2024-10-01,1
V-003267,E-DEMO-KS-0363,2024-12-12,1
V-003268,E-DEMO-KS-0363,2025-01-28,1
V-003269,E-DEMO-KS-0363,2025-02-16,1
V-003270,E-DEMO-KS-0363,2025-03-04,1
V-003271,E-DEMO-KS-0363,2025-04-27,1
V-003272,E-DEMO-KS-0363,2025-05-06,1
V-003273,E-DEMO-KS-0363,2025-06-10,1
V-003274,E-DEMO-KS-0363,2025-07-05,1
V-003275,E-DEMO-KS-0363,2025-08-29,1
V-003276,E-DEMO-KS-0363,2025-09-15,1
V-003277,E-DEMO-KS-0363,2025-10-29,1
V-003278,E-DEMO-KS-0363,2025-12-18,1
V-003279,E-DEMO-KS-0364,2024-10-05,1
V-003280,E-DEMO-KS-0364,2024-11-23,1
V-003281,E-DEMO-KS-0364,2024-12-10,1
V-003282,E-DEMO-KS-0364,2025-02-03,1
V-003283,E-DEMO-KS-0364,2025-04-07,1
V-003284,E-DEMO-KS-0364,2025-07-27,1
V-003285,E-DEMO-KS-0364,2025-08-19,1
V-003286,E-DEMO-KS-0364,2025-09-29,1
V-003287,E-DEMO-KS-0364,2025-10-18,1
V-003288,E-DEMO-KS-0364,2025-11-23,1
V-003289,E-DEMO-KS-0364,2025-12-27,1
V-003290,E-DEMO-KS-0365,2025-08-24,1
V-003291,E-DEMO-KS-0365,2025-09-28,1
V-003292,E-DEMO-KS-0365,2025-10-02,1
V-003293,E-DEMO-KS-0365,2025-11-11,1
V-003294,E-DEMO-KS-0365,2025-12-18,1
V-003295,E-DEMO-KS-0366,2025-08-13,1
V-003296,E-DEMO-KS-0366,2025-09-15,1
V-003297,E-DEMO-KS-0366,2025-12-13,1
V-003298,E-DEMO-KS-0367,2024-06-05,1
V-003299,E-DEMO-KS-0367,2024-07-14,1
V-003300,E-DEMO-KS-0367,2024-08-06,1
V-003301,E-DEMO-KS-0367,2024-09-05,1
V-003302,E-DEMO-KS-0367,2024-10-13,1
V-003303,E-DEMO-KS-0367,2024-11-19,1
V-003304,E-DEMO-KS-0367,2025-01-12,1
V-003305,E-DEMO-KS-0367,2025-02-22,1
V-003306,E-DEMO-KS-0367,2025-03-31,1
V-003307,E-DEMO-KS-0367,2025-04-22,1
V-003308,E-DEMO-KS-0367,2025-06-03,1
V-003309,E-DEMO-KS-0367,2025-07-03,1
V-003310,E-DEMO-KS-0367,2025-08-14,1
V-003311,E-DEMO-KS-0367,2025-09-09,1
V-003312,E-DEMO-KS-0367,2025-10-02,1
V-003313,E-DEMO-KS-0367,2025-11-13,1
V-003314,E-DEMO-KS-0367,2025-12-12,1
V-003315,E-DEMO-KS-0368,2023-02-23,1
V-003316,E-DEMO-KS-0368,2023-03-08,1
V-003317,E-DEMO-KS-0368,2023-04-25,1
V-003318,E-DEMO-KS-0368,2023-05-02,1
V-003319,E-DEMO-KS-0368,2023-07-21,1
V-003320,E-DEMO-KS-0368,2023-08-20,1
V-003321,E-DEMO-KS-0368,2023-09-17,1
V-003322,E-DEMO-KS-0368,2023-11-03,1
V-003323,E-DEMO-KS-0368,2023-12-21,1
V-003324,E-DEMO-KS-0368,2024-02-04,1
V-003325,E-DEMO-KS-0368,2024-03-17,1
V-003326,E-DEMO-KS-0368,2024-04-01,1
V-003327,E-DEMO-KS-0368,2024-05-28,1
V-003328,E-DEMO-KS-0368,2024-10-02,1
V-003329,E-DEMO-KS-0368,2024-11-21,1
V-003330,E-DEMO-KS-0368,2024-12-02,1
V-003331,E-DEMO-KS-0369,2024-08-02,1
V-003332,E-DEMO-KS-0369,2024-09-23,1
V-003333,E-DEMO-KS-0369,2024-10-18,1
V-003334,E-DEMO-KS-0369,2024-11-20,1
V-003335,E-DEMO-KS-0369,2024-12-28,1
V-003336,E-DEMO-KS-0369,2025-01-11,1
V-003337,E-DEMO-KS-0369,2025-02-23,1
V-003338,E-DEMO-KS-0369,2025-03-19,1
V-003339,E-DEMO-KS-0369,2025-04-20,1
V-003340,E-DEMO-KS-0369,2025-05-20,1
V-003341,E-DEMO-KS-0369,2025-06-20,1
V-003342,E-DEMO-KS-0369,2025-07-15,1
V-003343,E-DEMO-KS-0369,2025-08-07,1
V-003344,E-DEMO-KS-0369,2025-10-16,1
V-003345,E-DEMO-KS-0369,2025-12-21,1
V-003346,E-DEMO-KS-0370,2023-03-25,1
V-003347,E-DEMO-KS-0370,2023-04-22,1
V-003348,E-DEMO-KS-0370,2023-05-22,1
V-003349,E-DEMO-KS-0370,2023-06-08,1
V-003350,E-DEMO-KS-0370,2023-08-11,1
V-003351,E-DEMO-KS-0370,2023-09-02,1
V-003352,E-DEMO-KS-0370,2023-10-05,1
V-003353,E-DEMO-KS-0370,2023-11-01,1
V-003354,E-DEMO-KS-0370,2023-12-19,1
V-003355,E-DEMO-KS-0370,2024-01-13,1
V-003356,E-DEMO-KS-0370,2024-03-28,1
V-003357,E-DEMO-KS-0370,2024-06-30,1
V-003358,E-DEMO-KS-0370,2024-08-27,1
V-003359,E-DEMO-KS-0370,2024-10-24,1
V-003360,E-DEMO-KS-0370,2024-12-10,1
V-003361,E-DEMO-KS-0370,2025-01-12,1
V-003362,E-DEMO-KS-0370,2025-02-05,1
V-003363,E-DEMO-KS-0370,2025-03-02,1
V-003364,E-DEMO-KS-0371,2023-10-03,1
V-003365,E-DEMO-KS-0371,2024-01-02,1
V-003366,E-DEMO-KS-0371,2024-03-23,1
V-003367,E-DEMO-KS-0371,2024-04-13,1
V-003368,E-DEMO-KS-0371,2024-05-15,1
V-003369,E-DEMO-KS-0371,2024-07-03,1
V-003370,E-DEMO-KS-0371,2024-08-12,1
V-003371,E-DEMO-KS-0371,2024-09-04,1
V-003372,E-DEMO-KS-0371,2024-10-12,1
V-003373,E-DEMO-KS-0371,2025-01-10,1
V-003374,E-DEMO-KS-0371,2025-02-06,1
V-003375,E-DEMO-KS-0371,2025-03-22,1
V-003376,E-DEMO-KS-0371,2025-04-14,1
V-003377,E-DEMO-KS-0371,2025-06-10,1
V-003378,E-DEMO-KS-0371,2025-08-20,1
V-003379,E-DEMO-KS-0371,2025-09-29,1
V-003380,E-DEMO-KS-0371,2025-10-07,1
V-003381,E-DEMO-KS-0371,2025-11-27,1
V-003382,E-DEMO-KS-0372,2025-07-20,1
V-003383,E-DEMO-KS-0372,2025-08-20,1
V-003384,E-DEMO-KS-0372,2025-09-19,1
V-003385,E-DEMO-KS-0372,2025-10-01,1
V-003386,E-DEMO-KS-0372,2025-11-13,1
V-003387,E-DEMO-KS-0373,2024-12-04,1
V-003388,E-DEMO-KS-0373,2025-01-17,1
V-003389,E-DEMO-KS-0374,2023-08-22,1
V-003390,E-DEMO-KS-0374,2023-09-14,1
V-003391,E-DEMO-KS-0375,2024-10-23,1
V-003392,E-DEMO-KS-0375,2024-11-10,1
V-003393,E-DEMO-KS-0375,2024-12-13,1
V-003394,E-DEMO-KS-0375,2025-01-31,1
V-003395,E-DEMO-KS-0375,2025-02-25,1
V-003396,E-DEMO-KS-0375,2025-03-05,1
V-003397,E-DEMO-KS-0375,2025-04-13,1
V-003398,E-DEMO-KS-0375,2025-05-11,1
V-003399,E-DEMO-KS-0375,2025-06-13,1
V-003400,E-DEMO-KS-0375,2025-07-26,1
V-003401,E-DEMO-KS-0375,2025-08-05,1
V-003402,E-DEMO-KS-0375,2025-09-03,1
V-003403,E-DEMO-KS-0375,2025-11-17,1
V-003404,E-DEMO-KS-0375,2025-12-19,1
V-003405,E-DEMO-KS-0376,2025-01-14,1
V-003406,E-DEMO-KS-0376,2025-03-03,1
V-003407,E-DEMO-KS-0376,2025-04-19,1
V-003408,E-DEMO-KS-0376,2025-05-11,1
V-003409,E-DEMO-KS-0376,2025-07-18,1
V-003410,E-DEMO-KS-0376,2025-08-25,1
V-003411,E-DEMO-KS-0376,2025-09-20,1
V-003412,E-DEMO-KS-0376,2025-11-03,1
V-003413,E-DEMO-KS-0376,2025-12-24,1
V-003414,E-DEMO-KS-0377,2025-10-10,1
V-003415,E-DEMO-KS-0377,2025-11-07,1
V-003416,E-DEMO-KS-0377,2025-12-10,1
V-003417,E-DEMO-KS-0378,2025-09-21,1
V-003418,E-DEMO-KS-0378,2025-10-07,1
V-003419,E-DEMO-KS-0378,2025-11-20,1
V-003420,E-DEMO-KS-0378,2025-12-04,1
V-003421,E-DEMO-KS-0379,2025-10-30,1
V-003422,E-DEMO-KS-0380,2024-04-26,1
V-003423,E-DEMO-KS-0380,2024-05-28,1
V-003424,E-DEMO-KS-0380,2024-06-02,1
V-003425,E-DEMO-KS-0380,2024-08-01,1
V-003426,E-DEMO-KS-0380,2025-01-29,1
V-003427,E-DEMO-KS-0380,2025-02-13,1
V-003428,E-DEMO-KS-0380,2025-03-22,1
V-003429,E-DEMO-KS-0380,2025-04-05,1
V-003430,E-DEMO-KS-0380,2025-06-13,1
V-003431,E-DEMO-KS-0380,2025-07-04,1
V-003432,E-DEMO-KS-0380,2025-08-27,1
V-003433,E-DEMO-KS-0381,2024-07-27,1
V-003434,E-DEMO-KS-0381,2024-08-19,1
V-003435,E-DEMO-KS-0381,2024-10-04,1
V-003436,E-DEMO-KS-0381,2024-11-06,1
V-003437,E-DEMO-KS-0381,2024-12-19,1
V-003438,E-DEMO-KS-0381,2025-01-16,1
V-003439,E-DEMO-KS-0381,2025-04-24,1
V-003440,E-DEMO-KS-0381,2025-05-08,1
V-003441,E-DEMO-KS-0381,2025-07-10,1
V-003442,E-DEMO-KS-0381,2025-09-20,1
V-003443,E-DEMO-KS-0381,2025-10-13,1
V-003444,E-DEMO-KS-0381,2025-11-17,1
V-003445,E-DEMO-KS-0381,2025-12-24,1
V-003446,E-DEMO-KS-0382,2023-09-22,1
V-003447,E-DEMO-KS-0382,2023-11-16,1
V-003448,E-DEMO-KS-0382,2023-12-27,1
V-003449,E-DEMO-KS-0382,2024-01-06,1
V-003450,E-DEMO-KS-0382,2024-02-04,1
V-003451,E-DEMO-KS-0382,2024-03-28,1
V-003452,E-DEMO-KS-0383,2023-07-06,1
V-003453,E-DEMO-KS-0383,2023-08-02,1
V-003454,E-DEMO-KS-0383,2023-09-12,1
V-003455,E-DEMO-KS-0383,2023-10-05,1
V-003456,E-DEMO-KS-0383,2023-12-07,1
V-003457,E-DEMO-KS-0383,2024-01-22,1
V-003458,E-DEMO-KS-0383,2024-02-17,1
V-003459,E-DEMO-KS-0383,2024-03-19,1
V-003460,E-DEMO-KS-0383,2024-04-28,1
V-003461,E-DEMO-KS-0383,2024-05-04,1
V-003462,E-DEMO-KS-0383,2024-06-02,1
V-003463,E-DEMO-KS-0383,2024-08-10,1
V-003464,E-DEMO-KS-0383,2024-09-24,1
V-003465,E-DEMO-KS-0383,2024-10-23,1
V-003466,E-DEMO-KS-0384,2023-03-29,1
V-003467,E-DEMO-KS-0384,2023-04-03,1
V-003468,E-DEMO-KS-0384,2023-06-13,1
V-003469,E-DEMO-KS-0384,2023-07-03,1
V-003470,E-DEMO-KS-0384,2023-10-19,1
V-003471,E-DEMO-KS-0384,2023-11-10,1
V-003472,E-DEMO-KS-0384,2024-01-09,1
V-003473,E-DEMO-KS-0384,2024-02-03,1
V-003474,E-DEMO-KS-0384,2024-03-18,1
V-003475,E-DEMO-KS-0384,2024-04-15,1
V-003476,E-DEMO-KS-0384,2024-05-01,1
V-003477,E-DEMO-KS-0384,2024-06-01,1
V-003478,E-DEMO-KS-0384,2024-07-24,1
V-003479,E-DEMO-KS-0384,2024-08-20,1
V-003480,E-DEMO-KS-0384,2024-09-17,1
V-003481,E-DEMO-KS-0384,2024-10-07,1
V-003482,E-DEMO-KS-0384,2024-11-03,1
V-003483,E-DEMO-KS-0384,2024-12-15,1
V-003484,E-DEMO-KS-0384,2025-01-29,1
V-003485,E-DEMO-KS-0384,2025-02-23,1
V-003486,E-DEMO-KS-0384,2025-03-14,1
V-003487,E-DEMO-KS-0384,2025-04-05,1
V-003488,E-DEMO-KS-0384,2025-05-19,1
V-003489,E-DEMO-KS-0385,2024-12-27,1
V-003490,E-DEMO-KS-0385,2025-01-13,1
V-003491,E-DEMO-KS-0385,2025-02-20,1
V-003492,E-DEMO-KS-0385,2025-04-09,1
V-003493,E-DEMO-KS-0385,2025-05-13,1
V-003494,E-DEMO-KS-0385,2025-06-06,1
V-003495,E-DEMO-KS-0385,2025-07-02,1
V-003496,E-DEMO-KS-0385,2025-08-13,1
V-003497,E-DEMO-KS-0386,2025-07-02,1
V-003498,E-DEMO-KS-0386,2025-08-11,1
V-003499,E-DEMO-KS-0386,2025-09-22,1
V-003500,E-DEMO-KS-0386,2025-10-22,1
V-003501,E-DEMO-KS-0386,2025-11-28,1
V-003502,E-DEMO-KS-0386,2025-12-05,1
V-003503,E-DEMO-KS-0387,2025-09-27,1
V-003504,E-DEMO-KS-0387,2025-10-25,1
V-003505,E-DEMO-KS-0387,2025-11-25,1
V-003506,E-DEMO-KS-0387,2025-12-30,1
V-003507,E-DEMO-KS-0388,2023-10-20,1
V-003508,E-DEMO-KS-0388,2023-11-28,1
V-003509,E-DEMO-KS-0388,2023-12-14,1
V-003510,E-DEMO-KS-0388,2024-01-25,1
V-003511,E-DEMO-KS-0388,2024-02-29,1
V-003512,E-DEMO-KS-0388,2024-03-15,1
V-003513,E-DEMO-KS-0388,2024-04-17,1
V-003514,E-DEMO-KS-0388,2024-05-10,1
V-003515,E-DEMO-KS-0389,2024-01-24,1
V-003516,E-DEMO-KS-0389,2024-02-08,1
V-003517,E-DEMO-KS-0389,2024-03-13,1
V-003518,E-DEMO-KS-0389,2024-04-15,1
V-003519,E-DEMO-KS-0389,2024-05-31,1
V-003520,E-DEMO-KS-0389,2024-06-10,1
V-003521,E-DEMO-KS-0389,2024-07-04,1
V-003522,E-DEMO-KS-0389,2024-08-25,1
V-003523,E-DEMO-KS-0389,2024-09-10,1
V-003524,E-DEMO-KS-0389,2024-10-23,1
V-003525,E-DEMO-KS-0389,2024-11-03,1
V-003526,E-DEMO-KS-0389,2024-12-20,1
V-003527,E-DEMO-KS-0390,2024-01-27,1
V-003528,E-DEMO-KS-0390,2024-02-15,1
V-003529,E-DEMO-KS-0390,2024-03-05,1
V-003530,E-DEMO-KS-0390,2024-04-19,1
V-003531,E-DEMO-KS-0390,2024-06-08,1
V-003532,E-DEMO-KS-0390,2024-07-15,1
V-003533,E-DEMO-KS-0390,2024-08-02,1
V-003534,E-DEMO-KS-0390,2024-09-19,1
V-003535,E-DEMO-KS-0390,2024-10-04,1
V-003536,E-DEMO-KS-0390,2024-11-05,1
V-003537,E-DEMO-KS-0390,2024-12-19,1
V-003538,E-DEMO-KS-0390,2025-01-02,1
V-003539,E-DEMO-KS-0390,2025-02-11,1
V-003540,E-DEMO-KS-0390,2025-03-30,1
V-003541,E-DEMO-KS-0390,2025-04-08,1
V-003542,E-DEMO-KS-0390,2025-05-26,1
V-003543,E-DEMO-KS-0390,2025-06-25,1
V-003544,E-DEMO-KS-0390,2025-07-14,1
V-003545,E-DEMO-KS-0390,2025-08-09,1
V-003546,E-DEMO-KS-0391,2024-08-04,1
V-003547,E-DEMO-KS-0391,2024-10-20,1
V-003548,E-DEMO-KS-0391,2024-11-01,1
V-003549,E-DEMO-KS-0391,2024-12-07,1
V-003550,E-DEMO-KS-0392,2025-07-12,1
V-003551,E-DEMO-KS-0392,2025-09-18,1
V-003552,E-DEMO-KS-0392,2025-11-11,1
V-003553,E-DEMO-KS-0392,2025-12-14,1
V-003554,E-DEMO-KS-0393,2023-12-03,1
V-003555,E-DEMO-KS-0393,2024-01-06,1
V-003556,E-DEMO-KS-0393,2024-02-13,1
V-003557,E-DEMO-KS-0393,2024-03-07,1
V-003558,E-DEMO-KS-0393,2024-04-15,1
V-003559,E-DEMO-KS-0393,2024-05-29,1
V-003560,E-DEMO-KS-0393,2024-06-22,1
V-003561,E-DEMO-KS-0393,2024-07-23,1
V-003562,E-DEMO-KS-0393,2024-08-09,1
V-003563,E-DEMO-KS-0393,2024-09-24,1
V-003564,E-DEMO-KS-0393,2024-10-27,1
V-003565,E-DEMO-KS-0393,2024-11-22,1
V-003566,E-DEMO-KS-0394,2025-07-17,1
V-003567,E-DEMO-KS-0394,2025-08-06,1
V-003568,E-DEMO-KS-0394,2025-09-06,1
V-003569,E-DEMO-KS-0394,2025-10-05,1
V-003570,E-DEMO-KS-0394,2025-11-07,1
V-003571,E-DEMO-KS-0394,2025-12-24,1
V-003572,E-DEMO-KS-0395,2024-04-13,1
V-003573,E-DEMO-KS-0395,2024-05-07,1
V-003574,E-DEMO-KS-0395,2024-07-30,1
V-003575,E-DEMO-KS-0395,2024-08-27,1
V-003576,E-DEMO-KS-0395,2024-09-01,1
V-003577,E-DEMO-KS-0395,2024-10-11,1
V-003578,E-DEMO-KS-0395,2024-11-02,1
V-003579,E-DEMO-KS-0395,2024-12-19,1
V-003580,E-DEMO-KS-0395,2025-01-20,1
V-003581,E-DEMO-KS-0395,2025-02-13,1
V-003582,E-DEMO-KS-0395,2025-03-16,1
V-003583,E-DEMO-KS-0395,2025-04-29,1
V-003584,E-DEMO-KS-0395,2025-05-04,1
V-003585,E-DEMO-KS-0395,2025-06-27,1
V-003586,E-DEMO-KS-0395,2025-08-15,1
V-003587,E-DEMO-KS-0395,2025-09-09,1
V-003588,E-DEMO-KS-0396,2024-09-17,1
V-003589,E-DEMO-KS-0396,2024-10-15,1
V-003590,E-DEMO-KS-0396,2024-11-03,1
V-003591,E-DEMO-KS-0396,2024-12-02,1
V-003592,E-DEMO-KS-0396,2025-03-01,1
V-003593,E-DEMO-KS-0397,2025-01-05,1
V-003594,E-DEMO-KS-0397,2025-02-20,1
V-003595,E-DEMO-KS-0398,2025-05-21,1
V-003596,E-DEMO-KS-0398,2025-06-14,1
V-003597,E-DEMO-KS-0398,2025-07-04,1
V-003598,E-DEMO-KS-0398,2025-09-07,1
V-003599,E-DEMO-KS-0398,2025-10-05,1
V-003600,E-DEMO-KS-0398,2025-11-12,1
V-003601,E-DEMO-KS-0398,2025-12-09,1
V-003602,E-DEMO-KS-0399,2025-08-13,1
V-003603,E-DEMO-KS-0399,2025-09-12,1
V-003604,E-DEMO-KS-0399,2025-10-23,1
V-003605,E-DEMO-KS-0399,2025-11-17,1
V-003606,E-DEMO-KS-0399,2025-12-04,1
V-003607,E-DEMO-KS-0400,2023-06-19,1
V-003608,E-DEMO-KS-0400,2023-09-01,1
V-003609,E-DEMO-KS-0400,2023-10-20,1
V-003610,E-DEMO-KS-0400,2023-11-18,1
V-003611,E-DEMO-KS-0400,2024-01-26,1
V-003612,E-DEMO-KS-0400,2024-02-27,1
V-003613,E-DEMO-KS-0400,2024-03-31,1
V-003614,E-DEMO-KS-0400,2024-04-14,1
V-003615,E-DEMO-KS-0400,2024-06-09,1
V-003616,E-DEMO-KS-0400,2024-08-11,1
V-003617,E-DEMO-KS-0400,2024-09-18,1
V-003618,E-DEMO-KS-0400,2024-10-16,1
V-003619,E-DEMO-KS-0400,2024-11-11,1
V-003620,E-DEMO-KS-0400,2024-12-12,1
V-003621,E-DEMO-KS-0400,2025-01-05,1
V-003622,E-DEMO-MI-0001,2025-09-19,1
V-003623,E-DEMO-MI-0001,2025-10-05,1
V-003624,E-DEMO-MI-0001,2025-11-16,1
V-003625,E-DEMO-MI-0001,2025-12-14,1
V-003626,E-DEMO-MI-0002,2023-03-22,1
V-003627,E-DEMO-MI-0002,2023-04-20,1
V-003628,E-DEMO-MI-0002,2023-05-25,1
V-003629,E-DEMO-MI-0003,2023-12-12,1
V-003630,E-DEMO-MI-0003,2024-01-30,1
V-003631,E-DEMO-MI-0003,2024-02-07,1
V-003632,E-DEMO-MI-0003,2024-03-03,1
V-003633,E-DEMO-MI-0003,2024-04-23,1
V-003634,E-DEMO-MI-0004,2024-05-31,1
V-003635,E-DEMO-MI-0004,2024-06-01,1
V-003636,E-DEMO-MI-0004,2024-07-25,1
V-003637,E-DEMO-MI-0004,2024-08-04,1
V-003638,E-DEMO-MI-0004,2024-09-22,1
V-003639,E-DEMO-MI-0004,2024-11-26,1
V-003640,E-DEMO-MI-0004,2025-01-04,1
V-003641,E-DEMO-MI-0004,2025-02-15,1
V-003642,E-DEMO-MI-0004,2025-03-26,1
V-003643,E-DEMO-MI-0004,2025-05-12,1
V-003644,E-DEMO-MI-0004,2025-06-28,1
V-003645,E-DEMO-MI-0004,2025-08-11,1
V-003646,E-DEMO-MI-0004,2025-09-02,1
V-003647,E-DEMO-MI-0004,2025-10-23,1
V-003648,E-DEMO-MI-0004,2025-11-08,1
V-003649,E-DEMO-MI-0004,2025-12-20,1
V-003650,E-DEMO-MI-0005,2024-05-31,1
V-003651,E-DEMO-MI-0005,2024-06-13,1
V-003652,E-DEMO-MI-0005,2024-07-23,1
V-003653,E-DEMO-MI-0005,2024-08-13,1
V-003654,E-DEMO-MI-0005,2024-09-15,1
V-003655,E-DEMO-MI-0005,2024-10-08,1
V-003656,E-DEMO-MI-0005,2024-11-03,1
V-003657,E-DEMO-MI-0005,2024-12-31,1
V-003658,E-DEMO-MI-0005,2025-01-14,1
V-003659,E-DEMO-MI-0005,2025-02-24,1
V-003660,E-DEMO-MI-0005,2025-03-09,1
V-003661,E-DEMO-MI-0005,2025-04-14,1
V-003662,E-DEMO-MI-0005,2025-05-08,1
V-003663,E-DEMO-MI-0005,2025-06-25,1
V-003664,E-DEMO-MI-0005,2025-07-31,1
V-003665,E-DEMO-MI-0005,2025-08-01,1
V-003666,E-DEMO-MI-0005,2025-09-01,1
V-003667,E-DEMO-MI-0005,2025-11-01,1
V-003668,E-DEMO-MI-0005,2025-12-16,1
V-003669,E-DEMO-MI-0007,2025-05-06,1
V-003670,E-DEMO-MI-0007,2025-06-16,1
V-003671,E-DEMO-MI-0007,2025-07-12,1
V-003672,E-DEMO-MI-0008,2023-03-21,1
V-003673,E-DEMO-MI-0008,2023-04-16,1
V-003674,E-DEMO-MI-0008,2023-05-21,1
V-003675,E-DEMO-MI-0008,2023-06-12,1
V-003676,E-DEMO-MI-0008,2023-07-20,1
V-003677,E-DEMO-MI-0009,2025-06-12,1
V-003678,E-DEMO-MI-0009,2025-07-25,1
V-003679,E-DEMO-MI-0009,2025-11-29,1
V-003680,E-DEMO-MI-0009,2025-12-31,1
V-003681,E-DEMO-MI-0010,2024-03-24,1
V-003682,E-DEMO-MI-0010,2024-04-18,1
V-003683,E-DEMO-MI-0010,2024-06-13,1
V-003684,E-DEMO-MI-0010,2024-07-25,1
V-003685,E-DEMO-MI-0010,2024-08-17,1
V-003686,E-DEMO-MI-0010,2024-10-17,1
V-003687,E-DEMO-MI-0010,2024-11-14,1
V-003688,E-DEMO-MI-0010,2024-12-09,1
V-003689,E-DEMO-MI-0010,2025-03-09,1
V-003690,E-DEMO-MI-0011,2025-03-21,1
V-003691,E-DEMO-MI-0011,2025-04-08,1
V-003692,E-DEMO-MI-0011,2025-05-15,1
V-003693,E-DEMO-MI-0011,2025-06-25,1
V-003694,E-DEMO-MI-0011,2025-08-23,1
V-003695,E-DEMO-MI-0011,2025-09-03,1
V-003696,E-DEMO-MI-0011,2025-10-23,1
V-003697,E-DEMO-MI-0011,2025-11-26,1
V-003698,E-DEMO-MI-0011,2025-12-05,1
V-003699,E-DEMO-MI-0012,2024-02-13,1
V-003700,E-DEMO-MI-0012,2024-03-18,1
V-003701,E-DEMO-MI-0012,2024-04-29,1
V-003702,E-DEMO-MI-0012,2024-05-17,1
V-003703,E-DEMO-MI-0012,2024-07-10,1
V-003704,E-DEMO-MI-0012,2024-08-05,1
V-003705,E-DEMO-MI-0012,2024-09-09,1
V-003706,E-DEMO-MI-0013,2024-05-24,1
V-003707,E-DEMO-MI-0013,2024-07-18,1
V-003708,E-DEMO-MI-0014,2024-08-24,1
V-003709,E-DEMO-MI-0014,2024-09-04,1
V-003710,E-DEMO-MI-0014,2024-10-27,1
V-003711,E-DEMO-MI-0015,2025-05-19,1
V-003712,E-DEMO-MI-0015,2025-06-25,1
V-003713,E-DEMO-MI-0016,2023-07-21,1
V-003714,E-DEMO-MI-0016,2023-08-21,1
V-003715,E-DEMO-MI-0016,2023-09-16,1
V-003716,E-DEMO-MI-0016,2023-10-03,1
V-003717,E-DEMO-MI-0016,2023-11-27,1
V-003718,E-DEMO-MI-0016,2023-12-16,1
V-003719,E-DEMO-MI-0016,2024-01-20,1
V-003720,E-DEMO-MI-0016,2024-02-16,1
V-003721,E-DEMO-MI-0016,2024-03-22,1
V-003722,E-DEMO-MI-0016,2024-04-06,1
V-003723,E-DEMO-MI-0016,2024-05-14,1
V-003724,E-DEMO-MI-0016,2024-06-20,1
V-003725,E-DEMO-MI-0016,2024-07-02,1
V-003726,E-DEMO-MI-0016,2024-08-08,1
V-003727,E-DEMO-MI-0016,2024-09-12,1
V-003728,E-DEMO-MI-0016,2024-10-02,1
V-003729,E-DEMO-MI-0016,2024-11-10,1
V-003730,E-DEMO-MI-0016,2024-12-08,1
V-003731,E-DEMO-MI-0016,2025-01-25,1
V-003732,E-DEMO-MI-0016,2025-02-16,1
V-003733,E-DEMO-MI-0016,2025-03-31,1
V-003734,E-DEMO-MI-0016,2025-05-11,1
V-003735,E-DEMO-MI-0017,2023-03-03,1
V-003736,E-DEMO-MI-0017,2023-04-16,1
V-003737,E-DEMO-MI-0017,2023-05-05,1
V-003738,E-DEMO-MI-0017,2023-06-03,1
V-003739,E-DEMO-MI-0017,2023-07-15,1
V-003740,E-DEMO-MI-0017,2023-08-26,1
V-003741,E-DEMO-MI-0017,2023-09-20,1
V-003742,E-DEMO-MI-0017,2023-10-29,1
V-003743,E-DEMO-MI-0017,2023-11-18,1
V-003744,E-DEMO-MI-0017,2023-12-06,1
V-003745,E-DEMO-MI-0017,2024-02-09,1
V-003746,E-DEMO-MI-0017,2024-03-27,1
V-003747,E-DEMO-MI-0017,2024-04-12,1
V-003748,E-DEMO-MI-0017,2024-05-31,1
V-003749,E-DEMO-MI-0017,2024-06-29,1
V-003750,E-DEMO-MI-0017,2024-07-30,1
V-003751,E-DEMO-MI-0018,2024-01-02,1
V-003752,E-DEMO-MI-0018,2024-02-06,1
V-003753,E-DEMO-MI-0018,2024-03-21,1
V-003754,E-DEMO-MI-0018,2024-04-13,1
V-003755,E-DEMO-MI-0018,2024-05-24,1
V-003756,E-DEMO-MI-0018,2024-06-12,1
V-003757,E-DEMO-MI-0018,2024-07-21,1
V-003758,E-DEMO-MI-0018,2024-08-07,1
V-003759,E-DEMO-MI-0018,2024-09-21,1
V-003760,E-DEMO-MI-0018,2024-10-02,1
V-003761,E-DEMO-MI-0018,2024-11-21,1
V-003762,E-DEMO-MI-0018,2025-01-10,1
V-003763,E-DEMO-MI-0018,2025-02-16,1
V-003764,E-DEMO-MI-0018,2025-03-13,1
V-003765,E-DEMO-MI-0018,2025-04-19,1
V-003766,E-DEMO-MI-0018,2025-05-21,1
V-003767,E-DEMO-MI-0019,2023-05-27,1
V-003768,E-DEMO-MI-0019,2023-06-24,1
V-003769,E-DEMO-MI-0019,2023-07-30,1
V-003770,E-DEMO-MI-0019,2023-08-20,1
V-003771,E-DEMO-MI-0019,2023-09-27,1
V-003772,E-DEMO-MI-0019,2023-11-30,1
V-003773,E-DEMO-MI-0019,2024-01-11,1
V-003774,E-DEMO-MI-0019,2024-02-24,1
V-003775,E-DEMO-MI-0019,2024-03-25,1
V-003776,E-DEMO-MI-0019,2024-04-18,1
V-003777,E-DEMO-MI-0019,2024-06-25,1
V-003778,E-DEMO-MI-0019,2024-07-20,1
V-003779,E-DEMO-MI-0019,2024-08-11,1
V-003780,E-DEMO-MI-0019,2024-09-19,1
V-003781,E-DEMO-MI-0019,2025-02-07,1
V-003782,E-DEMO-MI-0019,2025-04-15,1
V-003783,E-DEMO-MI-0019,2025-05-20,1
V-003784,E-DEMO-MI-0020,2024-05-17,1
V-003785,E-DEMO-MI-0020,2024-06-04,1
V-003786,E-DEMO-MI-0021,2023-05-04,1
V-003787,E-DEMO-MI-0021,2023-06-27,1
V-003788,E-DEMO-MI-0021,2023-08-17,1
V-003789,E-DEMO-MI-0021,2023-09-06,1
V-003790,E-DEMO-MI-0021,2023-10-29,1
V-003791,E-DEMO-MI-0021,2023-12-28,1
V-003792,E-DEMO-MI-0021,2024-01-17,1
V-003793,E-DEMO-MI-0021,2024-03-11,1
V-003794,E-DEMO-MI-0022,2025-08-23,1
V-003795,E-DEMO-MI-0022,2025-09-29,1
V-003796,E-DEMO-MI-0022,2025-10-06,1
V-003797,E-DEMO-MI-0023,2025-09-12,1
V-003798,E-DEMO-MI-0023,2025-10-04,1
V-003799,E-DEMO-MI-0023,2025-11-10,1
V-003800,E-DEMO-MI-0023,2025-12-24,1
V-003801,E-DEMO-MI-0024,2023-11-06,1
V-003802,E-DEMO-MI-0024,2023-12-05,1
V-003803,E-DEMO-MI-0024,2024-01-05,1
V-003804,E-DEMO-MI-0024,2024-03-06,1
V-003805,E-DEMO-MI-0024,2024-04-13,1
V-003806,E-DEMO-MI-0024,2024-05-04,1
V-003807,E-DEMO-MI-0024,2024-06-06,1
V-003808,E-DEMO-MI-0024,2024-07-13,1
V-003809,E-DEMO-MI-0025,2023-08-06,1
V-003810,E-DEMO-MI-0025,2023-10-09,1
V-003811,E-DEMO-MI-0025,2023-11-14,1
V-003812,E-DEMO-MI-0025,2023-12-04,1
V-003813,E-DEMO-MI-0025,2024-01-31,1
V-003814,E-DEMO-MI-0025,2024-03-12,1
V-003815,E-DEMO-MI-0025,2024-04-07,1
V-003816,E-DEMO-MI-0025,2024-05-30,1
V-003817,E-DEMO-MI-0025,2024-06-23,1
V-003818,E-DEMO-MI-0025,2024-07-28,1
V-003819,E-DEMO-MI-0025,2024-08-27,1
V-003820,E-DEMO-MI-0025,2024-10-25,1
V-003821,E-DEMO-MI-0025,2024-11-29,1
V-003822,E-DEMO-MI-0025,2025-02-05,1
V-003823,E-DEMO-MI-0026,2024-04-12,1
V-003824,E-DEMO-MI-0026,2024-05-14,1
V-003825,E-DEMO-MI-0026,2024-06-02,1
V-003826,E-DEMO-MI-0026,2024-07-23,1
V-003827,E-DEMO-MI-0026,2024-08-11,1
V-003828,E-DEMO-MI-0026,2024-09-30,1
V-003829,E-DEMO-MI-0026,2024-10-22,1
V-003830,E-DEMO-MI-0026,2024-11-02,1
V-003831,E-DEMO-MI-0027,2023-02-27,1
V-003832,E-DEMO-MI-0027,2023-03-28,1
V-003833,E-DEMO-MI-0028,2024-09-21,1
V-003834,E-DEMO-MI-0028,2024-11-25,1
V-003835,E-DEMO-MI-0028,2025-01-05,1
V-003836,E-DEMO-MI-0028,2025-02-17,1
V-003837,E-DEMO-MI-0028,2025-03-16,1
V-003838,E-DEMO-MI-0028,2025-04-09,1
V-003839,E-DEMO-MI-0028,2025-05-24,1
V-003840,E-DEMO-MI-0028,2025-06-22,1
V-003841,E-DEMO-MI-0028,2025-07-11,1
V-003842,E-DEMO-MI-0028,2025-08-24,1
V-003843,E-DEMO-MI-0028,2025-09-13,1
V-003844,E-DEMO-MI-0028,2025-11-11,1
V-003845,E-DEMO-MI-0028,2025-12-06,1
V-003846,E-DEMO-MI-0029,2025-02-28,1
V-003847,E-DEMO-MI-0029,2025-03-12,1
V-003848,E-DEMO-MI-0029,2025-04-05,1
V-003849,E-DEMO-MI-0029,2025-06-26,1
V-003850,E-DEMO-MI-0029,2025-07-18,1
V-003851,E-DEMO-MI-0029,2025-08-01,1
V-003852,E-DEMO-MI-0029,2025-09-17,1
V-003853,E-DEMO-MI-0029,2025-10-31,1
V-003854,E-DEMO-MI-0029,2025-11-10,1
V-003855,E-DEMO-MI-0029,2025-12-08,1
V-003856,E-DEMO-MI-0030,2025-05-29,1
V-003857,E-DEMO-MI-0030,2025-08-21,1
V-003858,E-DEMO-MI-0030,2025-09-06,1
V-003859,E-DEMO-MI-0030,2025-10-02,1
V-003860,E-DEMO-MI-0030,2025-11-25,1
V-003861,E-DEMO-MI-0030,2025-12-13,1
V-003862,E-DEMO-MI-0031,2025-03-21,1
V-003863,E-DEMO-MI-0031,2025-05-07,1
V-003864,E-DEMO-MI-0031,2025-06-17,1
V-003865,E-DEMO-MI-0031,2025-07-26,1
V-003866,E-DEMO-MI-0031,2025-08-10,1
V-003867,E-DEMO-MI-0032,2024-09-17,1
V-003868,E-DEMO-MI-0032,2024-10-01,1
V-003869,E-DEMO-MI-0032,2024-12-28,1
V-003870,E-DEMO-MI-0032,2025-01-16,1
V-003871,E-DEMO-MI-0032,2025-02-15,1
V-003872,E-DEMO-MI-0032,2025-03-30,1
V-003873,E-DEMO-MI-0032,2025-04-21,1
V-003874,E-DEMO-MI-0032,2025-06-02,1
V-003875,E-DEMO-MI-0033,2024-04-21,1
V-003876,E-DEMO-MI-0033,2024-06-05,1
V-003877,E-DEMO-MI-0033,2024-07-20,1
V-003878,E-DEMO-MI-0033,2024-09-26,1
V-003879,E-DEMO-MI-0033,2024-11-16,1
V-003880,E-DEMO-MI-0033,2024-12-23,1
V-003881,E-DEMO-MI-0033,2025-01-07,1
V-003882,E-DEMO-MI-0033,2025-03-04,1
V-003883,E-DEMO-MI-0033,2025-04-20,1
V-003884,E-DEMO-MI-0033,2025-05-16,1
V-003885,E-DEMO-MI-0033,2025-07-02,1
V-003886,E-DEMO-MI-0033,2025-08-14,1
V-003887,E-DEMO-MI-0034,2024-12-16,1
V-003888,E-DEMO-MI-0034,2025-01-06,1
V-003889,E-DEMO-MI-0034,2025-02-04,1
V-003890,E-DEMO-MI-0034,2025-03-25,1
V-003891,E-DEMO-MI-0034,2025-05-29,1
V-003892,E-DEMO-MI-0035,2024-11-16,1
V-003893,E-DEMO-MI-0035,2024-12-29,1
V-003894,E-DEMO-MI-0035,2025-01-26,1
V-003895,E-DEMO-MI-0035,2025-03-14,1
V-003896,E-DEMO-MI-0035,2025-04-01,1
V-003897,E-DEMO-MI-0035,2025-05-07,1
V-003898,E-DEMO-MI-0035,2025-06-09,1
V-003899,E-DEMO-MI-0035,2025-07-17,1
V-003900,E-DEMO-MI-0035,2025-08-02,1
V-003901,E-DEMO-MI-0035,2025-09-15,1
V-003902,E-DEMO-MI-0035,2025-10-22,1
V-003903,E-DEMO-MI-0035,2025-12-12,1
V-003904,E-DEMO-MI-0036,2023-01-24,1
V-003905,E-DEMO-MI-0036,2023-03-10,1
V-003906,E-DEMO-MI-0036,2023-04-16,1
V-003907,E-DEMO-MI-0036,2023-05-04,1
V-003908,E-DEMO-MI-0036,2023-06-09,1
V-003909,E-DEMO-MI-0036,2023-07-19,1
V-003910,E-DEMO-MI-0036,2023-08-22,1
V-003911,E-DEMO-MI-0036,2023-09-22,1
V-003912,E-DEMO-MI-0036,2023-10-30,1
V-003913,E-DEMO-MI-0036,2023-11-16,1
V-003914,E-DEMO-MI-0036,2023-12-01,1
V-003915,E-DEMO-MI-0036,2024-01-04,1
V-003916,E-DEMO-MI-0036,2024-02-03,1
V-003917,E-DEMO-MI-0036,2024-03-16,1
V-003918,E-DEMO-MI-0036,2024-04-19,1
V-003919,E-DEMO-MI-0036,2024-05-11,1
V-003920,E-DEMO-MI-0036,2024-06-14,1
V-003921,E-DEMO-MI-0037,2023-08-06,1
V-003922,E-DEMO-MI-0037,2023-09-06,1
V-003923,E-DEMO-MI-0037,2023-11-27,1
V-003924,E-DEMO-MI-0037,2024-02-14,1
V-003925,E-DEMO-MI-0037,2024-04-08,1
V-003926,E-DEMO-MI-0037,2024-05-14,1
V-003927,E-DEMO-MI-0038,2024-01-05,1
V-003928,E-DEMO-MI-0038,2024-02-21,1
V-003929,E-DEMO-MI-0038,2024-03-08,1
V-003930,E-DEMO-MI-0038,2024-04-13,1
V-003931,E-DEMO-MI-0038,2024-05-17,1
V-003932,E-DEMO-MI-0039,2023-02-09,1
V-003933,E-DEMO-MI-0039,2023-03-11,1
V-003934,E-DEMO-MI-0039,2023-04-09,1
V-003935,E-DEMO-MI-0039,2023-05-03,1
V-003936,E-DEMO-MI-0039,2023-06-25,1
V-003937,E-DEMO-MI-0039,2023-07-10,1
V-003938,E-DEMO-MI-0040,2024-01-20,1
V-003939,E-DEMO-MI-0040,2024-02-08,1
V-003940,E-DEMO-MI-0040,2024-03-19,1
V-003941,E-DEMO-MI-0040,2024-04-13,1
V-003942,E-DEMO-MI-0040,2024-05-20,1
V-003943,E-DEMO-MI-0040,2024-06-09,1
V-003944,E-DEMO-MI-0040,2024-07-01,1
V-003945,E-DEMO-MI-0040,2024-08-29,1
V-003946,E-DEMO-MI-0040,2024-09-10,1
V-003947,E-DEMO-MI-0040,2024-10-05,1
V-003948,E-DEMO-MI-0040,2024-11-24,1
V-003949,E-DEMO-MI-0040,2024-12-19,1
V-003950,E-DEMO-MI-0040,2025-01-05,1
V-003951,E-DEMO-MI-0040,2025-02-07,1
V-003952,E-DEMO-MI-0040,2025-04-19,1
V-003953,E-DEMO-MI-0040,2025-05-10,1
V-003954,E-DEMO-MI-0040,2025-06-26,1
V-003955,E-DEMO-MI-0040,2025-07-09,1
V-003956,E-DEMO-MI-0040,2025-08-18,1
V-003957,E-DEMO-MI-0040,2025-09-10,1
V-003958,E-DEMO-MI-0040,2025-11-25,1
V-003959,E-DEMO-MI-0040,2025-12-08,1
V-003960,E-DEMO-MI-0041,2025-05-12,1
V-003961,E-DEMO-MI-0041,2025-06-29,1
V-003962,E-DEMO-MI-0041,2025-07-02,1
V-003963,E-DEMO-MI-0041,2025-08-13,1
V-003964,E-DEMO-MI-0041,2025-10-20,1
V-003965,E-DEMO-MI-0041,2025-11-29,1
V-003966,E-DEMO-MI-0041,2025-12-02,1
V-003967,E-DEMO-MI-0042,2023-08-08,1
V-003968,E-DEMO-MI-0042,2023-09-04,1
V-003969,E-DEMO-MI-0042,2023-10-16,1
V-003970,E-DEMO-MI-0043,2025-10-20,1
V-003971,E-DEMO-MI-0043,2025-11-30,1
V-003972,E-DEMO-MI-0043,2025-12-27,1
V-003973,E-DEMO-MI-0044,2025-05-16,1
V-003974,E-DEMO-MI-0044,2025-06-10,1
V-003975,E-DEMO-MI-0044,2025-07-18,1
V-003976,E-DEMO-MI-0044,2025-08-28,1
V-003977,E-DEMO-MI-0044,2025-09-26,1
V-003978,E-DEMO-MI-0044,2025-10-28,1
V-003979,E-DEMO-MI-0044,2025-11-05,1
V-003980,E-DEMO-MI-0044,2025-12-08,1
V-003981,E-DEMO-MI-0045,2024-10-29,1
V-003982,E-DEMO-MI-0045,2024-12-15,1
V-003983,E-DEMO-MI-0045,2025-01-25,1
V-003984,E-DEMO-MI-0045,2025-02-21,1
V-003985,E-DEMO-MI-0045,2025-03-31,1
V-003986,E-DEMO-MI-0045,2025-04-29,1
V-003987,E-DEMO-MI-0045,2025-06-01,1
V-003988,E-DEMO-MI-0045,2025-08-11,1
V-003989,E-DEMO-MI-0045,2025-09-24,1
V-003990,E-DEMO-MI-0045,2025-10-19,1
V-003991,E-DEMO-MI-0045,2025-11-22,1
V-003992,E-DEMO-MI-0046,2025-10-08,1
V-003993,E-DEMO-MI-0047,2025-06-07,1
V-003994,E-DEMO-MI-0047,2025-07-23,1
V-003995,E-DEMO-MI-0047,2025-09-02,1
V-003996,E-DEMO-MI-0048,2024-01-21,1
V-003997,E-DEMO-MI-0048,2024-02-12,1
V-003998,E-DEMO-MI-0048,2024-03-25,1
V-003999,E-DEMO-MI-0048,2024-05-20,1
V-004000,E-DEMO-MI-0049,2024-05-19,1
V-004001,E-DEMO-MI-0049,2024-06-04,1
V-004002,E-DEMO-MI-0049,2024-07-13,1
V-004003,E-DEMO-MI-0049,2024-08-10,1
V-004004,E-DEMO-MI-0049,2024-10-01,1
V-004005,E-DEMO-MI-0049,2024-11-28,1
V-004006,E-DEMO-MI-0049,2024-12-04,1
V-004007,E-DEMO-MI-0049,2025-01-10,1
V-004008,E-DEMO-MI-0049,2025-02-12,1
V-004009,E-DEMO-MI-0049,2025-03-16,1
V-004010,E-DEMO-MI-0049,2025-04-08,1
V-004011,E-DEMO-MI-0049,2025-05-03,1
V-004012,E-DEMO-MI-0049,2025-06-02,1
V-004013,E-DEMO-MI-0049,2025-07-30,1
V-004014,E-DEMO-MI-0049,2025-08-07,1
V-004015,E-DEMO-MI-0049,2025-09-16,1
V-004016,E-DEMO-MI-0049,2025-11-13,1
V-004017,E-DEMO-MI-0050,2024-08-02,1
V-004018,E-DEMO-MI-0050,2024-09-16,1
V-004019,E-DEMO-MI-0050,2024-10-19,1
V-004020,E-DEMO-MI-0050,2024-12-31,1
V-004021,E-DEMO-MI-0050,2025-01-27,1
V-004022,E-DEMO-MI-0050,2025-02-06,1
V-004023,E-DEMO-MI-0050,2025-03-26,1
V-004024,E-DEMO-MI-0050,2025-04-09,1
V-004025,E-DEMO-MI-0050,2025-05-15,1
V-004026,E-DEMO-MI-0050,2025-06-27,1
V-004027,E-DEMO-MI-0050,2025-08-21,1
V-004028,E-DEMO-MI-0051,2025-02-24,1
V-004029,E-DEMO-MI-0051,2025-03-29,1
V-004030,E-DEMO-MI-0051,2025-05-23,1
V-004031,E-DEMO-MI-0051,2025-06-24,1
V-004032,E-DEMO-MI-0051,2025-07-24,1
V-004033,E-DEMO-MI-0051,2025-09-02,1
V-004034,E-DEMO-MI-0051,2025-10-21,1
V-004035,E-DEMO-MI-0052,2024-09-21,1
V-004036,E-DEMO-MI-0052,2024-10-06,1
V-004037,E-DEMO-MI-0052,2024-11-21,1
V-004038,E-DEMO-MI-0052,2024-12-30,1
V-004039,E-DEMO-MI-0052,2025-01-25,1
V-004040,E-DEMO-MI-0052,2025-02-12,1
V-004041,E-DEMO-MI-0052,2025-03-07,1
V-004042,E-DEMO-MI-0052,2025-04-10,1
V-004043,E-DEMO-MI-0052,2025-05-27,1
V-004044,E-DEMO-MI-0052,2025-06-13,1
V-004045,E-DEMO-MI-0052,2025-07-06,1
V-004046,E-DEMO-MI-0052,2025-08-12,1
V-004047,E-DEMO-MI-0052,2025-09-09,1
V-004048,E-DEMO-MI-0052,2025-10-10,1
V-004049,E-DEMO-MI-0052,2025-11-04,1
V-004050,E-DEMO-MI-0052,2025-12-15,1
V-004051,E-DEMO-MI-0053,2023-06-09,1
V-004052,E-DEMO-MI-0053,2023-07-30,1
V-004053,E-DEMO-MI-0053,2023-09-12,1
V-004054,E-DEMO-MI-0053,2023-10-01,1
V-004055,E-DEMO-MI-0053,2023-11-02,1
V-004056,E-DEMO-MI-0053,2023-12-19,1
V-004057,E-DEMO-MI-0053,2024-01-17,1
V-004058,E-DEMO-MI-0053,2024-03-14,1
V-004059,E-DEMO-MI-0053,2024-04-24,1
V-004060,E-DEMO-MI-0053,2024-05-07,1
V-004061,E-DEMO-MI-0053,2024-06-01,1
V-004062,E-DEMO-MI-0053,2024-08-01,1
V-004063,E-DEMO-MI-0053,2024-09-22,1
V-004064,E-DEMO-MI-0054,2023-05-28,1
V-004065,E-DEMO-MI-0054,2023-06-17,1
V-004066,E-DEMO-MI-0054,2023-09-15,1
V-004067,E-DEMO-MI-0054,2024-01-21,1
V-004068,E-DEMO-MI-0054,2024-02-16,1
V-004069,E-DEMO-MI-0054,2024-03-19,1
V-004070,E-DEMO-MI-0054,2024-05-09,1
V-004071,E-DEMO-MI-0054,2024-06-03,1
V-004072,E-DEMO-MI-0054,2024-07-17,1
V-004073,E-DEMO-MI-0054,2024-09-18,1
V-004074,E-DEMO-MI-0054,2024-12-25,1
V-004075,E-DEMO-MI-0055,2024-04-10,1
V-004076,E-DEMO-MI-0055,2024-05-10,1
V-004077,E-DEMO-MI-0055,2024-06-03,1
V-004078,E-DEMO-MI-0055,2024-07-06,1
V-004079,E-DEMO-MI-0055,2024-08-04,1
V-004080,E-DEMO-MI-0055,2024-09-07,1
V-004081,E-DEMO-MI-0055,2024-10-02,1
V-004082,E-DEMO-MI-0055,2024-11-03,1
V-004083,E-DEMO-MI-0055,2024-12-19,1
V-004084,E-DEMO-MI-0055,2025-01-10,1
V-004085,E-DEMO-MI-0055,2025-02-04,1
V-004086,E-DEMO-MI-0055,2025-03-27,1
V-004087,E-DEMO-MI-0055,2025-06-25,1
V-004088,E-DEMO-MI-0055,2025-07-19,1
V-004089,E-DEMO-MI-0055,2025-10-31,1
V-004090,E-DEMO-MI-0055,2025-11-11,1
V-004091,E-DEMO-MI-0055,2025-12-24,1
V-004092,E-DEMO-MI-0056,2025-09-16,1
V-004093,E-DEMO-MI-0056,2025-11-06,1
V-004094,E-DEMO-MI-0057,2024-01-28,1
V-004095,E-DEMO-MI-0057,2024-02-23,1
V-004096,E-DEMO-MI-0057,2024-03-04,1
V-004097,E-DEMO-MI-0057,2024-04-03,1
V-004098,E-DEMO-MI-0057,2024-05-03,1
V-004099,E-DEMO-MI-0057,2024-06-18,1
V-004100,E-DEMO-MI-0057,2024-07-18,1
V-004101,E-DEMO-MI-0057,2024-08-14,1
V-004102,E-DEMO-MI-0057,2024-09-30,1
V-004103,E-DEMO-MI-0057,2024-10-30,1
V-004104,E-DEMO-MI-0057,2024-11-22,1
V-004105,E-DEMO-MI-0058,2025-06-04,1
V-004106,E-DEMO-MI-0058,2025-08-26,1
V-004107,E-DEMO-MI-0058,2025-09-14,1
V-004108,E-DEMO-MI-0058,2025-10-21,1
V-004109,E-DEMO-MI-0058,2025-11-29,1
V-004110,E-DEMO-MI-0058,2025-12-25,1
V-004111,E-DEMO-MI-0059,2024-02-29,1
V-004112,E-DEMO-MI-0059,2024-03-15,1
V-004113,E-DEMO-MI-0059,2024-04-06,1
V-004114,E-DEMO-MI-0059,2024-05-08,1
V-004115,E-DEMO-MI-0059,2024-07-12,1
V-004116,E-DEMO-MI-0059,2024-08-16,1
V-004117,E-DEMO-MI-0059,2024-09-03,1
V-004118,E-DEMO-MI-0059,2024-10-07,1
V-004119,E-DEMO-MI-0059,2024-11-05,1
V-004120,E-DEMO-MI-0059,2024-12-21,1
V-004121,E-DEMO-MI-0059,2025-01-03,1
V-004122,E-DEMO-MI-0059,2025-03-14,1
V-004123,E-DEMO-MI-0059,2025-04-08,1
V-004124,E-DEMO-MI-0059,2025-06-07,1
V-004125,E-DEMO-MI-0059,2025-07-03,1
V-004126,E-DEMO-MI-0059,2025-09-26,1
V-004127,E-DEMO-MI-0059,2025-10-13,1
V-004128,E-DEMO-MI-0059,2025-11-08,1
V-004129,E-DEMO-MI-0059,2025-12-16,1
V-004130,E-DEMO-MI-0060,2024-11-03,1
V-004131,E-DEMO-MI-0060,2024-12-19,1
V-004132,E-DEMO-MI-0060,2025-01-17,1
V-004133,E-DEMO-MI-0060,2025-02-19,1
V-004134,E-DEMO-MI-0060,2025-03-13,1
V-004135,E-DEMO-MI-0060,2025-04-19,1
V-004136,E-DEMO-MI-0060,2025-05-24,1
V-004137,E-DEMO-MI-0060,2025-06-27,1
V-004138,E-DEMO-MI-0060,2025-07-20,1
V-004139,E-DEMO-MI-0060,2025-08-25,1
V-004140,E-DEMO-MI-0061,2023-10-20,1
V-004141,E-DEMO-MI-0061,2023-11-30,1
V-004142,E-DEMO-MI-0061,2023-12-25,1
V-004143,E-DEMO-MI-0061,2024-01-23,1
V-004144,E-DEMO-MI-0061,2024-02-08,1
V-004145,E-DEMO-MI-0061,2024-04-22,1
V-004146,E-DEMO-MI-0061,2024-05-13,1
V-004147,E-DEMO-MI-0062,2023-02-24,1
V-004148,E-DEMO-MI-0062,2023-03-16,1
V-004149,E-DEMO-MI-0062,2023-04-20,1
V-004150,E-DEMO-MI-0062,2023-05-04,1
V-004151,E-DEMO-MI-0062,2023-06-27,1
V-004152,E-DEMO-MI-0062,2023-07-18,1
V-004153,E-DEMO-MI-0062,2023-08-08,1
V-004154,E-DEMO-MI-0062,2023-09-26,1
V-004155,E-DEMO-MI-0062,2023-11-20,1
V-004156,E-DEMO-MI-0062,2024-02-15,1
V-004157,E-DEMO-MI-0062,2024-03-05,1
V-004158,E-DEMO-MI-0062,2024-04-27,1
V-004159,E-DEMO-MI-0062,2024-05-29,1
V-004160,E-DEMO-MI-0062,2024-06-01,1
V-004161,E-DEMO-MI-0063,2025-02-16,1
V-004162,E-DEMO-MI-0063,2025-03-17,1
V-004163,E-DEMO-MI-0063,2025-04-23,1
V-004164,E-DEMO-MI-0063,2025-05-12,1
V-004165,E-DEMO-MI-0063,2025-06-20,1
V-004166,E-DEMO-MI-0063,2025-07-22,1
V-004167,E-DEMO-MI-0063,2025-08-13,1
V-004168,E-DEMO-MI-0063,2025-10-24,1
V-004169,E-DEMO-MI-0063,2025-11-06,1
V-004170,E-DEMO-MI-0063,2025-12-31,1
V-004171,E-DEMO-MI-0064,2024-07-07,1
V-004172,E-DEMO-MI-0064,2024-08-17,1
V-004173,E-DEMO-MI-0064,2024-09-28,1
V-004174,E-DEMO-MI-0064,2024-10-09,1
V-004175,E-DEMO-MI-0064,2024-12-22,1
V-004176,E-DEMO-MI-0064,2025-01-13,1
V-004177,E-DEMO-MI-0064,2025-02-01,1
V-004178,E-DEMO-MI-0065,2023-03-03,1
V-004179,E-DEMO-MI-0065,2023-04-14,1
V-004180,E-DEMO-MI-0065,2023-05-27,1
V-004181,E-DEMO-MI-0065,2023-06-12,1
V-004182,E-DEMO-MI-0065,2023-07-25,1
V-004183,E-DEMO-MI-0065,2023-09-30,1
V-004184,E-DEMO-MI-0065,2023-10-30,1
V-004185,E-DEMO-MI-0065,2023-11-26,1
V-004186,E-DEMO-MI-0065,2023-12-16,1
V-004187,E-DEMO-MI-0065,2024-01-07,1
V-004188,E-DEMO-MI-0065,2024-02-19,1
V-004189,E-DEMO-MI-0065,2024-03-27,1
V-004190,E-DEMO-MI-0065,2024-04-10,1
V-004191,E-DEMO-MI-0065,2024-05-15,1
V-004192,E-DEMO-MI-0065,2024-06-17,1
V-004193,E-DEMO-MI-0065,2024-07-20,1
V-004194,E-DEMO-MI-0065,2024-08-14,1
V-004195,E-DEMO-MI-0065,2024-09-18,1
V-004196,E-DEMO-MI-0066,2024-02-29,1
V-004197,E-DEMO-MI-0066,2024-04-12,1
V-004198,E-DEMO-MI-0066,2024-05-28,1
V-004199,E-DEMO-MI-0066,2024-06-24,1
V-004200,E-DEMO-MI-0066,2024-07-11,1
V-004201,E-DEMO-MI-0066,2024-08-17,1
V-004202,E-DEMO-MI-0066,2024-09-29,1
V-004203,E-DEMO-MI-0067,2025-04-27,1
V-004204,E-DEMO-MI-0067,2025-05-02,1
V-004205,E-DEMO-MI-0067,2025-06-12,1
V-004206,E-DEMO-MI-0067,2025-07-29,1
V-004207,E-DEMO-MI-0067,2025-08-29,1
V-004208,E-DEMO-MI-0068,2025-04-20,1
V-004209,E-DEMO-MI-0068,2025-05-11,1
V-004210,E-DEMO-MI-0068,2025-06-28,1
V-004211,E-DEMO-MI-0068,2025-07-12,1
V-004212,E-DEMO-MI-0068,2025-08-06,1
V-004213,E-DEMO-MI-0068,2025-09-04,1
V-004214,E-DEMO-MI-0068,2025-10-04,1
V-004215,E-DEMO-MI-0068,2025-11-15,1
V-004216,E-DEMO-MI-0069,2023-07-24,1
V-004217,E-DEMO-MI-0069,2023-08-27,1
V-004218,E-DEMO-MI-0069,2023-09-30,1
V-004219,E-DEMO-MI-0069,2023-10-19,1
V-004220,E-DEMO-MI-0070,2025-04-28,1
V-004221,E-DEMO-MI-0070,2025-05-03,1
V-004222,E-DEMO-MI-0070,2025-06-14,1
V-004223,E-DEMO-MI-0070,2025-08-19,1
V-004224,E-DEMO-MI-0070,2025-09-27,1
V-004225,E-DEMO-MI-0070,2025-10-26,1
V-004226,E-DEMO-MI-0070,2025-12-23,1
V-004227,E-DEMO-MI-0071,2023-08-19,1
V-004228,E-DEMO-MI-0071,2023-09-05,1
V-004229,E-DEMO-MI-0071,2023-10-23,1
V-004230,E-DEMO-MI-0071,2024-01-26,1
V-004231,E-DEMO-MI-0071,2024-02-19,1
V-004232,E-DEMO-MI-0071,2024-03-31,1
V-004233,E-DEMO-MI-0071,2024-04-05,1
V-004234,E-DEMO-MI-0071,2024-05-03,1
V-004235,E-DEMO-MI-0071,2024-07-03,1
V-004236,E-DEMO-MI-0072,2024-11-05,1
V-004237,E-DEMO-MI-0072,2024-12-03,1
V-004238,E-DEMO-MI-0072,2025-01-10,1
V-004239,E-DEMO-MI-0072,2025-02-06,1
V-004240,E-DEMO-MI-0072,2025-03-29,1
V-004241,E-DEMO-MI-0072,2025-04-23,1
V-004242,E-DEMO-MI-0072,2025-05-05,1
V-004243,E-DEMO-MI-0072,2025-07-19,1
V-004244,E-DEMO-MI-0073,2025-02-21,1
V-004245,E-DEMO-MI-0073,2025-03-30,1
V-004246,E-DEMO-MI-0073,2025-04-03,1
V-004247,E-DEMO-MI-0073,2025-05-16,1
V-004248,E-DEMO-MI-0074,2023-03-31,1
V-004249,E-DEMO-MI-0074,2023-05-23,1
V-004250,E-DEMO-MI-0074,2023-06-12,1
V-004251,E-DEMO-MI-0074,2023-07-13,1
V-004252,E-DEMO-MI-0074,2023-09-28,1
V-004253,E-DEMO-MI-0074,2023-10-20,1
V-004254,E-DEMO-MI-0074,2023-11-23,1
V-004255,E-DEMO-MI-0074,2024-01-05,1
V-004256,E-DEMO-MI-0074,2024-02-10,1
V-004257,E-DEMO-MI-0074,2024-03-03,1
V-004258,E-DEMO-MI-0074,2024-04-03,1
V-004259,E-DEMO-MI-0074,2024-05-15,1
V-004260,E-DEMO-MI-0075,2025-04-29,1
V-004261,E-DEMO-MI-0075,2025-06-21,1
V-004262,E-DEMO-MI-0075,2025-07-15,1
V-004263,E-DEMO-MI-0075,2025-08-25,1
V-004264,E-DEMO-MI-0075,2025-09-22,1
V-004265,E-DEMO-MI-0075,2025-11-04,1
V-004266,E-DEMO-MI-0075,2025-12-27,1
V-004267,E-DEMO-MI-0076,2023-09-25,1
V-004268,E-DEMO-MI-0076,2023-10-18,1
V-004269,E-DEMO-MI-0076,2024-01-09,1
V-004270,E-DEMO-MI-0076,2024-02-12,1
V-004271,E-DEMO-MI-0076,2024-03-31,1
V-004272,E-DEMO-MI-0076,2024-04-11,1
V-004273,E-DEMO-MI-0076,2024-05-06,1
V-004274,E-DEMO-MI-0076,2024-06-28,1
V-004275,E-DEMO-MI-0076,2024-07-12,1
V-004276,E-DEMO-MI-0077,2024-04-11,1
V-004277,E-DEMO-MI-0077,2024-05-21,1
V-004278,E-DEMO-MI-0077,2024-06-27,1
V-004279,E-DEMO-MI-0077,2024-09-23,1
V-004280,E-DEMO-MI-0077,2024-10-31,1
V-004281,E-DEMO-MI-0077,2024-11-10,1
V-004282,E-DEMO-MI-0077,2024-12-10,1
V-004283,E-DEMO-MI-0077,2025-01-05,1
V-004284,E-DEMO-MI-0077,2025-02-02,1
V-004285,E-DEMO-MI-0077,2025-03-25,1
V-004286,E-DEMO-MI-0078,2024-09-12,1
V-004287,E-DEMO-MI-0078,2024-11-18,1
V-004288,E-DEMO-MI-0078,2025-01-03,1
V-004289,E-DEMO-MI-0078,2025-02-05,1
V-004290,E-DEMO-MI-0078,2025-03-29,1
V-004291,E-DEMO-MI-0078,2025-05-16,1
V-004292,E-DEMO-MI-0078,2025-06-18,1
V-004293,E-DEMO-MI-0078,2025-07-23,1
V-004294,E-DEMO-MI-0078,2025-09-12,1
V-004295,E-DEMO-MI-0078,2025-10-17,1
V-004296,E-DEMO-MI-0078,2025-11-26,1
V-004297,E-DEMO-MI-0079,2025-03-26,1
V-004298,E-DEMO-MI-0079,2025-06-19,1
V-004299,E-DEMO-MI-0079,2025-07-25,1
V-004300,E-DEMO-MI-0079,2025-09-15,1
V-004301,E-DEMO-MI-0079,2025-10-17,1
V-004302,E-DEMO-MI-0079,2025-11-05,1
V-004303,E-DEMO-MI-0079,2025-12-03,1
V-004304,E-DEMO-MI-0080,2024-05-22,1
V-004305,E-DEMO-MI-0080,2024-06-01,1
V-004306,E-DEMO-MI-0080,2024-07-23,1
V-004307,E-DEMO-MI-0080,2024-08-29,1
V-004308,E-DEMO-MI-0080,2024-12-23,1
V-004309,E-DEMO-MI-0080,2025-01-29,1
V-004310,E-DEMO-MI-0080,2025-02-07,1
V-004311,E-DEMO-MI-0080,2025-05-11,1
V-004312,E-DEMO-MI-0080,2025-06-06,1
V-004313,E-DEMO-MI-0080,2025-07-21,1
V-004314,E-DEMO-MI-0080,2025-08-03,1
V-004315,E-DEMO-MI-0080,2025-09-07,1
V-004316,E-DEMO-MI-0080,2025-10-15,1
V-004317,E-DEMO-MI-0080,2025-11-01,1
V-004318,E-DEMO-MI-0080,2025-12-06,1
V-004319,E-DEMO-MI-0081,2023-08-13,1
V-004320,E-DEMO-MI-0081,2023-09-16,1
V-004321,E-DEMO-MI-0081,2023-10-11,1
V-004322,E-DEMO-MI-0081,2023-11-08,1
V-004323,E-DEMO-MI-0081,2024-01-12,1
V-004324,E-DEMO-MI-0081,2024-03-02,1
V-004325,E-DEMO-MI-0081,2024-04-26,1
V-004326,E-DEMO-MI-0081,2024-05-27,1
V-004327,E-DEMO-MI-0081,2024-06-02,1
V-004328,E-DEMO-MI-0081,2024-07-21,1
V-004329,E-DEMO-MI-0081,2024-08-06,1
V-004330,E-DEMO-MI-0081,2024-09-12,1
V-004331,E-DEMO-MI-0081,2024-10-11,1
V-004332,E-DEMO-MI-0081,2024-12-29,1
V-004333,E-DEMO-MI-0081,2025-01-17,1
V-004334,E-DEMO-MI-0081,2025-04-29,1
V-004335,E-DEMO-MI-0081,2025-05-11,1
V-004336,E-DEMO-MI-0081,2025-07-16,1
V-004337,E-DEMO-MI-0081,2025-08-23,1
V-004338,E-DEMO-MI-0081,2025-09-27,1
V-004339,E-DEMO-MI-0081,2025-10-13,1
V-004340,E-DEMO-MI-0082,2023-02-12,1
V-004341,E-DEMO-MI-0082,2023-03-06,1
V-004342,E-DEMO-MI-0082,2023-04-23,1
V-004343,E-DEMO-MI-0082,2023-05-12,1
V-004344,E-DEMO-MI-0082,2023-06-09,1
V-004345,E-DEMO-MI-0082,2023-07-10,1
V-004346,E-DEMO-MI-0082,2023-08-22,1
V-004347,E-DEMO-MI-0082,2023-09-06,1
V-004348,E-DEMO-MI-0082,2023-10-30,1
V-004349,E-DEMO-MI-0082,2023-11-22,1
V-004350,E-DEMO-MI-0082,2023-12-30,1
V-004351,E-DEMO-MI-0082,2024-01-08,1
V-004352,E-DEMO-MI-0082,2024-02-05,1
V-004353,E-DEMO-MI-0082,2024-03-12,1
V-004354,E-DEMO-MI-0082,2024-04-30,1
V-004355,E-DEMO-MI-0083,2024-11-14,1
V-004356,E-DEMO-MI-0083,2024-12-19,1
V-004357,E-DEMO-MI-0083,2025-01-15,1
V-004358,E-DEMO-MI-0083,2025-02-24,1
V-004359,E-DEMO-MI-0083,2025-03-19,1
V-004360,E-DEMO-MI-0083,2025-04-07,1
V-004361,E-DEMO-MI-0083,2025-05-28,1
V-004362,E-DEMO-MI-0083,2025-07-15,1
V-004363,E-DEMO-MI-0083,2025-08-29,1
V-004364,E-DEMO-MI-0083,2025-11-30,1
V-004365,E-DEMO-MI-0083,2025-12-16,1
V-004366,E-DEMO-MI-0084,2023-08-24,1
V-004367,E-DEMO-MI-0084,2023-09-10,1
V-004368,E-DEMO-MI-0085,2025-09-27,1
V-004369,E-DEMO-MI-0085,2025-10-18,1
V-004370,E-DEMO-MI-0085,2025-11-28,1
V-004371,E-DEMO-MI-0085,2025-12-04,1
V-004372,E-DEMO-MI-0086,2025-07-16,1
V-004373,E-DEMO-MI-0086,2025-08-30,1
V-004374,E-DEMO-MI-0086,2025-09-17,1
V-004375,E-DEMO-MI-0086,2025-10-16,1
V-004376,E-DEMO-MI-0086,2025-11-04,1
V-004377,E-DEMO-MI-0086,2025-12-27,1
V-004378,E-DEMO-MI-0087,2023-12-30,1
V-004379,E-DEMO-MI-0087,2024-01-31,1
V-004380,E-DEMO-MI-0087,2024-03-22,1
V-004381,E-DEMO-MI-0087,2024-04-07,1
V-004382,E-DEMO-MI-0087,2024-05-05,1
V-004383,E-DEMO-MI-0087,2024-06-14,1
V-004384,E-DEMO-MI-0087,2024-07-31,1
V-004385,E-DEMO-MI-0087,2024-08-07,1
V-004386,E-DEMO-MI-0088,2025-01-25,1
V-004387,E-DEMO-MI-0088,2025-02-20,1
V-004388,E-DEMO-MI-0088,2025-05-25,1
V-004389,E-DEMO-MI-0088,2025-06-28,1
V-004390,E-DEMO-MI-0088,2025-07-27,1
V-004391,E-DEMO-MI-0088,2025-08-13,1
V-004392,E-DEMO-MI-0088,2025-09-15,1
V-004393,E-DEMO-MI-0088,2025-10-26,1
V-004394,E-DEMO-MI-0089,2024-08-21,1
V-004395,E-DEMO-MI-0089,2024-09-15,1
V-004396,E-DEMO-MI-0089,2024-10-02,1
V-004397,E-DEMO-MI-0089,2024-11-09,1
V-004398,E-DEMO-MI-0089,2024-12-22,1
V-004399,E-DEMO-MI-0089,2025-01-27,1
V-004400,E-DEMO-MI-0089,2025-02-17,1
V-004401,E-DEMO-MI-0089,2025-03-28,1
V-004402,E-DEMO-MI-0089,2025-04-08,1
V-004403,E-DEMO-MI-0089,2025-05-08,1
V-004404,E-DEMO-MI-0089,2025-06-02,1
V-004405,E-DEMO-MI-0090,2024-04-11,1
V-004406,E-DEMO-MI-0090,2024-06-15,1
V-004407,E-DEMO-MI-0090,2024-07-06,1
V-004408,E-DEMO-MI-0090,2024-08-08,1
V-004409,E-DEMO-MI-0090,2024-09-28,1
V-004410,E-DEMO-MI-0090,2024-10-10,1
V-004411,E-DEMO-MI-0090,2025-01-05,1
V-004412,E-DEMO-MI-0090,2025-02-07,1
V-004413,E-DEMO-MI-0090,2025-03-05,1
V-004414,E-DEMO-MI-0090,2025-04-07,1
V-004415,E-DEMO-MI-0090,2025-05-18,1
V-004416,E-DEMO-MI-0090,2025-06-27,1
V-004417,E-DEMO-MI-0090,2025-07-06,1
V-004418,E-DEMO-MI-0090,2025-08-22,1
V-004419,E-DEMO-MI-0091,2023-04-20,1
V-004420,E-DEMO-MI-0091,2023-05-23,1
V-004421,E-DEMO-MI-0091,2023-06-22,1
V-004422,E-DEMO-MI-0091,2023-07-23,1
V-004423,E-DEMO-MI-0091,2023-10-04,1
V-004424,E-DEMO-MI-0091,2023-11-06,1
V-004425,E-DEMO-MI-0091,2023-12-13,1
V-004426,E-DEMO-MI-0091,2024-01-30,1
V-004427,E-DEMO-MI-0091,2024-02-08,1
V-004428,E-DEMO-MI-0091,2024-04-03,1
V-004429,E-DEMO-MI-0091,2024-05-07,1
V-004430,E-DEMO-MI-0091,2024-06-27,1
V-004431,E-DEMO-MI-0091,2024-07-29,1
V-004432,E-DEMO-MI-0091,2024-08-10,1
V-004433,E-DEMO-MI-0092,2024-04-01,1
V-004434,E-DEMO-MI-0092,2024-05-15,1
V-004435,E-DEMO-MI-0092,2024-06-28,1
V-004436,E-DEMO-MI-0092,2024-07-26,1
V-004437,E-DEMO-MI-0092,2024-08-30,1
V-004438,E-DEMO-MI-0092,2024-09-23,1
V-004439,E-DEMO-MI-0092,2024-11-05,1
V-004440,E-DEMO-MI-0092,2024-12-18,1
V-004441,E-DEMO-MI-0092,2025-01-14,1
V-004442,E-DEMO-MI-0092,2025-02-10,1
V-004443,E-DEMO-MI-0092,2025-04-25,1
V-004444,E-DEMO-MI-0092,2025-05-19,1
V-004445,E-DEMO-MI-0092,2025-06-08,1
V-004446,E-DEMO-MI-0092,2025-07-19,1
V-004447,E-DEMO-MI-0092,2025-08-13,1
V-004448,E-DEMO-MI-0092,2025-09-16,1
V-004449,E-DEMO-MI-0092,2025-10-29,1
V-004450,E-DEMO-MI-0092,2025-11-01,1
V-004451,E-DEMO-MI-0093,2023-11-20,1
V-004452,E-DEMO-MI-0093,2023-12-04,1
V-004453,E-DEMO-MI-0093,2024-02-08,1
V-004454,E-DEMO-MI-0093,2024-03-05,1
V-004455,E-DEMO-MI-0093,2024-04-11,1
V-004456,E-DEMO-MI-0093,2024-05-27,1
V-004457,E-DEMO-MI-0093,2024-06-02,1
V-004458,E-DEMO-MI-0094,2025-05-22,1
V-004459,E-DEMO-MI-0094,2025-07-02,1
V-004460,E-DEMO-MI-0095,2025-10-20,1
V-004461,E-DEMO-MI-0095,2025-11-12,1
V-004462,E-DEMO-MI-0095,2025-12-28,1
V-004463,E-DEMO-MI-0096,2025-01-16,1
V-004464,E-DEMO-MI-0096,2025-04-12,1
V-004465,E-DEMO-MI-0096,2025-05-24,1
V-004466,E-DEMO-MI-0096,2025-06-11,1
V-004467,E-DEMO-MI-0096,2025-07-20,1
V-004468,E-DEMO-MI-0096,2025-08-11,1
V-004469,E-DEMO-MI-0096,2025-09-02,1
V-004470,E-DEMO-MI-0096,2025-10-16,1
V-004471,E-DEMO-MI-0097,2023-06-24,1
V-004472,E-DEMO-MI-0097,2023-07-13,1
V-004473,E-DEMO-MI-0097,2023-09-01,1
V-004474,E-DEMO-MI-0097,2023-10-28,1
V-004475,E-DEMO-MI-0097,2023-11-22,1
V-004476,E-DEMO-MI-0098,2024-05-15,1
V-004477,E-DEMO-MI-0098,2024-06-11,1
V-004478,E-DEMO-MI-0098,2024-07-09,1
V-004479,E-DEMO-MI-0098,2024-08-17,1
V-004480,E-DEMO-MI-0098,2024-09-04,1
V-004481,E-DEMO-MI-0098,2024-10-02,1
V-004482,E-DEMO-MI-0099,2025-08-14,1
V-004483,E-DEMO-MI-0099,2025-10-27,1
V-004484,E-DEMO-MI-0099,2025-12-17,1
V-004485,E-DEMO-MI-0100,2023-12-24,1
V-004486,E-DEMO-MI-0100,2024-01-12,1
V-004487,E-DEMO-MI-0100,2024-02-03,1
V-004488,E-DEMO-MI-0101,2025-07-14,1
V-004489,E-DEMO-MI-0101,2025-08-26,1
V-004490,E-DEMO-MI-0101,2025-09-20,1
V-004491,E-DEMO-MI-0101,2025-10-21,1
V-004492,E-DEMO-MI-0101,2025-11-03,1
V-004493,E-DEMO-MI-0101,2025-12-14,1
V-004494,E-DEMO-MI-0102,2025-04-25,1
V-004495,E-DEMO-MI-0102,2025-05-10,1
V-004496,E-DEMO-MI-0102,2025-06-30,1
V-004497,E-DEMO-MI-0102,2025-07-17,1
V-004498,E-DEMO-MI-0102,2025-08-17,1
V-004499,E-DEMO-MI-0102,2025-10-19,1
V-004500,E-DEMO-MI-0102,2025-11-13,1
V-004501,E-DEMO-MI-0102,2025-12-11,1
V-004502,E-DEMO-MI-0103,2023-07-09,1
V-004503,E-DEMO-MI-0103,2023-08-03,1
V-004504,E-DEMO-MI-0103,2023-10-22,1
V-004505,E-DEMO-MI-0103,2023-12-20,1
V-004506,E-DEMO-MI-0103,2024-01-24,1
V-004507,E-DEMO-MI-0103,2024-02-03,1
V-004508,E-DEMO-MI-0103,2024-03-20,1
V-004509,E-DEMO-MI-0103,2024-04-26,1
V-004510,E-DEMO-MI-0103,2024-05-19,1
V-004511,E-DEMO-MI-0103,2024-06-10,1
V-004512,E-DEMO-MI-0104,2023-11-17,1
V-004513,E-DEMO-MI-0104,2024-01-08,1
V-004514,E-DEMO-MI-0104,2024-02-01,1
V-004515,E-DEMO-MI-0104,2024-03-14,1
V-004516,E-DEMO-MI-0104,2024-04-21,1
V-004517,E-DEMO-MI-0104,2024-05-17,1
V-004518,E-DEMO-MI-0104,2024-06-22,1
V-004519,E-DEMO-MI-0104,2024-07-06,1
V-004520,E-DEMO-MI-0104,2024-08-23,1
V-004521,E-DEMO-MI-0104,2024-09-29,1
V-004522,E-DEMO-MI-0104,2024-11-02,1
V-004523,E-DEMO-MI-0104,2024-12-03,1
V-004524,E-DEMO-MI-0104,2025-01-08,1
V-004525,E-DEMO-MI-0104,2025-02-02,1
V-004526,E-DEMO-MI-0104,2025-04-16,1
V-004527,E-DEMO-MI-0104,2025-05-27,1
V-004528,E-DEMO-MI-0104,2025-06-17,1
V-004529,E-DEMO-MI-0104,2025-07-02,1
V-004530,E-DEMO-MI-0104,2025-08-29,1
V-004531,E-DEMO-MI-0104,2025-09-18,1
V-004532,E-DEMO-MI-0104,2025-10-24,1
V-004533,E-DEMO-MI-0105,2024-09-21,1
V-004534,E-DEMO-MI-0105,2024-10-28,1
V-004535,E-DEMO-MI-0105,2024-11-15,1
V-004536,E-DEMO-MI-0105,2024-12-02,1
V-004537,E-DEMO-MI-0105,2025-01-05,1
V-004538,E-DEMO-MI-0105,2025-02-01,1
V-004539,E-DEMO-MI-0105,2025-03-24,1
V-004540,E-DEMO-MI-0105,2025-04-25,1
V-004541,E-DEMO-MI-0105,2025-05-11,1
V-004542,E-DEMO-MI-0106,2024-06-03,1
V-004543,E-DEMO-MI-0106,2024-07-05,1
V-004544,E-DEMO-MI-0106,2024-10-17,1
V-004545,E-DEMO-MI-0106,2024-11-29,1
V-004546,E-DEMO-MI-0106,2025-02-28,1
V-004547,E-DEMO-MI-0106,2025-05-31,1
V-004548,E-DEMO-MI-0106,2025-06-09,1
V-004549,E-DEMO-MI-0106,2025-07-13,1
V-004550,E-DEMO-MI-0106,2025-08-29,1
V-004551,E-DEMO-MI-0106,2025-09-15,1
V-004552,E-DEMO-MI-0106,2025-11-18,1
V-004553,E-DEMO-MI-0106,2025-12-02,1
V-004554,E-DEMO-MI-0107,2025-02-15,1
V-004555,E-DEMO-MI-0107,2025-03-26,1
V-004556,E-DEMO-MI-0107,2025-04-16,1
V-004557,E-DEMO-MI-0107,2025-05-30,1
V-004558,E-DEMO-MI-0107,2025-06-10,1
V-004559,E-DEMO-MI-0107,2025-07-27,1
V-004560,E-DEMO-MI-0107,2025-08-20,1
V-004561,E-DEMO-MI-0107,2025-09-11,1
V-004562,E-DEMO-MI-0107,2025-10-08,1
V-004563,E-DEMO-MI-0107,2025-11-19,1
V-004564,E-DEMO-MI-0107,2025-12-03,1
V-004565,E-DEMO-MI-0108,2025-06-07,1
V-004566,E-DEMO-MI-0108,2025-07-27,1
V-004567,E-DEMO-MI-0108,2025-08-10,1
V-004568,E-DEMO-MI-0108,2025-09-19,1
V-004569,E-DEMO-MI-0108,2025-10-13,1
V-004570,E-DEMO-MI-0108,2025-12-17,1
V-004571,E-DEMO-MI-0109,2025-02-27,1
V-004572,E-DEMO-MI-0109,2025-03-29,1
V-004573,E-DEMO-MI-0109,2025-04-14,1
V-004574,E-DEMO-MI-0109,2025-05-09,1
V-004575,E-DEMO-MI-0110,2024-01-25,1
V-004576,E-DEMO-MI-0110,2024-02-03,1
V-004577,E-DEMO-MI-0110,2024-03-08,1
V-004578,E-DEMO-MI-0110,2024-04-03,1
V-004579,E-DEMO-MI-0110,2024-05-30,1
V-004580,E-DEMO-MI-0110,2024-06-07,1
V-004581,E-DEMO-MI-0110,2024-07-21,1
V-004582,E-DEMO-MI-0110,2024-08-02,1
V-004583,E-DEMO-MI-0110,2024-09-17,1
V-004584,E-DEMO-MI-0110,2024-10-02,1
V-004585,E-DEMO-MI-0110,2024-11-06,1
V-004586,E-DEMO-MI-0110,2025-02-21,1
V-004587,E-DEMO-MI-0110,2025-03-28,1
V-004588,E-DEMO-MI-0110,2025-04-14,1
V-004589,E-DEMO-MI-0110,2025-05-04,1
V-004590,E-DEMO-MI-0110,2025-06-22,1
V-004591,E-DEMO-MI-0110,2025-07-17,1
V-004592,E-DEMO-MI-0110,2025-08-20,1
V-004593,E-DEMO-MI-0110,2025-09-13,1
V-004594,E-DEMO-MI-0110,2025-10-19,1
V-004595,E-DEMO-MI-0111,2024-06-29,1
V-004596,E-DEMO-MI-0111,2024-08-05,1
V-004597,E-DEMO-MI-0111,2024-09-10,1
V-004598,E-DEMO-MI-0111,2024-10-07,1
V-004599,E-DEMO-MI-0111,2024-11-25,1
V-004600,E-DEMO-MI-0111,2024-12-20,1
V-004601,E-DEMO-MI-0111,2025-01-05,1
V-004602,E-DEMO-MI-0111,2025-02-28,1
V-004603,E-DEMO-MI-0111,2025-03-11,1
V-004604,E-DEMO-MI-0111,2025-04-12,1
V-004605,E-DEMO-MI-0111,2025-05-24,1
V-004606,E-DEMO-MI-0111,2025-07-04,1
V-004607,E-DEMO-MI-0111,2025-08-02,1
V-004608,E-DEMO-MI-0111,2025-09-10,1
V-004609,E-DEMO-MI-0111,2025-10-10,1
V-004610,E-DEMO-MI-0112,2024-06-10,1
V-004611,E-DEMO-MI-0112,2024-07-10,1
V-004612,E-DEMO-MI-0112,2024-08-18,1
V-004613,E-DEMO-MI-0112,2024-09-24,1
V-004614,E-DEMO-MI-0112,2024-10-25,1
V-004615,E-DEMO-MI-0112,2024-11-21,1
V-004616,E-DEMO-MI-0112,2025-01-16,1
V-004617,E-DEMO-MI-0112,2025-02-09,1
V-004618,E-DEMO-MI-0112,2025-03-30,1
V-004619,E-DEMO-MI-0112,2025-04-08,1
V-004620,E-DEMO-MI-0112,2025-05-19,1
V-004621,E-DEMO-MI-0112,2025-06-25,1
V-004622,E-DEMO-MI-0113,2025-06-02,1
V-004623,E-DEMO-MI-0113,2025-08-04,1
V-004624,E-DEMO-MI-0113,2025-09-27,1
V-004625,E-DEMO-MI-0113,2025-10-05,1
V-004626,E-DEMO-MI-0113,2025-11-29,1
V-004627,E-DEMO-MI-0113,2025-12-17,1
V-004628,E-DEMO-MI-0114,2025-04-12,1
V-004629,E-DEMO-MI-0114,2025-05-26,1
V-004630,E-DEMO-MI-0114,2025-06-16,1
V-004631,E-DEMO-MI-0114,2025-07-17,1
V-004632,E-DEMO-MI-0114,2025-08-28,1
V-004633,E-DEMO-MI-0115,2024-02-02,1
V-004634,E-DEMO-MI-0115,2024-03-19,1
V-004635,E-DEMO-MI-0115,2024-05-24,1
V-004636,E-DEMO-MI-0115,2024-06-25,1
V-004637,E-DEMO-MI-0115,2024-07-14,1
V-004638,E-DEMO-MI-0115,2024-08-20,1
V-004639,E-DEMO-MI-0116,2023-04-28,1
V-004640,E-DEMO-MI-0116,2023-05-27,1
V-004641,E-DEMO-MI-0116,2023-06-16,1
V-004642,E-DEMO-MI-0117,2023-07-23,1
V-004643,E-DEMO-MI-0117,2023-08-05,1
V-004644,E-DEMO-MI-0117,2023-10-16,1
V-004645,E-DEMO-MI-0118,2024-12-30,1
V-004646,E-DEMO-MI-0118,2025-01-14,1
V-004647,E-DEMO-MI-0118,2025-02-18,1
V-004648,E-DEMO-MI-0118,2025-03-28,1
V-004649,E-DEMO-MI-0118,2025-04-06,1
V-004650,E-DEMO-MI-0118,2025-05-06,1
V-004651,E-DEMO-MI-0118,2025-06-10,1
V-004652,E-DEMO-MI-0118,2025-08-15,1
V-004653,E-DEMO-MI-0118,2025-09-02,1
V-004654,E-DEMO-MI-0118,2025-10-16,1
V-004655,E-DEMO-MI-0118,2025-11-30,1
V-004656,E-DEMO-MI-0118,2025-12-02,1
V-004657,E-DEMO-MI-0119,2024-06-11,1
V-004658,E-DEMO-MI-0119,2024-07-09,1
V-004659,E-DEMO-MI-0119,2024-08-19,1
V-004660,E-DEMO-MI-0119,2024-09-03,1
V-004661,E-DEMO-MI-0119,2024-12-29,1
V-004662,E-DEMO-MI-0119,2025-01-13,1
V-004663,E-DEMO-MI-0119,2025-02-02,1
V-004664,E-DEMO-MI-0119,2025-04-30,1
V-004665,E-DEMO-MI-0119,2025-05-22,1
V-004666,E-DEMO-MI-0120,2023-04-25,1
V-004667,E-DEMO-MI-0120,2023-05-06,1
V-004668,E-DEMO-MI-0120,2023-06-17,1
V-004669,E-DEMO-MI-0120,2023-07-20,1
V-004670,E-DEMO-MI-0120,2023-09-01,1
V-004671,E-DEMO-MI-0120,2023-10-26,1
V-004672,E-DEMO-MI-0120,2023-12-04,1
V-004673,E-DEMO-MI-0120,2024-01-31,1
V-004674,E-DEMO-MI-0120,2024-02-14,1
V-004675,E-DEMO-MI-0120,2024-03-01,1
V-004676,E-DEMO-MI-0120,2024-04-08,1
V-004677,E-DEMO-MI-0120,2024-05-23,1
V-004678,E-DEMO-MI-0120,2024-06-16,1
V-004679,E-DEMO-MI-0120,2024-08-08,1
V-004680,E-DEMO-MI-0120,2024-09-23,1
V-004681,E-DEMO-MI-0120,2024-10-27,1
V-004682,E-DEMO-MI-0120,2025-02-19,1
V-004683,E-DEMO-MI-0120,2025-03-10,1
V-004684,E-DEMO-MI-0121,2024-04-01,1
V-004685,E-DEMO-MI-0121,2024-06-28,1
V-004686,E-DEMO-MI-0121,2024-07-11,1
V-004687,E-DEMO-MI-0121,2024-08-06,1
V-004688,E-DEMO-MI-0121,2024-09-13,1
V-004689,E-DEMO-MI-0121,2024-10-20,1
V-004690,E-DEMO-MI-0121,2024-11-26,1
V-004691,E-DEMO-MI-0121,2024-12-15,1
V-004692,E-DEMO-MI-0122,2025-08-21,1
V-004693,E-DEMO-MI-0122,2025-10-28,1
V-004694,E-DEMO-MI-0122,2025-11-26,1
V-004695,E-DEMO-MI-0122,2025-12-18,1
V-004696,E-DEMO-MI-0123,2025-05-04,1
V-004697,E-DEMO-MI-0123,2025-06-04,1
V-004698,E-DEMO-MI-0123,2025-07-05,1
V-004699,E-DEMO-MI-0123,2025-08-13,1
V-004700,E-DEMO-MI-0123,2025-09-20,1
V-004701,E-DEMO-MI-0123,2025-10-26,1
V-004702,E-DEMO-MI-0123,2025-11-23,1
V-004703,E-DEMO-MI-0124,2023-11-06,1
V-004704,E-DEMO-MI-0124,2023-12-04,1
V-004705,E-DEMO-MI-0124,2024-01-29,1
V-004706,E-DEMO-MI-0124,2024-02-28,1
V-004707,E-DEMO-MI-0124,2024-03-23,1
V-004708,E-DEMO-MI-0124,2024-04-03,1
V-004709,E-DEMO-MI-0124,2024-05-29,1
V-004710,E-DEMO-MI-0124,2024-06-29,1
V-004711,E-DEMO-MI-0124,2024-07-16,1
V-004712,E-DEMO-MI-0124,2024-08-27,1
V-004713,E-DEMO-MI-0124,2024-10-22,1
V-004714,E-DEMO-MI-0124,2024-11-18,1
V-004715,E-DEMO-MI-0124,2024-12-09,1
V-004716,E-DEMO-MI-0124,2025-02-26,1
V-004717,E-DEMO-MI-0124,2025-03-07,1
V-004718,E-DEMO-MI-0125,2023-04-19,1
V-004719,E-DEMO-MI-0125,2023-05-31,1
V-004720,E-DEMO-MI-0125,2023-07-25,1
V-004721,E-DEMO-MI-0125,2023-08-30,1
V-004722,E-DEMO-MI-0126,2024-10-05,1
V-004723,E-DEMO-MI-0126,2024-11-25,1
V-004724,E-DEMO-MI-0126,2024-12-05,1
V-004725,E-DEMO-MI-0126,2025-02-19,1
V-004726,E-DEMO-MI-0127,2023-07-16,1
V-004727,E-DEMO-MI-0127,2023-08-26,1
V-004728,E-DEMO-MI-0127,2023-10-14,1
V-004729,E-DEMO-MI-0127,2023-11-08,1
V-004730,E-DEMO-MI-0127,2023-12-04,1
V-004731,E-DEMO-MI-0127,2024-01-17,1
V-004732,E-DEMO-MI-0127,2024-02-29,1
V-004733,E-DEMO-MI-0127,2024-04-01,1
V-004734,E-DEMO-MI-0127,2024-06-18,1
V-004735,E-DEMO-MI-0127,2024-08-12,1
V-004736,E-DEMO-MI-0127,2024-09-20,1
V-004737,E-DEMO-MI-0127,2024-10-23,1
V-004738,E-DEMO-MI-0127,2024-11-01,1
V-004739,E-DEMO-MI-0127,2024-12-24,1
V-004740,E-DEMO-MI-0127,2025-01-24,1
V-004741,E-DEMO-MI-0127,2025-02-22,1
V-004742,E-DEMO-MI-0127,2025-03-27,1
V-004743,E-DEMO-MI-0127,2025-04-07,1
V-004744,E-DEMO-MI-0128,2025-09-19,1
V-004745,E-DEMO-MI-0128,2025-10-04,1
V-004746,E-DEMO-MI-0128,2025-11-03,1
V-004747,E-DEMO-MI-0128,2025-12-21,1
V-004748,E-DEMO-MI-0129,2024-04-09,1
V-004749,E-DEMO-MI-0129,2024-05-21,1
V-004750,E-DEMO-MI-0129,2024-06-06,1
V-004751,E-DEMO-MI-0129,2024-07-08,1
V-004752,E-DEMO-MI-0129,2024-08-04,1
V-004753,E-DEMO-MI-0129,2024-09-21,1
V-004754,E-DEMO-MI-0129,2024-12-01,1
V-004755,E-DEMO-MI-0130,2025-06-24,1
V-004756,E-DEMO-MI-0130,2025-07-23,1
V-004757,E-DEMO-MI-0130,2025-08-26,1
V-004758,E-DEMO-MI-0130,2025-09-03,1
V-004759,E-DEMO-MI-0130,2025-10-22,1
V-004760,E-DEMO-MI-0130,2025-12-12,1
V-004761,E-DEMO-MI-0131,2025-05-20,1
V-004762,E-DEMO-MI-0131,2025-06-02,1
V-004763,E-DEMO-MI-0131,2025-07-04,1
V-004764,E-DEMO-MI-0131,2025-08-20,1
V-004765,E-DEMO-MI-0131,2025-09-29,1
V-004766,E-DEMO-MI-0131,2025-10-15,1
V-004767,E-DEMO-MI-0131,2025-11-02,1
V-004768,E-DEMO-MI-0131,2025-12-31,1
V-004769,E-DEMO-MI-0132,2023-10-21,1
V-004770,E-DEMO-MI-0132,2023-11-01,1
V-004771,E-DEMO-MI-0132,2024-01-26,1
V-004772,E-DEMO-MI-0132,2024-02-11,1
V-004773,E-DEMO-MI-0132,2024-03-20,1
V-004774,E-DEMO-MI-0132,2024-04-14,1
V-004775,E-DEMO-MI-0132,2024-05-15,1
V-004776,E-DEMO-MI-0132,2024-06-23,1
V-004777,E-DEMO-MI-0132,2024-07-30,1
V-004778,E-DEMO-MI-0132,2024-08-09,1
V-004779,E-DEMO-MI-0133,2025-08-18,1
V-004780,E-DEMO-MI-0133,2025-09-10,1
V-004781,E-DEMO-MI-0133,2025-10-20,1
V-004782,E-DEMO-MI-0133,2025-11-18,1
V-004783,E-DEMO-MI-0133,2025-12-08,1
V-004784,E-DEMO-MI-0134,2023-04-10,1
V-004785,E-DEMO-MI-0134,2023-06-21,1
V-004786,E-DEMO-MI-0134,2023-09-05,1
V-004787,E-DEMO-MI-0134,2023-10-06,1
V-004788,E-DEMO-MI-0134,2023-12-21,1
V-004789,E-DEMO-MI-0134,2024-01-01,1
V-004790,E-DEMO-MI-0135,2023-05-01,1
V-004791,E-DEMO-MI-0135,2023-06-12,1
V-004792,E-DEMO-MI-0135,2023-08-24,1
V-004793,E-DEMO-MI-0135,2023-09-18,1
V-004794,E-DEMO-MI-0135,2023-10-14,1
V-004795,E-DEMO-MI-0135,2024-01-07,1
V-004796,E-DEMO-MI-0135,2024-04-18,1
V-004797,E-DEMO-MI-0135,2024-05-17,1
V-004798,E-DEMO-MI-0135,2024-06-20,1
V-004799,E-DEMO-MI-0135,2024-07-11,1
V-004800,E-DEMO-MI-0135,2024-08-13,1
V-004801,E-DEMO-MI-0135,2024-10-14,1
V-004802,E-DEMO-MI-0136,2024-09-02,1
V-004803,E-DEMO-MI-0136,2024-10-31,1
V-004804,E-DEMO-MI-0136,2024-11-18,1
V-004805,E-DEMO-MI-0136,2024-12-02,1
V-004806,E-DEMO-MI-0136,2025-01-04,1
V-004807,E-DEMO-MI-0136,2025-02-09,1
V-004808,E-DEMO-MI-0137,2023-11-12,1
V-004809,E-DEMO-MI-0137,2023-12-11,1
V-004810,E-DEMO-MI-0137,2024-01-04,1
V-004811,E-DEMO-MI-0137,2024-03-05,1
V-004812,E-DEMO-MI-0137,2024-04-03,1
V-004813,E-DEMO-MI-0137,2024-05-11,1
V-004814,E-DEMO-MI-0137,2024-06-04,1
V-004815,E-DEMO-MI-0138,2023-04-24,1
V-004816,E-DEMO-MI-0138,2023-06-30,1
V-004817,E-DEMO-MI-0138,2023-07-11,1
V-004818,E-DEMO-MI-0139,2023-05-26,1
V-004819,E-DEMO-MI-0139,2023-06-06,1
V-004820,E-DEMO-MI-0139,2023-07-30,1
V-004821,E-DEMO-MI-0139,2023-08-03,1
V-004822,E-DEMO-MI-0139,2023-09-19,1
V-004823,E-DEMO-MI-0139,2023-10-27,1
V-004824,E-DEMO-MI-0139,2023-11-10,1
V-004825,E-DEMO-MI-0139,2023-12-08,1
V-004826,E-DEMO-MI-0140,2024-03-03,1
V-004827,E-DEMO-MI-0141,2024-03-30,1
V-004828,E-DEMO-MI-0141,2024-04-03,1
V-004829,E-DEMO-MI-0141,2024-05-28,1
V-004830,E-DEMO-MI-0141,2024-06-10,1
V-004831,E-DEMO-MI-0141,2024-07-31,1
V-004832,E-DEMO-MI-0141,2024-08-08,1
V-004833,E-DEMO-MI-0141,2024-09-25,1
V-004834,E-DEMO-MI-0141,2024-11-07,1
V-004835,E-DEMO-MI-0141,2024-12-26,1
V-004836,E-DEMO-MI-0141,2025-02-05,1
V-004837,E-DEMO-MI-0141,2025-03-15,1
V-004838,E-DEMO-MI-0141,2025-04-14,1
V-004839,E-DEMO-MI-0141,2025-05-03,1
V-004840,E-DEMO-MI-0141,2025-06-11,1
V-004841,E-DEMO-MI-0141,2025-07-01,1
V-004842,E-DEMO-MI-0141,2025-08-10,1
V-004843,E-DEMO-MI-0141,2025-09-24,1
V-004844,E-DEMO-MI-0141,2025-10-29,1
V-004845,E-DEMO-MI-0141,2025-11-01,1
V-004846,E-DEMO-MI-0141,2025-12-18,1
V-004847,E-DEMO-MI-0142,2023-11-25,1
V-004848,E-DEMO-MI-0142,2023-12-20,1
V-004849,E-DEMO-MI-0143,2024-01-20,1
V-004850,E-DEMO-MI-0143,2024-02-29,1
V-004851,E-DEMO-MI-0143,2024-04-11,1
V-004852,E-DEMO-MI-0144,2024-01-09,1
V-004853,E-DEMO-MI-0144,2024-03-24,1
V-004854,E-DEMO-MI-0144,2024-04-04,1
V-004855,E-DEMO-MI-0144,2024-05-23,1
V-004856,E-DEMO-MI-0144,2024-07-17,1
V-004857,E-DEMO-MI-0144,2024-08-31,1
V-004858,E-DEMO-MI-0144,2024-09-23,1
V-004859,E-DEMO-MI-0145,2025-04-02,1
V-004860,E-DEMO-MI-0145,2025-05-15,1
V-004861,E-DEMO-MI-0145,2025-06-30,1
V-004862,E-DEMO-MI-0145,2025-07-23,1
V-004863,E-DEMO-MI-0145,2025-09-01,1
V-004864,E-DEMO-MI-0146,2023-03-18,1
V-004865,E-DEMO-MI-0146,2023-04-12,1
V-004866,E-DEMO-MI-0146,2023-05-24,1
V-004867,E-DEMO-MI-0146,2023-06-30,1
V-004868,E-DEMO-MI-0146,2023-07-10,1
V-004869,E-DEMO-MI-0146,2023-08-08,1
V-004870,E-DEMO-MI-0146,2023-09-10,1
V-004871,E-DEMO-MI-0147,2023-04-18,1
V-004872,E-DEMO-MI-0148,2025-04-20,1
V-004873,E-DEMO-MI-0148,2025-05-29,1
V-004874,E-DEMO-MI-0148,2025-06-19,1
V-004875,E-DEMO-MI-0148,2025-08-13,1
V-004876,E-DEMO-MI-0148,2025-11-08,1
V-004877,E-DEMO-MI-0148,2025-12-16,1
V-004878,E-DEMO-MI-0149,2025-04-15,1
V-004879,E-DEMO-MI-0149,2025-05-22,1
V-004880,E-DEMO-MI-0149,2025-06-15,1
V-004881,E-DEMO-MI-0149,2025-07-09,1
V-004882,E-DEMO-MI-0149,2025-08-03,1
V-004883,E-DEMO-MI-0149,2025-09-11,1
V-004884,E-DEMO-MI-0149,2025-10-11,1
V-004885,E-DEMO-MI-0150,2024-05-16,1
V-004886,E-DEMO-MI-0151,2023-10-31,1
V-004887,E-DEMO-MI-0151,2023-11-20,1
V-004888,E-DEMO-MI-0151,2023-12-18,1
V-004889,E-DEMO-MI-0151,2024-01-20,1
V-004890,E-DEMO-MI-0151,2024-02-06,1
V-004891,E-DEMO-MI-0151,2024-03-24,1
V-004892,E-DEMO-MI-0151,2024-04-16,1
V-004893,E-DEMO-MI-0151,2024-05-31,1
V-004894,E-DEMO-MI-0151,2024-06-08,1
V-004895,E-DEMO-MI-0151,2024-10-04,1
V-004896,E-DEMO-MI-0151,2024-11-23,1
V-004897,E-DEMO-MI-0151,2024-12-17,1
V-004898,E-DEMO-MI-0151,2025-01-14,1
V-004899,E-DEMO-MI-0151,2025-02-08,1
V-004900,E-DEMO-MI-0151,2025-04-07,1
V-004901,E-DEMO-MI-0151,2025-05-03,1
V-004902,E-DEMO-MI-0152,2024-05-19,1
V-004903,E-DEMO-MI-0152,2024-06-18,1
V-004904,E-DEMO-MI-0152,2024-07-28,1
V-004905,E-DEMO-MI-0152,2024-09-24,1
V-004906,E-DEMO-MI-0152,2024-10-15,1
V-004907,E-DEMO-MI-0152,2024-11-04,1
V-004908,E-DEMO-MI-0152,2024-12-16,1
V-004909,E-DEMO-MI-0152,2025-02-10,1
V-004910,E-DEMO-MI-0152,2025-03-31,1
V-004911,E-DEMO-MI-0152,2025-04-13,1
V-004912,E-DEMO-MI-0152,2025-05-10,1
V-004913,E-DEMO-MI-0152,2025-06-26,1
V-004914,E-DEMO-MI-0152,2025-07-23,1
V-004915,E-DEMO-MI-0153,2024-04-07,1
V-004916,E-DEMO-MI-0153,2024-05-20,1
V-004917,E-DEMO-MI-0153,2024-06-12,1
V-004918,E-DEMO-MI-0153,2024-07-29,1
V-004919,E-DEMO-MI-0153,2024-09-02,1
V-004920,E-DEMO-MI-0154,2023-07-06,1
V-004921,E-DEMO-MI-0154,2023-08-05,1
V-004922,E-DEMO-MI-0154,2023-09-25,1
V-004923,E-DEMO-MI-0154,2023-10-06,1
V-004924,E-DEMO-MI-0154,2023-11-21,1
V-004925,E-DEMO-MI-0154,2023-12-05,1
V-004926,E-DEMO-MI-0154,2024-01-21,1
V-004927,E-DEMO-MI-0154,2024-02-29,1
V-004928,E-DEMO-MI-0154,2024-03-26,1
V-004929,E-DEMO-MI-0154,2024-04-16,1
V-004930,E-DEMO-MI-0154,2024-05-17,1
V-004931,E-DEMO-MI-0154,2024-06-07,1
V-004932,E-DEMO-MI-0154,2024-07-06,1
V-004933,E-DEMO-MI-0154,2024-08-18,1
V-004934,E-DEMO-MI-0154,2024-09-06,1
V-004935,E-DEMO-MI-0154,2024-10-06,1
V-004936,E-DEMO-MI-0154,2024-11-30,1
V-004937,E-DEMO-MI-0154,2024-12-25,1
V-004938,E-DEMO-MI-0154,2025-01-12,1
V-004939,E-DEMO-MI-0154,2025-02-10,1
V-004940,E-DEMO-MI-0154,2025-03-09,1
V-004941,E-DEMO-MI-0154,2025-05-22,1
V-004942,E-DEMO-MI-0154,2025-06-24,1
V-004943,E-DEMO-MI-0154,2025-07-31,1
V-004944,E-DEMO-MI-0154,2025-08-27,1
V-004945,E-DEMO-MI-0155,2023-02-10,1
V-004946,E-DEMO-MI-0155,2023-03-20,1
V-004947,E-DEMO-MI-0155,2023-04-19,1
V-004948,E-DEMO-MI-0155,2023-06-25,1
V-004949,E-DEMO-MI-0155,2023-08-27,1
V-004950,E-DEMO-MI-0155,2023-09-06,1
V-004951,E-DEMO-MI-0156,2024-10-22,1
V-004952,E-DEMO-MI-0156,2024-11-16,1
V-004953,E-DEMO-MI-0156,2024-12-20,1
V-004954,E-DEMO-MI-0156,2025-01-14,1
V-004955,E-DEMO-MI-0157,2023-02-15,1
V-004956,E-DEMO-MI-0157,2023-03-30,1
V-004957,E-DEMO-MI-0157,2023-04-14,1
V-004958,E-DEMO-MI-0157,2023-05-10,1
V-004959,E-DEMO-MI-0157,2023-06-06,1
V-004960,E-DEMO-MI-0157,2023-07-17,1
V-004961,E-DEMO-MI-0157,2023-08-18,1
V-004962,E-DEMO-MI-0157,2023-10-04,1
V-004963,E-DEMO-MI-0157,2023-12-08,1
V-004964,E-DEMO-MI-0157,2024-01-21,1
V-004965,E-DEMO-MI-0157,2024-03-11,1
V-004966,E-DEMO-MI-0157,2024-05-08,1
V-004967,E-DEMO-MI-0158,2023-02-21,1
V-004968,E-DEMO-MI-0158,2023-03-18,1
V-004969,E-DEMO-MI-0158,2023-04-21,1
V-004970,E-DEMO-MI-0158,2023-05-07,1
V-004971,E-DEMO-MI-0158,2023-06-18,1
V-004972,E-DEMO-MI-0158,2023-07-18,1
V-004973,E-DEMO-MI-0158,2023-08-26,1
V-004974,E-DEMO-MI-0158,2023-09-16,1
V-004975,E-DEMO-MI-0158,2023-10-30,1
V-004976,E-DEMO-MI-0158,2023-12-18,1
V-004977,E-DEMO-MI-0159,2023-08-07,1
V-004978,E-DEMO-MI-0159,2023-09-24,1
V-004979,E-DEMO-MI-0159,2023-10-20,1
V-004980,E-DEMO-MI-0159,2023-11-16,1
V-004981,E-DEMO-MI-0159,2023-12-14,1
V-004982,E-DEMO-MI-0159,2024-01-06,1
V-004983,E-DEMO-MI-0159,2024-02-10,1
V-004984,E-DEMO-MI-0159,2024-03-10,1
V-004985,E-DEMO-MI-0160,2024-08-01,1
V-004986,E-DEMO-MI-0160,2024-09-10,1
V-004987,E-DEMO-MI-0160,2024-11-29,1
V-004988,E-DEMO-MI-0160,2024-12-29,1
V-004989,E-DEMO-MI-0160,2025-01-08,1
V-004990,E-DEMO-MI-0160,2025-02-18,1
V-004991,E-DEMO-MI-0160,2025-03-24,1
V-004992,E-DEMO-MI-0161,2024-12-01,1
V-004993,E-DEMO-MI-0162,2024-09-14,1
V-004994,E-DEMO-MI-0162,2024-10-31,1
V-004995,E-DEMO-MI-0162,2024-11-27,1
V-004996,E-DEMO-MI-0162,2025-02-17,1
V-004997,E-DEMO-MI-0162,2025-03-23,1
V-004998,E-DEMO-MI-0162,2025-04-21,1
V-004999,E-DEMO-MI-0162,2025-05-25,1
V-005000,E-DEMO-MI-0162,2025-08-27,1
V-005001,E-DEMO-MI-0162,2025-09-27,1
V-005002,E-DEMO-MI-0162,2025-10-09,1
V-005003,E-DEMO-MI-0162,2025-11-05,1
V-005004,E-DEMO-MI-0162,2025-12-05,1
V-005005,E-DEMO-MI-0163,2024-07-17,1
V-005006,E-DEMO-MI-0163,2024-08-11,1
V-005007,E-DEMO-MI-0163,2024-09-04,1
V-005008,E-DEMO-MI-0163,2024-10-22,1
V-005009,E-DEMO-MI-0163,2024-11-11,1
V-005010,E-DEMO-MI-0163,2024-12-03,1
V-005011,E-DEMO-MI-0163,2025-01-26,1
V-005012,E-DEMO-MI-0163,2025-02-11,1
V-005013,E-DEMO-MI-0163,2025-03-27,1
V-005014,E-DEMO-MI-0163,2025-04-22,1
V-005015,E-DEMO-MI-0163,2025-06-02,1
V-005016,E-DEMO-MI-0163,2025-07-07,1
V-005017,E-DEMO-MI-0164,2025-06-30,1
V-005018,E-DEMO-MI-0164,2025-07-19,1
V-005019,E-DEMO-MI-0164,2025-08-26,1
V-005020,E-DEMO-MI-0164,2025-09-19,1
V-005021,E-DEMO-MI-0164,2025-10-16,1
V-005022,E-DEMO-MI-0164,2025-11-22,1
V-005023,E-DEMO-MI-0165,2023-09-25,1
V-005024,E-DEMO-MI-0165,2023-11-16,1
V-005025,E-DEMO-MI-0165,2024-01-10,1
V-005026,E-DEMO-MI-0165,2024-02-21,1
V-005027,E-DEMO-MI-0165,2024-03-21,1
V-005028,E-DEMO-MI-0165,2024-05-18,1
V-005029,E-DEMO-MI-0165,2024-06-19,1
V-005030,E-DEMO-MI-0165,2024-07-13,1
V-005031,E-DEMO-MI-0165,2024-08-10,1
V-005032,E-DEMO-MI-0165,2024-09-14,1
V-005033,E-DEMO-MI-0165,2024-10-05,1
V-005034,E-DEMO-MI-0165,2024-12-26,1
V-005035,E-DEMO-MI-0165,2025-01-24,1
V-005036,E-DEMO-MI-0165,2025-03-03,1
V-005037,E-DEMO-MI-0165,2025-04-30,1
V-005038,E-DEMO-MI-0165,2025-05-14,1
V-005039,E-DEMO-MI-0165,2025-06-21,1
V-005040,E-DEMO-MI-0165,2025-07-10,1
V-005041,E-DEMO-MI-0165,2025-08-10,1
V-005042,E-DEMO-MI-0166,2023-06-21,1
V-005043,E-DEMO-MI-0166,2023-07-17,1
V-005044,E-DEMO-MI-0166,2023-08-26,1
V-005045,E-DEMO-MI-0166,2023-09-21,1
V-005046,E-DEMO-MI-0166,2023-10-14,1
V-005047,E-DEMO-MI-0166,2023-11-23,1
V-005048,E-DEMO-MI-0166,2023-12-10,1
V-005049,E-DEMO-MI-0166,2024-01-25,1
V-005050,E-DEMO-MI-0166,2024-02-16,1
V-005051,E-DEMO-MI-0166,2024-03-26,1
V-005052,E-DEMO-MI-0166,2024-04-09,1
V-005053,E-DEMO-MI-0166,2024-05-12,1
V-005054,E-DEMO-MI-0166,2024-06-01,1
V-005055,E-DEMO-MI-0166,2024-07-20,1
V-005056,E-DEMO-MI-0166,2024-08-16,1
V-005057,E-DEMO-MI-0166,2024-09-19,1
V-005058,E-DEMO-MI-0166,2024-10-19,1
V-005059,E-DEMO-MI-0166,2024-11-12,1
V-005060,E-DEMO-MI-0166,2024-12-09,1
V-005061,E-DEMO-MI-0166,2025-02-24,1
V-005062,E-DEMO-MI-0166,2025-03-27,1
V-005063,E-DEMO-MI-0166,2025-04-23,1
V-005064,E-DEMO-MI-0166,2025-05-05,1
V-005065,E-DEMO-MI-0166,2025-06-05,1
V-005066,E-DEMO-MI-0166,2025-07-28,1
V-005067,E-DEMO-MI-0167,2024-11-04,1
V-005068,E-DEMO-MI-0167,2024-12-27,1
V-005069,E-DEMO-MI-0167,2025-01-31,1
V-005070,E-DEMO-MI-0167,2025-02-03,1
V-005071,E-DEMO-MI-0167,2025-03-13,1
V-005072,E-DEMO-MI-0167,2025-05-11,1
V-005073,E-DEMO-MI-0167,2025-06-09,1
V-005074,E-DEMO-MI-0167,2025-07-29,1
V-005075,E-DEMO-MI-0167,2025-08-13,1
V-005076,E-DEMO-MI-0167,2025-09-25,1
V-005077,E-DEMO-MI-0167,2025-10-09,1
V-005078,E-DEMO-MI-0167,2025-12-09,1
V-005079,E-DEMO-MI-0168,2023-03-07,1
V-005080,E-DEMO-MI-0168,2023-04-29,1
V-005081,E-DEMO-MI-0168,2023-07-04,1
V-005082,E-DEMO-MI-0168,2023-08-12,1
V-005083,E-DEMO-MI-0168,2023-10-16,1
V-005084,E-DEMO-MI-0168,2023-11-12,1
V-005085,E-DEMO-MI-0168,2024-01-06,1
V-005086,E-DEMO-MI-0169,2024-06-06,1
V-005087,E-DEMO-MI-0169,2024-07-14,1
V-005088,E-DEMO-MI-0169,2024-09-15,1
V-005089,E-DEMO-MI-0169,2024-10-31,1
V-005090,E-DEMO-MI-0169,2024-11-22,1
V-005091,E-DEMO-MI-0169,2024-12-10,1
V-005092,E-DEMO-MI-0169,2025-01-31,1
V-005093,E-DEMO-MI-0169,2025-02-02,1
V-005094,E-DEMO-MI-0169,2025-03-31,1
V-005095,E-DEMO-MI-0169,2025-05-03,1
V-005096,E-DEMO-MI-0169,2025-07-03,1
V-005097,E-DEMO-MI-0169,2025-08-10,1
V-005098,E-DEMO-MI-0169,2025-10-25,1
V-005099,E-DEMO-MI-0169,2025-11-06,1
V-005100,E-DEMO-MI-0170,2025-01-03,1
V-005101,E-DEMO-MI-0170,2025-02-22,1
V-005102,E-DEMO-MI-0170,2025-03-03,1
V-005103,E-DEMO-MI-0170,2025-05-25,1
V-005104,E-DEMO-MI-0170,2025-06-03,1
V-005105,E-DEMO-MI-0170,2025-07-14,1
V-005106,E-DEMO-MI-0170,2025-08-22,1
V-005107,E-DEMO-MI-0170,2025-09-23,1
V-005108,E-DEMO-MI-0170,2025-10-29,1
V-005109,E-DEMO-MI-0170,2025-11-09,1
V-005110,E-DEMO-MI-0171,2024-01-14,1
V-005111,E-DEMO-MI-0171,2024-03-07,1
V-005112,E-DEMO-MI-0171,2024-04-22,1
V-005113,E-DEMO-MI-0171,2024-05-29,1
V-005114,E-DEMO-MI-0171,2024-07-25,1
V-005115,E-DEMO-MI-0171,2024-08-07,1
V-005116,E-DEMO-MI-0171,2024-09-05,1
V-005117,E-DEMO-MI-0172,2025-04-18,1
V-005118,E-DEMO-MI-0172,2025-05-17,1
V-005119,E-DEMO-MI-0172,2025-06-19,1
V-005120,E-DEMO-MI-0172,2025-07-13,1
V-005121,E-DEMO-MI-0172,2025-08-01,1
V-005122,E-DEMO-MI-0172,2025-10-22,1
V-005123,E-DEMO-MI-0172,2025-11-28,1
V-005124,E-DEMO-MI-0173,2024-01-08,1
V-005125,E-DEMO-MI-0174,2025-02-13,1
V-005126,E-DEMO-MI-0174,2025-03-27,1
V-005127,E-DEMO-MI-0174,2025-05-05,1
V-005128,E-DEMO-MI-0174,2025-06-16,1
V-005129,E-DEMO-MI-0174,2025-07-31,1
V-005130,E-DEMO-MI-0174,2025-08-11,1
V-005131,E-DEMO-MI-0174,2025-09-08,1
V-005132,E-DEMO-MI-0174,2025-10-02,1
V-005133,E-DEMO-MI-0174,2025-12-21,1
V-005134,E-DEMO-MI-0175,2023-07-20,1
V-005135,E-DEMO-MI-0175,2023-08-02,1
V-005136,E-DEMO-MI-0175,2023-09-04,1
V-005137,E-DEMO-MI-0175,2023-10-12,1
V-005138,E-DEMO-MI-0176,2024-10-02,1
V-005139,E-DEMO-MI-0176,2024-11-28,1
V-005140,E-DEMO-MI-0176,2024-12-19,1
V-005141,E-DEMO-MI-0176,2025-01-27,1
V-005142,E-DEMO-MI-0176,2025-02-22,1
V-005143,E-DEMO-MI-0176,2025-03-11,1
V-005144,E-DEMO-MI-0176,2025-04-29,1
V-005145,E-DEMO-MI-0176,2025-05-19,1
V-005146,E-DEMO-MI-0176,2025-08-13,1
V-005147,E-DEMO-MI-0177,2024-08-21,1
V-005148,E-DEMO-MI-0177,2024-09-06,1
V-005149,E-DEMO-MI-0177,2024-10-15,1
V-005150,E-DEMO-MI-0177,2024-11-12,1
V-005151,E-DEMO-MI-0177,2024-12-11,1
V-005152,E-DEMO-MI-0177,2025-01-31,1
V-005153,E-DEMO-MI-0177,2025-02-06,1
V-005154,E-DEMO-MI-0177,2025-03-14,1
V-005155,E-DEMO-MI-0177,2025-04-11,1
V-005156,E-DEMO-MI-0178,2023-03-18,1
V-005157,E-DEMO-MI-0178,2023-04-01,1
V-005158,E-DEMO-MI-0178,2023-06-21,1
V-005159,E-DEMO-MI-0178,2023-07-20,1
V-005160,E-DEMO-MI-0178,2023-08-05,1
V-005161,E-DEMO-MI-0178,2023-10-23,1
V-005162,E-DEMO-MI-0178,2023-11-28,1
V-005163,E-DEMO-MI-0178,2023-12-18,1
V-005164,E-DEMO-MI-0178,2024-01-06,1
V-005165,E-DEMO-MI-0178,2024-04-10,1
V-005166,E-DEMO-MI-0178,2024-05-12,1
V-005167,E-DEMO-MI-0179,2025-10-29,1
V-005168,E-DEMO-MI-0179,2025-11-10,1
V-005169,E-DEMO-MI-0179,2025-12-15,1
V-005170,E-DEMO-MI-0180,2024-05-30,1
V-005171,E-DEMO-MI-0180,2024-07-18,1
V-005172,E-DEMO-MI-0180,2024-08-04,1
V-005173,E-DEMO-MI-0180,2024-09-15,1
V-005174,E-DEMO-MI-0180,2024-10-25,1
V-005175,E-DEMO-MI-0181,2025-10-22,1
V-005176,E-DEMO-MI-0181,2025-11-26,1
V-005177,E-DEMO-MI-0181,2025-12-31,1
V-005178,E-DEMO-MI-0182,2024-06-13,1
V-005179,E-DEMO-MI-0182,2024-07-28,1
V-005180,E-DEMO-MI-0182,2024-08-12,1
V-005181,E-DEMO-MI-0182,2024-10-14,1
V-005182,E-DEMO-MI-0182,2024-11-13,1
V-005183,E-DEMO-MI-0182,2025-01-27,1
V-005184,E-DEMO-MI-0182,2025-02-10,1
V-005185,E-DEMO-MI-0182,2025-03-19,1
V-005186,E-DEMO-MI-0182,2025-04-30,1
V-005187,E-DEMO-MI-0182,2025-05-31,1
V-005188,E-DEMO-MI-0182,2025-07-12,1
V-005189,E-DEMO-MI-0182,2025-08-30,1
V-005190,E-DEMO-MI-0182,2025-10-11,1
V-005191,E-DEMO-MI-0182,2025-11-27,1
V-005192,E-DEMO-MI-0182,2025-12-27,1
V-005193,E-DEMO-MI-0183,2023-10-21,1
V-005194,E-DEMO-MI-0183,2023-11-18,1
V-005195,E-DEMO-MI-0183,2023-12-13,1
V-005196,E-DEMO-MI-0183,2024-01-05,1
V-005197,E-DEMO-MI-0183,2024-02-14,1
V-005198,E-DEMO-MI-0183,2024-04-20,1
V-005199,E-DEMO-MI-0183,2024-05-13,1
V-005200,E-DEMO-MI-0183,2024-06-04,1
V-005201,E-DEMO-MI-0183,2024-07-07,1
V-005202,E-DEMO-MI-0183,2024-08-12,1
V-005203,E-DEMO-MI-0184,2024-05-26,1
V-005204,E-DEMO-MI-0184,2024-08-06,1
V-005205,E-DEMO-MI-0184,2024-09-27,1
V-005206,E-DEMO-MI-0184,2024-11-30,1
V-005207,E-DEMO-MI-0184,2024-12-18,1
V-005208,E-DEMO-MI-0184,2025-01-03,1
V-005209,E-DEMO-MI-0184,2025-02-16,1
V-005210,E-DEMO-MI-0184,2025-04-21,1
V-005211,E-DEMO-MI-0184,2025-05-09,1
V-005212,E-DEMO-MI-0184,2025-06-01,1
V-005213,E-DEMO-MI-0184,2025-07-15,1
V-005214,E-DEMO-MI-0184,2025-08-09,1
V-005215,E-DEMO-MI-0184,2025-09-20,1
V-005216,E-DEMO-MI-0184,2025-10-01,1
V-005217,E-DEMO-MI-0184,2025-11-24,1
V-005218,E-DEMO-MI-0184,2025-12-10,1
V-005219,E-DEMO-MI-0185,2025-06-23,1
V-005220,E-DEMO-MI-0185,2025-07-08,1
V-005221,E-DEMO-MI-0185,2025-08-23,1
V-005222,E-DEMO-MI-0185,2025-09-07,1
V-005223,E-DEMO-MI-0185,2025-11-28,1
V-005224,E-DEMO-MI-0185,2025-12-15,1
V-005225,E-DEMO-MI-0186,2023-09-08,1
V-005226,E-DEMO-MI-0186,2023-12-08,1
V-005227,E-DEMO-MI-0186,2024-01-13,1
V-005228,E-DEMO-MI-0186,2024-02-09,1
V-005229,E-DEMO-MI-0187,2025-07-04,1
V-005230,E-DEMO-MI-0187,2025-08-13,1
V-005231,E-DEMO-MI-0187,2025-10-08,1
V-005232,E-DEMO-MI-0188,2024-11-02,1
V-005233,E-DEMO-MI-0188,2024-12-30,1
V-005234,E-DEMO-MI-0189,2023-11-09,1
V-005235,E-DEMO-MI-0189,2023-12-28,1
V-005236,E-DEMO-MI-0189,2024-01-21,1
V-005237,E-DEMO-MI-0189,2024-02-20,1
V-005238,E-DEMO-MI-0189,2024-03-14,1
V-005239,E-DEMO-MI-0189,2024-06-23,1
V-005240,E-DEMO-MI-0189,2024-09-13,1
V-005241,E-DEMO-MI-0190,2024-10-06,1
V-005242,E-DEMO-MI-0190,2024-12-29,1
V-005243,E-DEMO-MI-0190,2025-02-07,1
V-005244,E-DEMO-MI-0190,2025-03-21,1
V-005245,E-DEMO-MI-0190,2025-05-08,1
V-005246,E-DEMO-MI-0190,2025-06-20,1
V-005247,E-DEMO-MI-0190,2025-07-22,1
V-005248,E-DEMO-MI-0190,2025-08-01,1
V-005249,E-DEMO-MI-0190,2025-09-27,1
V-005250,E-DEMO-MI-0190,2025-10-20,1
V-005251,E-DEMO-MI-0190,2025-11-22,1
V-005252,E-DEMO-MI-0190,2025-12-19,1
V-005253,E-DEMO-MI-0191,2023-08-12,1
V-005254,E-DEMO-MI-0191,2023-09-30,1
V-005255,E-DEMO-MI-0191,2023-10-21,1
V-005256,E-DEMO-MI-0192,2024-12-04,1
V-005257,E-DEMO-MI-0192,2025-01-16,1
V-005258,E-DEMO-MI-0192,2025-04-01,1
V-005259,E-DEMO-MI-0192,2025-05-29,1
V-005260,E-DEMO-MI-0193,2023-01-22,1
V-005261,E-DEMO-MI-0193,2023-02-04,1
V-005262,E-DEMO-MI-0193,2023-04-06,1
V-005263,E-DEMO-MI-0193,2023-06-12,1
V-005264,E-DEMO-MI-0193,2023-07-13,1
V-005265,E-DEMO-MI-0193,2023-08-24,1
V-005266,E-DEMO-MI-0193,2023-09-10,1
V-005267,E-DEMO-MI-0193,2023-10-04,1
V-005268,E-DEMO-MI-0194,2024-07-25,1
V-005269,E-DEMO-MI-0194,2024-08-09,1
V-005270,E-DEMO-MI-0194,2024-09-22,1
V-005271,E-DEMO-MI-0194,2024-10-27,1
V-005272,E-DEMO-MI-0194,2024-11-09,1
V-005273,E-DEMO-MI-0194,2024-12-16,1
V-005274,E-DEMO-MI-0194,2025-01-02,1
V-005275,E-DEMO-MI-0194,2025-02-02,1
V-005276,E-DEMO-MI-0194,2025-03-25,1
V-005277,E-DEMO-MI-0194,2025-04-02,1
V-005278,E-DEMO-MI-0194,2025-05-27,1
V-005279,E-DEMO-MI-0194,2025-08-13,1
V-005280,E-DEMO-MI-0194,2025-09-02,1
V-005281,E-DEMO-MI-0194,2025-10-17,1
V-005282,E-DEMO-MI-0194,2025-11-15,1
V-005283,E-DEMO-MI-0194,2025-12-20,1
V-005284,E-DEMO-MI-0195,2025-05-27,1
V-005285,E-DEMO-MI-0195,2025-06-25,1
V-005286,E-DEMO-MI-0195,2025-07-09,1
V-005287,E-DEMO-MI-0195,2025-09-11,1
V-005288,E-DEMO-MI-0195,2025-10-13,1
V-005289,E-DEMO-MI-0195,2025-12-02,1
V-005290,E-DEMO-MI-0196,2023-10-02,1
V-005291,E-DEMO-MI-0196,2023-11-19,1
V-005292,E-DEMO-MI-0196,2023-12-16,1
V-005293,E-DEMO-MI-0196,2024-01-09,1
V-005294,E-DEMO-MI-0196,2024-02-11,1
V-005295,E-DEMO-MI-0196,2024-03-29,1
V-005296,E-DEMO-MI-0196,2024-04-30,1
V-005297,E-DEMO-MI-0196,2024-05-17,1
V-005298,E-DEMO-MI-0196,2024-06-04,1
V-005299,E-DEMO-MI-0196,2024-07-29,1
V-005300,E-DEMO-MI-0196,2024-08-27,1
V-005301,E-DEMO-MI-0196,2024-09-22,1
V-005302,E-DEMO-MI-0196,2024-10-02,1
V-005303,E-DEMO-MI-0196,2024-11-17,1
V-005304,E-DEMO-MI-0196,2024-12-09,1
V-005305,E-DEMO-MI-0196,2025-01-27,1
V-005306,E-DEMO-MI-0196,2025-02-22,1
V-005307,E-DEMO-MI-0196,2025-03-02,1
V-005308,E-DEMO-MI-0196,2025-04-21,1
V-005309,E-DEMO-MI-0196,2025-06-23,1
V-005310,E-DEMO-MI-0196,2025-08-20,1
V-005311,E-DEMO-MI-0197,2024-05-24,1
V-005312,E-DEMO-MI-0197,2024-07-13,1
V-005313,E-DEMO-MI-0197,2024-09-03,1
V-005314,E-DEMO-MI-0197,2024-10-03,1
V-005315,E-DEMO-MI-0197,2024-11-06,1
V-005316,E-DEMO-MI-0197,2024-12-12,1
V-005317,E-DEMO-MI-0197,2025-01-26,1
V-005318,E-DEMO-MI-0197,2025-02-05,1
V-005319,E-DEMO-MI-0197,2025-03-31,1
V-005320,E-DEMO-MI-0197,2025-04-18,1
V-005321,E-DEMO-MI-0198,2023-04-09,1
V-005322,E-DEMO-MI-0198,2023-05-13,1
V-005323,E-DEMO-MI-0198,2023-07-08,1
V-005324,E-DEMO-MI-0198,2023-08-10,1
V-005325,E-DEMO-MI-0198,2023-09-25,1
V-005326,E-DEMO-MI-0198,2023-11-14,1
V-005327,E-DEMO-MI-0198,2024-01-15,1
V-005328,E-DEMO-MI-0198,2024-02-27,1
V-005329,E-DEMO-MI-0199,2023-04-20,1
V-005330,E-DEMO-MI-0199,2023-06-24,1
V-005331,E-DEMO-MI-0199,2023-07-04,1
V-005332,E-DEMO-MI-0199,2023-08-12,1
V-005333,E-DEMO-MI-0199,2023-09-27,1
V-005334,E-DEMO-MI-0199,2023-10-10,1
V-005335,E-DEMO-MI-0199,2023-11-07,1
V-005336,E-DEMO-MI-0199,2023-12-22,1
V-005337,E-DEMO-MI-0199,2024-02-10,1
V-005338,E-DEMO-MI-0199,2024-04-02,1
V-005339,E-DEMO-MI-0199,2024-05-01,1
V-005340,E-DEMO-MI-0199,2024-06-18,1
V-005341,E-DEMO-MI-0199,2024-07-09,1
V-005342,E-DEMO-MI-0199,2024-08-10,1
V-005343,E-DEMO-MI-0200,2024-01-22,1
V-005344,E-DEMO-MI-0200,2024-02-15,1
V-005345,E-DEMO-MI-0200,2024-04-15,1
V-005346,E-DEMO-MI-0200,2024-07-25,1
V-005347,E-DEMO-MI-0200,2024-08-13,1
V-005348,E-DEMO-MI-0200,2024-09-30,1
V-005349,E-DEMO-MI-0200,2024-10-22,1
V-005350,E-DEMO-MI-0200,2024-11-05,1
V-005351,E-DEMO-MI-0200,2024-12-05,1
V-005352,E-DEMO-MI-0200,2025-01-13,1
V-005353,E-DEMO-MI-0200,2025-02-13,1
V-005354,E-DEMO-MI-0200,2025-03-21,1
V-005355,E-DEMO-MI-0200,2025-04-26,1
V-005356,E-DEMO-MI-0200,2025-05-01,1
V-005357,E-DEMO-MI-0200,2025-06-19,1
V-005358,E-DEMO-MI-0200,2025-07-15,1
V-005359,E-DEMO-MI-0200,2025-08-17,1
V-005360,E-DEMO-MI-0201,2023-11-28,1
V-005361,E-DEMO-MI-0201,2023-12-06,1
V-005362,E-DEMO-MI-0201,2024-01-25,1
V-005363,E-DEMO-MI-0201,2024-02-03,1
V-005364,E-DEMO-MI-0201,2024-03-09,1
V-005365,E-DEMO-MI-0201,2024-04-24,1
V-005366,E-DEMO-MI-0201,2024-05-17,1
V-005367,E-DEMO-MI-0201,2024-06-03,1
V-005368,E-DEMO-MI-0201,2024-07-24,1
V-005369,E-DEMO-MI-0201,2024-08-15,1
V-005370,E-DEMO-MI-0201,2024-09-25,1
V-005371,E-DEMO-MI-0201,2024-10-18,1
V-005372,E-DEMO-MI-0201,2024-11-10,1
V-005373,E-DEMO-MI-0201,2024-12-21,1
V-005374,E-DEMO-MI-0201,2025-01-15,1
V-005375,E-DEMO-MI-0201,2025-02-12,1
V-005376,E-DEMO-MI-0202,2024-10-04,1
V-005377,E-DEMO-MI-0202,2024-11-26,1
V-005378,E-DEMO-MI-0202,2024-12-13,1
V-005379,E-DEMO-MI-0202,2025-01-07,1
V-005380,E-DEMO-MI-0202,2025-02-27,1
V-005381,E-DEMO-MI-0202,2025-03-31,1
V-005382,E-DEMO-MI-0202,2025-04-30,1
V-005383,E-DEMO-MI-0202,2025-06-30,1
V-005384,E-DEMO-MI-0202,2025-07-15,1
V-005385,E-DEMO-MI-0202,2025-08-19,1
V-005386,E-DEMO-MI-0202,2025-09-11,1
V-005387,E-DEMO-MI-0202,2025-10-19,1
V-005388,E-DEMO-MI-0202,2025-11-11,1
V-005389,E-DEMO-MI-0203,2025-07-04,1
V-005390,E-DEMO-MI-0203,2025-08-29,1
V-005391,E-DEMO-MI-0203,2025-09-27,1
V-005392,E-DEMO-MI-0203,2025-11-17,1
V-005393,E-DEMO-MI-0203,2025-12-04,1
V-005394,E-DEMO-MI-0204,2025-09-11,1
V-005395,E-DEMO-MI-0204,2025-10-04,1
V-005396,E-DEMO-MI-0204,2025-11-28,1
V-005397,E-DEMO-MI-0204,2025-12-09,1
V-005398,E-DEMO-MI-0205,2023-11-08,1
V-005399,E-DEMO-MI-0205,2024-01-23,1
V-005400,E-DEMO-MI-0205,2024-02-02,1
V-005401,E-DEMO-MI-0205,2024-03-27,1
V-005402,E-DEMO-MI-0205,2024-04-07,1
V-005403,E-DEMO-MI-0205,2024-05-12,1
V-005404,E-DEMO-MI-0205,2024-06-21,1
V-005405,E-DEMO-MI-0205,2024-07-07,1
V-005406,E-DEMO-MI-0205,2024-08-11,1
V-005407,E-DEMO-MI-0205,2024-09-22,1
V-005408,E-DEMO-MI-0205,2024-10-22,1
V-005409,E-DEMO-MI-0205,2024-11-21,1
V-005410,E-DEMO-MI-0205,2024-12-20,1
V-005411,E-DEMO-MI-0205,2025-01-13,1
V-005412,E-DEMO-MI-0205,2025-02-06,1
V-005413,E-DEMO-MI-0205,2025-03-12,1
V-005414,E-DEMO-MI-0205,2025-04-22,1
V-005415,E-DEMO-MI-0205,2025-05-21,1
V-005416,E-DEMO-MI-0205,2025-06-14,1
V-005417,E-DEMO-MI-0205,2025-07-14,1
V-005418,E-DEMO-MI-0205,2025-08-13,1
V-005419,E-DEMO-MI-0206,2025-06-29,1
V-005420,E-DEMO-MI-0206,2025-07-01,1
V-005421,E-DEMO-MI-0206,2025-08-19,1
V-005422,E-DEMO-MI-0206,2025-09-26,1
V-005423,E-DEMO-MI-0206,2025-10-13,1
V-005424,E-DEMO-MI-0206,2025-11-13,1
V-005425,E-DEMO-MI-0206,2025-12-28,1
V-005426,E-DEMO-MI-0207,2024-06-27,1
V-005427,E-DEMO-MI-0207,2024-07-05,1
V-005428,E-DEMO-MI-0207,2024-08-16,1
V-005429,E-DEMO-MI-0207,2024-09-14,1
V-005430,E-DEMO-MI-0207,2024-10-11,1
V-005431,E-DEMO-MI-0207,2024-11-07,1
V-005432,E-DEMO-MI-0208,2025-08-24,1
V-005433,E-DEMO-MI-0208,2025-09-27,1
V-005434,E-DEMO-MI-0208,2025-10-01,1
V-005435,E-DEMO-MI-0208,2025-12-08,1
V-005436,E-DEMO-MI-0209,2024-10-10,1
V-005437,E-DEMO-MI-0209,2024-11-30,1
V-005438,E-DEMO-MI-0209,2025-01-25,1
V-005439,E-DEMO-MI-0209,2025-02-27,1
V-005440,E-DEMO-MI-0209,2025-03-01,1
V-005441,E-DEMO-MI-0209,2025-04-21,1
V-005442,E-DEMO-MI-0209,2025-05-08,1
V-005443,E-DEMO-MI-0209,2025-06-19,1
V-005444,E-DEMO-MI-0209,2025-07-01,1
V-005445,E-DEMO-MI-0209,2025-08-27,1
V-005446,E-DEMO-MI-0209,2025-10-28,1
V-005447,E-DEMO-MI-0209,2025-11-30,1
V-005448,E-DEMO-MI-0209,2025-12-13,1
V-005449,E-DEMO-MI-0210,2023-11-29,1
V-005450,E-DEMO-MI-0210,2023-12-17,1
V-005451,E-DEMO-MI-0210,2024-01-31,1
V-005452,E-DEMO-MI-0210,2024-03-12,1
V-005453,E-DEMO-MI-0210,2024-04-04,1
V-005454,E-DEMO-MI-0210,2024-05-09,1
V-005455,E-DEMO-MI-0210,2024-06-29,1
V-005456,E-DEMO-MI-0210,2024-07-14,1
V-005457,E-DEMO-MI-0210,2024-08-10,1
V-005458,E-DEMO-MI-0210,2024-10-22,1
V-005459,E-DEMO-MI-0210,2024-11-01,1
V-005460,E-DEMO-MI-0210,2024-12-22,1
V-005461,E-DEMO-MI-0210,2025-01-13,1
V-005462,E-DEMO-MI-0210,2025-02-02,1
V-005463,E-DEMO-MI-0210,2025-03-08,1
V-005464,E-DEMO-MI-0210,2025-04-03,1
V-005465,E-DEMO-MI-0210,2025-05-09,1
V-005466,E-DEMO-MI-0211,2024-12-28,1
V-005467,E-DEMO-MI-0211,2025-01-29,1
V-005468,E-DEMO-MI-0211,2025-02-02,1
V-005469,E-DEMO-MI-0211,2025-03-27,1
V-005470,E-DEMO-MI-0211,2025-04-18,1
V-005471,E-DEMO-MI-0211,2025-05-01,1
V-005472,E-DEMO-MI-0211,2025-06-01,1
V-005473,E-DEMO-MI-0212,2025-01-09,1
V-005474,E-DEMO-MI-0212,2025-02-17,1
V-005475,E-DEMO-MI-0212,2025-03-19,1
V-005476,E-DEMO-MI-0212,2025-04-18,1
V-005477,E-DEMO-MI-0212,2025-05-14,1
V-005478,E-DEMO-MI-0212,2025-06-27,1
V-005479,E-DEMO-MI-0212,2025-07-01,1
V-005480,E-DEMO-MI-0213,2023-03-27,1
V-005481,E-DEMO-MI-0213,2023-04-13,1
V-005482,E-DEMO-MI-0213,2023-05-29,1
V-005483,E-DEMO-MI-0213,2023-06-14,1
V-005484,E-DEMO-MI-0213,2023-07-11,1
V-005485,E-DEMO-MI-0213,2023-08-07,1
V-005486,E-DEMO-MI-0213,2023-09-05,1
V-005487,E-DEMO-MI-0213,2023-10-04,1
V-005488,E-DEMO-MI-0213,2023-11-27,1
V-005489,E-DEMO-MI-0213,2023-12-12,1
V-005490,E-DEMO-MI-0213,2024-02-10,1
V-005491,E-DEMO-MI-0213,2024-03-22,1
V-005492,E-DEMO-MI-0213,2024-04-14,1
V-005493,E-DEMO-MI-0213,2024-05-29,1
V-005494,E-DEMO-MI-0213,2024-06-04,1
V-005495,E-DEMO-MI-0213,2024-07-09,1
V-005496,E-DEMO-MI-0213,2024-09-01,1
V-005497,E-DEMO-MI-0213,2024-11-15,1
V-005498,E-DEMO-MI-0213,2024-12-20,1
V-005499,E-DEMO-MI-0214,2023-04-23,1
V-005500,E-DEMO-MI-0214,2023-07-23,1
V-005501,E-DEMO-MI-0214,2023-08-01,1
V-005502,E-DEMO-MI-0215,2023-09-01,1
V-005503,E-DEMO-MI-0215,2023-11-28,1
V-005504,E-DEMO-MI-0216,2023-09-19,1
V-005505,E-DEMO-MI-0216,2023-10-17,1
V-005506,E-DEMO-MI-0216,2023-12-17,1
V-005507,E-DEMO-MI-0216,2024-01-07,1
V-005508,E-DEMO-MI-0216,2024-02-25,1
V-005509,E-DEMO-MI-0216,2024-03-28,1
V-005510,E-DEMO-MI-0216,2024-04-23,1
V-005511,E-DEMO-MI-0216,2024-05-08,1
V-005512,E-DEMO-MI-0216,2024-06-11,1
V-005513,E-DEMO-MI-0216,2024-07-25,1
V-005514,E-DEMO-MI-0216,2024-08-23,1
V-005515,E-DEMO-MI-0216,2024-09-06,1
V-005516,E-DEMO-MI-0216,2024-10-06,1
V-005517,E-DEMO-MI-0216,2024-11-30,1
V-005518,E-DEMO-MI-0216,2025-01-01,1
V-005519,E-DEMO-MI-0216,2025-02-21,1
V-005520,E-DEMO-MI-0216,2025-03-20,1
V-005521,E-DEMO-MI-0216,2025-04-16,1
V-005522,E-DEMO-MI-0216,2025-05-06,1
V-005523,E-DEMO-MI-0216,2025-06-04,1
V-005524,E-DEMO-MI-0217,2023-02-21,1
V-005525,E-DEMO-MI-0217,2023-04-11,1
V-005526,E-DEMO-MI-0217,2023-05-26,1
V-005527,E-DEMO-MI-0217,2023-06-16,1
V-005528,E-DEMO-MI-0217,2023-09-18,1
V-005529,E-DEMO-MI-0217,2023-10-06,1
V-005530,E-DEMO-MI-0217,2023-11-08,1
V-005531,E-DEMO-MI-0217,2023-12-20,1
V-005532,E-DEMO-MI-0217,2024-01-01,1
V-005533,E-DEMO-MI-0217,2024-02-07,1
V-005534,E-DEMO-MI-0217,2024-03-31,1
V-005535,E-DEMO-MI-0217,2024-04-11,1
V-005536,E-DEMO-MI-0217,2024-05-23,1
V-005537,E-DEMO-MI-0217,2024-06-15,1
V-005538,E-DEMO-MI-0217,2024-07-07,1
V-005539,E-DEMO-MI-0218,2024-09-27,1
V-005540,E-DEMO-MI-0218,2024-11-14,1
V-005541,E-DEMO-MI-0218,2024-12-05,1
V-005542,E-DEMO-MI-0219,2024-03-17,1
V-005543,E-DEMO-MI-0219,2024-05-08,1
V-005544,E-DEMO-MI-0219,2024-06-11,1
V-005545,E-DEMO-MI-0219,2024-07-13,1
V-005546,E-DEMO-MI-0219,2024-08-05,1
V-005547,E-DEMO-MI-0219,2024-09-19,1
V-005548,E-DEMO-MI-0219,2024-10-27,1
V-005549,E-DEMO-MI-0219,2024-11-10,1
V-005550,E-DEMO-MI-0219,2024-12-09,1
V-005551,E-DEMO-MI-0219,2025-01-16,1
V-005552,E-DEMO-MI-0219,2025-02-24,1
V-005553,E-DEMO-MI-0219,2025-03-28,1
V-005554,E-DEMO-MI-0220,2025-06-28,1
V-005555,E-DEMO-MI-0220,2025-07-30,1
V-005556,E-DEMO-MI-0220,2025-08-02,1
V-005557,E-DEMO-MI-0220,2025-09-15,1
V-005558,E-DEMO-MI-0220,2025-10-07,1
V-005559,E-DEMO-MI-0221,2023-10-20,1
V-005560,E-DEMO-MI-0221,2023-11-26,1
V-005561,E-DEMO-MI-0221,2023-12-22,1
V-005562,E-DEMO-MI-0221,2024-01-02,1
V-005563,E-DEMO-MI-0221,2024-02-20,1
V-005564,E-DEMO-MI-0221,2024-03-30,1
V-005565,E-DEMO-MI-0221,2024-04-02,1
V-005566,E-DEMO-MI-0221,2024-05-11,1
V-005567,E-DEMO-MI-0221,2024-06-30,1
V-005568,E-DEMO-MI-0221,2024-07-09,1
V-005569,E-DEMO-MI-0221,2024-09-17,1
V-005570,E-DEMO-MI-0221,2024-10-17,1
V-005571,E-DEMO-MI-0221,2025-02-26,1
V-005572,E-DEMO-MI-0221,2025-03-04,1
V-005573,E-DEMO-MI-0221,2025-04-05,1
V-005574,E-DEMO-MI-0221,2025-05-17,1
V-005575,E-DEMO-MI-0221,2025-06-19,1
V-005576,E-DEMO-MI-0222,2025-03-02,1
V-005577,E-DEMO-MI-0222,2025-05-18,1
V-005578,E-DEMO-MI-0222,2025-06-25,1
V-005579,E-DEMO-MI-0222,2025-07-14,1
V-005580,E-DEMO-MI-0222,2025-08-10,1
V-005581,E-DEMO-MI-0222,2025-09-21,1
V-005582,E-DEMO-MI-0222,2025-10-02,1
V-005583,E-DEMO-MI-0223,2024-02-28,1
V-005584,E-DEMO-MI-0223,2024-03-18,1
V-005585,E-DEMO-MI-0223,2024-04-21,1
V-005586,E-DEMO-MI-0223,2024-05-24,1
V-005587,E-DEMO-MI-0223,2024-06-23,1
V-005588,E-DEMO-MI-0223,2024-07-30,1
V-005589,E-DEMO-MI-0223,2024-09-13,1
V-005590,E-DEMO-MI-0223,2024-10-07,1
V-005591,E-DEMO-MI-0223,2024-11-07,1
V-005592,E-DEMO-MI-0223,2024-12-15,1
V-005593,E-DEMO-MI-0223,2025-02-26,1
V-005594,E-DEMO-MI-0223,2025-03-08,1
V-005595,E-DEMO-MI-0223,2025-04-22,1
V-005596,E-DEMO-MI-0224,2024-09-18,1
V-005597,E-DEMO-MI-0224,2024-10-17,1
V-005598,E-DEMO-MI-0224,2024-11-22,1
V-005599,E-DEMO-MI-0224,2024-12-09,1
V-005600,E-DEMO-MI-0224,2025-02-28,1
V-005601,E-DEMO-MI-0224,2025-03-20,1
V-005602,E-DEMO-MI-0224,2025-04-16,1
V-005603,E-DEMO-MI-0225,2024-06-06,1
V-005604,E-DEMO-MI-0225,2024-07-09,1
V-005605,E-DEMO-MI-0225,2024-08-11,1
V-005606,E-DEMO-MI-0225,2024-09-08,1
V-005607,E-DEMO-MI-0225,2024-10-04,1
V-005608,E-DEMO-MI-0225,2024-11-13,1
V-005609,E-DEMO-MI-0225,2024-12-01,1
V-005610,E-DEMO-MI-0225,2025-01-11,1
V-005611,E-DEMO-MI-0225,2025-02-06,1
V-005612,E-DEMO-MI-0225,2025-03-31,1
V-005613,E-DEMO-MI-0225,2025-04-26,1
V-005614,E-DEMO-MI-0225,2025-05-14,1
V-005615,E-DEMO-MI-0225,2025-06-14,1
V-005616,E-DEMO-MI-0226,2024-11-28,1
V-005617,E-DEMO-MI-0226,2024-12-25,1
V-005618,E-DEMO-MI-0226,2025-01-14,1
V-005619,E-DEMO-MI-0226,2025-02-06,1
V-005620,E-DEMO-MI-0226,2025-04-22,1
V-005621,E-DEMO-MI-0227,2024-03-06,1
V-005622,E-DEMO-MI-0227,2024-04-11,1
V-005623,E-DEMO-MI-0228,2023-06-23,1
V-005624,E-DEMO-MI-0228,2023-07-09,1
V-005625,E-DEMO-MI-0228,2023-09-08,1
V-005626,E-DEMO-MI-0228,2023-10-10,1
V-005627,E-DEMO-MI-0228,2024-01-13,1
V-005628,E-DEMO-MI-0228,2024-02-07,1
V-005629,E-DEMO-MI-0228,2024-03-08,1
V-005630,E-DEMO-MI-0228,2024-04-05,1
V-005631,E-DEMO-MI-0228,2024-06-16,1
V-005632,E-DEMO-MI-0228,2024-07-18,1
V-005633,E-DEMO-MI-0228,2024-08-07,1
V-005634,E-DEMO-MI-0228,2024-09-20,1
V-005635,E-DEMO-MI-0228,2024-10-27,1
V-005636,E-DEMO-MI-0228,2024-11-21,1
V-005637,E-DEMO-MI-0228,2024-12-18,1
V-005638,E-DEMO-MI-0229,2024-11-11,1
V-005639,E-DEMO-MI-0229,2024-12-19,1
V-005640,E-DEMO-MI-0229,2025-01-04,1
V-005641,E-DEMO-MI-0229,2025-02-02,1
V-005642,E-DEMO-MI-0229,2025-03-15,1
V-005643,E-DEMO-MI-0229,2025-04-30,1
V-005644,E-DEMO-MI-0229,2025-05-07,1
V-005645,E-DEMO-MI-0229,2025-06-12,1
V-005646,E-DEMO-MI-0229,2025-07-03,1
V-005647,E-DEMO-MI-0229,2025-09-11,1
V-005648,E-DEMO-MI-0229,2025-10-13,1
V-005649,E-DEMO-MI-0229,2025-11-14,1
V-005650,E-DEMO-MI-0229,2025-12-17,1
V-005651,E-DEMO-MI-0230,2025-07-20,1
V-005652,E-DEMO-MI-0230,2025-08-06,1
V-005653,E-DEMO-MI-0230,2025-09-27,1
V-005654,E-DEMO-MI-0230,2025-10-01,1
V-005655,E-DEMO-MI-0230,2025-11-18,1
V-005656,E-DEMO-MI-0231,2024-12-19,1
V-005657,E-DEMO-MI-0231,2025-01-08,1
V-005658,E-DEMO-MI-0231,2025-02-06,1
V-005659,E-DEMO-MI-0232,2025-09-15,1
V-005660,E-DEMO-MI-0232,2025-10-24,1
V-005661,E-DEMO-MI-0232,2025-11-02,1
V-005662,E-DEMO-MI-0232,2025-12-16,1
V-005663,E-DEMO-MI-0233,2024-04-16,1
V-005664,E-DEMO-MI-0233,2024-05-11,1
V-005665,E-DEMO-MI-0233,2024-06-07,1
V-005666,E-DEMO-MI-0233,2024-08-18,1
V-005667,E-DEMO-MI-0233,2024-09-21,1
V-005668,E-DEMO-MI-0233,2024-10-17,1
V-005669,E-DEMO-MI-0233,2024-11-18,1
V-005670,E-DEMO-MI-0233,2024-12-06,1
V-005671,E-DEMO-MI-0233,2025-02-20,1
V-005672,E-DEMO-MI-0233,2025-03-23,1
V-005673,E-DEMO-MI-0233,2025-05-13,1
V-005674,E-DEMO-MI-0233,2025-07-08,1
V-005675,E-DEMO-MI-0233,2025-08-05,1
V-005676,E-DEMO-MI-0233,2025-09-22,1
V-005677,E-DEMO-MI-0233,2025-10-22,1
V-005678,E-DEMO-MI-0233,2025-11-03,1
V-005679,E-DEMO-MI-0233,2025-12-27,1
V-005680,E-DEMO-MI-0234,2025-01-21,1
V-005681,E-DEMO-MI-0234,2025-02-27,1
V-005682,E-DEMO-MI-0234,2025-03-01,1
V-005683,E-DEMO-MI-0234,2025-04-25,1
V-005684,E-DEMO-MI-0234,2025-05-04,1
V-005685,E-DEMO-MI-0234,2025-06-26,1
V-005686,E-DEMO-MI-0234,2025-07-19,1
V-005687,E-DEMO-MI-0234,2025-08-06,1
V-005688,E-DEMO-MI-0234,2025-09-13,1
V-005689,E-DEMO-MI-0234,2025-11-07,1
V-005690,E-DEMO-MI-0234,2025-12-19,1
V-005691,E-DEMO-MI-0235,2023-07-06,1
V-005692,E-DEMO-MI-0235,2023-08-17,1
V-005693,E-DEMO-MI-0235,2023-09-23,1
V-005694,E-DEMO-MI-0235,2023-10-07,1
V-005695,E-DEMO-MI-0235,2024-01-23,1
V-005696,E-DEMO-MI-0235,2024-02-04,1
V-005697,E-DEMO-MI-0235,2024-03-03,1
V-005698,E-DEMO-MI-0235,2024-04-29,1
V-005699,E-DEMO-MI-0235,2024-05-11,1
V-005700,E-DEMO-MI-0235,2024-06-20,1
V-005701,E-DEMO-MI-0235,2024-07-02,1
V-005702,E-DEMO-MI-0235,2024-08-04,1
V-005703,E-DEMO-MI-0235,2024-09-26,1
V-005704,E-DEMO-MI-0235,2024-10-05,1
V-005705,E-DEMO-MI-0235,2024-11-26,1
V-005706,E-DEMO-MI-0235,2024-12-07,1
V-005707,E-DEMO-MI-0236,2025-03-16,1
V-005708,E-DEMO-MI-0236,2025-04-25,1
V-005709,E-DEMO-MI-0236,2025-05-20,1
V-005710,E-DEMO-MI-0236,2025-09-07,1
V-005711,E-DEMO-MI-0236,2025-10-28,1
V-005712,E-DEMO-MI-0236,2025-11-29,1
V-005713,E-DEMO-MI-0236,2025-12-15,1
V-005714,E-DEMO-MI-0237,2024-03-18,1
V-005715,E-DEMO-MI-0237,2024-04-09,1
V-005716,E-DEMO-MI-0237,2024-06-01,1
V-005717,E-DEMO-MI-0237,2024-07-27,1
V-005718,E-DEMO-MI-0237,2024-08-22,1
V-005719,E-DEMO-MI-0237,2024-09-23,1
V-005720,E-DEMO-MI-0238,2025-01-30,1
V-005721,E-DEMO-MI-0238,2025-03-16,1
V-005722,E-DEMO-MI-0238,2025-04-19,1
V-005723,E-DEMO-MI-0238,2025-05-06,1
V-005724,E-DEMO-MI-0238,2025-06-22,1
V-005725,E-DEMO-MI-0239,2024-05-27,1
V-005726,E-DEMO-MI-0239,2024-07-27,1
V-005727,E-DEMO-MI-0239,2024-08-21,1
V-005728,E-DEMO-MI-0239,2024-09-03,1
V-005729,E-DEMO-MI-0239,2024-12-18,1
V-005730,E-DEMO-MI-0240,2024-06-17,1
V-005731,E-DEMO-MI-0240,2024-07-15,1
V-005732,E-DEMO-MI-0240,2024-09-28,1
V-005733,E-DEMO-MI-0240,2024-10-22,1
V-005734,E-DEMO-MI-0241,2023-07-15,1
V-005735,E-DEMO-MI-0241,2023-09-26,1
V-005736,E-DEMO-MI-0241,2023-10-11,1
V-005737,E-DEMO-MI-0241,2023-11-15,1
V-005738,E-DEMO-MI-0241,2023-12-16,1
V-005739,E-DEMO-MI-0241,2024-01-02,1
V-005740,E-DEMO-MI-0241,2024-02-02,1
V-005741,E-DEMO-MI-0241,2024-03-15,1
V-005742,E-DEMO-MI-0241,2024-04-20,1
V-005743,E-DEMO-MI-0241,2024-05-14,1
V-005744,E-DEMO-MI-0241,2024-06-26,1
V-005745,E-DEMO-MI-0241,2024-08-26,1
V-005746,E-DEMO-MI-0241,2024-10-09,1
V-005747,E-DEMO-MI-0241,2024-11-06,1
V-005748,E-DEMO-MI-0242,2023-04-18,1
V-005749,E-DEMO-MI-0242,2023-05-03,1
V-005750,E-DEMO-MI-0242,2023-07-30,1
V-005751,E-DEMO-MI-0242,2023-08-18,1
V-005752,E-DEMO-MI-0242,2023-09-16,1
V-005753,E-DEMO-MI-0242,2023-11-26,1
V-005754,E-DEMO-MI-0243,2024-06-22,1
V-005755,E-DEMO-MI-0243,2024-07-03,1
V-005756,E-DEMO-MI-0243,2024-08-06,1
V-005757,E-DEMO-MI-0243,2024-09-17,1
V-005758,E-DEMO-MI-0243,2024-11-25,1
V-005759,E-DEMO-MI-0243,2024-12-10,1
V-005760,E-DEMO-MI-0243,2025-01-14,1
V-005761,E-DEMO-MI-0243,2025-02-13,1
V-005762,E-DEMO-MI-0243,2025-03-28,1
V-005763,E-DEMO-MI-0244,2025-06-29,1
V-005764,E-DEMO-MI-0244,2025-08-05,1
V-005765,E-DEMO-MI-0244,2025-09-08,1
V-005766,E-DEMO-MI-0244,2025-10-04,1
V-005767,E-DEMO-MI-0245,2024-07-23,1
V-005768,E-DEMO-MI-0245,2024-08-29,1
V-005769,E-DEMO-MI-0245,2024-09-30,1
V-005770,E-DEMO-MI-0245,2024-10-10,1
V-005771,E-DEMO-MI-0246,2023-11-03,1
V-005772,E-DEMO-MI-0246,2023-12-06,1
V-005773,E-DEMO-MI-0246,2024-01-07,1
V-005774,E-DEMO-MI-0246,2024-02-21,1
V-005775,E-DEMO-MI-0246,2024-03-28,1
V-005776,E-DEMO-MI-0246,2024-04-17,1
V-005777,E-DEMO-MI-0246,2024-05-12,1
V-005778,E-DEMO-MI-0246,2024-06-11,1
V-005779,E-DEMO-MI-0246,2024-07-10,1
V-005780,E-DEMO-MI-0246,2024-08-16,1
V-005781,E-DEMO-MI-0246,2024-09-06,1
V-005782,E-DEMO-MI-0246,2024-10-24,1
V-005783,E-DEMO-MI-0247,2024-11-11,1
V-005784,E-DEMO-MI-0247,2024-12-14,1
V-005785,E-DEMO-MI-0247,2025-01-05,1
V-005786,E-DEMO-MI-0247,2025-02-28,1
V-005787,E-DEMO-MI-0247,2025-03-03,1
V-005788,E-DEMO-MI-0247,2025-04-24,1
V-005789,E-DEMO-MI-0247,2025-05-27,1
V-005790,E-DEMO-MI-0247,2025-06-16,1
V-005791,E-DEMO-MI-0247,2025-07-26,1
V-005792,E-DEMO-MI-0247,2025-08-04,1
V-005793,E-DEMO-MI-0247,2025-09-04,1
V-005794,E-DEMO-MI-0248,2024-10-30,1
V-005795,E-DEMO-MI-0248,2024-11-28,1
V-005796,E-DEMO-MI-0248,2024-12-15,1
V-005797,E-DEMO-MI-0248,2025-01-14,1
V-005798,E-DEMO-MI-0248,2025-02-24,1
V-005799,E-DEMO-MI-0248,2025-04-27,1
V-005800,E-DEMO-MI-0248,2025-05-17,1
V-005801,E-DEMO-MI-0248,2025-06-09,1
V-005802,E-DEMO-MI-0248,2025-07-30,1
V-005803,E-DEMO-MI-0248,2025-08-26,1
V-005804,E-DEMO-MI-0248,2025-09-06,1
V-005805,E-DEMO-MI-0248,2025-11-24,1
V-005806,E-DEMO-MI-0248,2025-12-20,1
V-005807,E-DEMO-MI-0249,2024-12-30,1
V-005808,E-DEMO-MI-0249,2025-01-05,1
V-005809,E-DEMO-MI-0249,2025-02-12,1
V-005810,E-DEMO-MI-0249,2025-07-10,1
V-005811,E-DEMO-MI-0249,2025-08-22,1
V-005812,E-DEMO-MI-0249,2025-09-09,1
V-005813,E-DEMO-MI-0249,2025-10-29,1
V-005814,E-DEMO-MI-0249,2025-11-24,1
V-005815,E-DEMO-MI-0249,2025-12-07,1
V-005816,E-DEMO-MI-0250,2023-06-25,1
V-005817,E-DEMO-MI-0250,2023-07-14,1
V-005818,E-DEMO-MI-0250,2023-08-17,1
V-005819,E-DEMO-MI-0250,2023-10-18,1
V-005820,E-DEMO-MI-0250,2023-12-17,1
V-005821,E-DEMO-MI-0250,2024-01-27,1
V-005822,E-DEMO-MI-0250,2024-02-14,1
V-005823,E-DEMO-MI-0250,2024-04-21,1
V-005824,E-DEMO-MI-0250,2024-05-21,1
V-005825,E-DEMO-MI-0250,2024-06-15,1
V-005826,E-DEMO-MI-0250,2024-07-22,1
V-005827,E-DEMO-MI-0250,2024-08-11,1
V-005828,E-DEMO-MI-0251,2024-04-29,1
V-005829,E-DEMO-MI-0251,2024-05-04,1
V-005830,E-DEMO-MI-0251,2024-06-18,1
V-005831,E-DEMO-MI-0251,2024-07-08,1
V-005832,E-DEMO-MI-0251,2024-08-06,1
V-005833,E-DEMO-MI-0251,2024-09-05,1
V-005834,E-DEMO-MI-0251,2024-10-13,1
V-005835,E-DEMO-MI-0251,2024-11-08,1
V-005836,E-DEMO-MI-0251,2024-12-29,1
V-005837,E-DEMO-MI-0251,2025-01-25,1
V-005838,E-DEMO-MI-0251,2025-02-05,1
V-005839,E-DEMO-MI-0251,2025-03-16,1
V-005840,E-DEMO-MI-0251,2025-05-14,1
V-005841,E-DEMO-MI-0251,2025-06-27,1
V-005842,E-DEMO-MI-0251,2025-08-24,1
V-005843,E-DEMO-MI-0252,2024-01-06,1
V-005844,E-DEMO-MI-0252,2024-02-03,1
V-005845,E-DEMO-MI-0252,2024-03-31,1
V-005846,E-DEMO-MI-0252,2024-04-17,1
V-005847,E-DEMO-MI-0252,2024-07-21,1
V-005848,E-DEMO-MI-0252,2024-08-04,1
V-005849,E-DEMO-MI-0252,2024-09-11,1
V-005850,E-DEMO-MI-0253,2024-05-25,1
V-005851,E-DEMO-MI-0253,2024-06-09,1
V-005852,E-DEMO-MI-0253,2024-07-14,1
V-005853,E-DEMO-MI-0253,2024-09-27,1
V-005854,E-DEMO-MI-0253,2024-10-06,1
V-005855,E-DEMO-MI-0253,2024-11-25,1
V-005856,E-DEMO-MI-0253,2024-12-15,1
V-005857,E-DEMO-MI-0253,2025-02-02,1
V-005858,E-DEMO-MI-0253,2025-03-04,1
V-005859,E-DEMO-MI-0253,2025-04-10,1
V-005860,E-DEMO-MI-0253,2025-05-21,1
V-005861,E-DEMO-MI-0253,2025-06-17,1
V-005862,E-DEMO-MI-0253,2025-07-19,1
V-005863,E-DEMO-MI-0253,2025-08-15,1
V-005864,E-DEMO-MI-0253,2025-09-17,1
V-005865,E-DEMO-MI-0253,2025-11-12,1
V-005866,E-DEMO-MI-0253,2025-12-06,1
V-005867,E-DEMO-MI-0254,2025-02-04,1
V-005868,E-DEMO-MI-0254,2025-03-03,1
V-005869,E-DEMO-MI-0255,2024-03-16,1
V-005870,E-DEMO-MI-0255,2024-05-08,1
V-005871,E-DEMO-MI-0255,2024-06-19,1
V-005872,E-DEMO-MI-0255,2024-07-26,1
V-005873,E-DEMO-MI-0255,2024-08-24,1
V-005874,E-DEMO-MI-0255,2024-09-16,1
V-005875,E-DEMO-MI-0255,2024-11-25,1
V-005876,E-DEMO-MI-0255,2025-01-09,1
V-005877,E-DEMO-MI-0255,2025-02-12,1
V-005878,E-DEMO-MI-0255,2025-03-06,1
V-005879,E-DEMO-MI-0255,2025-04-04,1
V-005880,E-DEMO-MI-0255,2025-05-13,1
V-005881,E-DEMO-MI-0255,2025-06-01,1
V-005882,E-DEMO-MI-0255,2025-07-22,1
V-005883,E-DEMO-MI-0255,2025-08-24,1
V-005884,E-DEMO-MI-0255,2025-10-03,1
V-005885,E-DEMO-MI-0255,2025-11-25,1
V-005886,E-DEMO-MI-0255,2025-12-06,1
V-005887,E-DEMO-MI-0256,2023-08-26,1
V-005888,E-DEMO-MI-0256,2023-09-08,1
V-005889,E-DEMO-MI-0256,2023-10-24,1
V-005890,E-DEMO-MI-0256,2023-11-26,1
V-005891,E-DEMO-MI-0256,2023-12-04,1
V-005892,E-DEMO-MI-0256,2024-02-05,1
V-005893,E-DEMO-MI-0256,2024-03-13,1
V-005894,E-DEMO-MI-0256,2024-04-05,1
V-005895,E-DEMO-MI-0256,2024-05-05,1
V-005896,E-DEMO-MI-0256,2024-06-28,1
V-005897,E-DEMO-MI-0256,2024-07-20,1
V-005898,E-DEMO-MI-0256,2024-08-16,1
V-005899,E-DEMO-MI-0256,2024-09-24,1
V-005900,E-DEMO-MI-0256,2024-11-13,1
V-005901,E-DEMO-MI-0256,2024-12-28,1
V-005902,E-DEMO-MI-0257,2025-03-04,1
V-005903,E-DEMO-MI-0257,2025-04-19,1
V-005904,E-DEMO-MI-0257,2025-05-06,1
V-005905,E-DEMO-MI-0258,2024-01-21,1
V-005906,E-DEMO-MI-0258,2024-02-21,1
V-005907,E-DEMO-MI-0258,2024-04-27,1
V-005908,E-DEMO-MI-0258,2024-05-25,1
V-005909,E-DEMO-MI-0258,2024-06-22,1
V-005910,E-DEMO-MI-0258,2024-09-07,1
V-005911,E-DEMO-MI-0258,2024-10-01,1
V-005912,E-DEMO-MI-0258,2024-11-16,1
V-005913,E-DEMO-MI-0258,2024-12-10,1
V-005914,E-DEMO-MI-0258,2025-01-13,1
V-005915,E-DEMO-MI-0258,2025-02-09,1
V-005916,E-DEMO-MI-0258,2025-04-26,1
V-005917,E-DEMO-MI-0258,2025-05-04,1
V-005918,E-DEMO-MI-0259,2024-08-28,1
V-005919,E-DEMO-MI-0259,2024-09-22,1
V-005920,E-DEMO-MI-0259,2024-11-20,1
V-005921,E-DEMO-MI-0259,2024-12-13,1
V-005922,E-DEMO-MI-0259,2025-01-20,1
V-005923,E-DEMO-MI-0259,2025-02-06,1
V-005924,E-DEMO-MI-0260,2024-02-28,1
V-005925,E-DEMO-MI-0260,2024-03-03,1
V-005926,E-DEMO-MI-0260,2024-04-03,1
V-005927,E-DEMO-MI-0260,2024-05-25,1
V-005928,E-DEMO-MI-0260,2024-06-11,1
V-005929,E-DEMO-MI-0260,2024-07-06,1
V-005930,E-DEMO-MI-0260,2024-08-31,1
V-005931,E-DEMO-MI-0260,2024-10-05,1
V-005932,E-DEMO-MI-0260,2024-11-14,1
V-005933,E-DEMO-MI-0260,2024-12-18,1
V-005934,E-DEMO-MI-0260,2025-01-02,1
V-005935,E-DEMO-MI-0260,2025-02-01,1
V-005936,E-DEMO-MI-0260,2025-03-30,1
V-005937,E-DEMO-MI-0260,2025-04-18,1
V-005938,E-DEMO-MI-0260,2025-05-29,1
V-005939,E-DEMO-MI-0260,2025-08-31,1
V-005940,E-DEMO-MI-0261,2025-05-23,1
V-005941,E-DEMO-MI-0261,2025-06-15,1
V-005942,E-DEMO-MI-0261,2025-07-09,1
V-005943,E-DEMO-MI-0261,2025-09-05,1
V-005944,E-DEMO-MI-0261,2025-10-21,1
V-005945,E-DEMO-MI-0261,2025-11-05,1
V-005946,E-DEMO-MI-0262,2025-06-30,1
V-005947,E-DEMO-MI-0262,2025-07-01,1
V-005948,E-DEMO-MI-0262,2025-08-13,1
V-005949,E-DEMO-MI-0262,2025-10-09,1
V-005950,E-DEMO-MI-0262,2025-11-06,1
V-005951,E-DEMO-MI-0262,2025-12-28,1
V-005952,E-DEMO-MI-0263,2023-09-22,1
V-005953,E-DEMO-MI-0263,2023-10-16,1
V-005954,E-DEMO-MI-0263,2023-11-07,1
V-005955,E-DEMO-MI-0263,2023-12-11,1
V-005956,E-DEMO-MI-0263,2024-01-20,1
V-005957,E-DEMO-MI-0263,2024-02-26,1
V-005958,E-DEMO-MI-0263,2024-04-28,1
V-005959,E-DEMO-MI-0263,2024-05-08,1
V-005960,E-DEMO-MI-0263,2024-06-19,1
V-005961,E-DEMO-MI-0263,2024-07-05,1
V-005962,E-DEMO-MI-0263,2024-08-01,1
V-005963,E-DEMO-MI-0263,2024-09-25,1
V-005964,E-DEMO-MI-0263,2024-12-14,1
V-005965,E-DEMO-MI-0263,2025-01-09,1
V-005966,E-DEMO-MI-0263,2025-02-01,1
V-005967,E-DEMO-MI-0263,2025-04-04,1
V-005968,E-DEMO-MI-0263,2025-05-12,1
V-005969,E-DEMO-MI-0263,2025-07-22,1
V-005970,E-DEMO-MI-0263,2025-08-31,1
V-005971,E-DEMO-MI-0264,2024-01-13,1
V-005972,E-DEMO-MI-0264,2024-02-14,1
V-005973,E-DEMO-MI-0264,2024-03-25,1
V-005974,E-DEMO-MI-0264,2024-04-12,1
V-005975,E-DEMO-MI-0264,2024-05-15,1
V-005976,E-DEMO-MI-0264,2024-06-27,1
V-005977,E-DEMO-MI-0264,2024-07-01,1
V-005978,E-DEMO-MI-0264,2024-08-13,1
V-005979,E-DEMO-MI-0264,2024-09-09,1
V-005980,E-DEMO-MI-0264,2024-11-12,1
V-005981,E-DEMO-MI-0264,2025-01-17,1
V-005982,E-DEMO-MI-0264,2025-02-06,1
V-005983,E-DEMO-MI-0264,2025-03-22,1
V-005984,E-DEMO-MI-0264,2025-04-13,1
V-005985,E-DEMO-MI-0264,2025-05-09,1
V-005986,E-DEMO-MI-0264,2025-08-26,1
V-005987,E-DEMO-MI-0264,2025-09-05,1
V-005988,E-DEMO-MI-0265,2024-04-30,1
V-005989,E-DEMO-MI-0265,2024-05-09,1
V-005990,E-DEMO-MI-0265,2024-07-01,1
V-005991,E-DEMO-MI-0265,2024-08-02,1
V-005992,E-DEMO-MI-0265,2024-09-19,1
V-005993,E-DEMO-MI-0265,2024-10-19,1
V-005994,E-DEMO-MI-0265,2024-11-13,1
V-005995,E-DEMO-MI-0265,2024-12-10,1
V-005996,E-DEMO-MI-0265,2025-01-30,1
V-005997,E-DEMO-MI-0265,2025-02-28,1
V-005998,E-DEMO-MI-0265,2025-03-07,1
V-005999,E-DEMO-MI-0265,2025-04-14,1
V-006000,E-DEMO-MI-0265,2025-05-08,1
V-006001,E-DEMO-MI-0265,2025-06-07,1
V-006002,E-DEMO-MI-0265,2025-07-04,1
V-006003,E-DEMO-MI-0265,2025-08-30,1
V-006004,E-DEMO-MI-0265,2025-09-02,1
V-006005,E-DEMO-MI-0265,2025-10-09,1
V-006006,E-DEMO-MI-0265,2025-11-29,1
V-006007,E-DEMO-MI-0266,2024-03-06,1
V-006008,E-DEMO-MI-0266,2024-04-15,1
V-006009,E-DEMO-MI-0266,2024-05-27,1
V-006010,E-DEMO-MI-0266,2024-07-04,1
V-006011,E-DEMO-MI-0266,2024-09-17,1
V-006012,E-DEMO-MI-0267,2023-07-18,1
V-006013,E-DEMO-MI-0267,2023-08-14,1
V-006014,E-DEMO-MI-0267,2023-09-20,1
V-006015,E-DEMO-MI-0267,2023-10-20,1
V-006016,E-DEMO-MI-0267,2023-11-28,1
V-006017,E-DEMO-MI-0267,2023-12-17,1
V-006018,E-DEMO-MI-0267,2024-01-02,1
V-006019,E-DEMO-MI-0267,2024-02-11,1
V-006020,E-DEMO-MI-0267,2024-03-13,1
V-006021,E-DEMO-MI-0267,2024-04-28,1
V-006022,E-DEMO-MI-0267,2024-05-04,1
V-006023,E-DEMO-MI-0267,2024-07-22,1
V-006024,E-DEMO-MI-0267,2024-08-27,1
V-006025,E-DEMO-MI-0267,2024-09-16,1
V-006026,E-DEMO-MI-0268,2024-11-27,1
V-006027,E-DEMO-MI-0268,2024-12-21,1
V-006028,E-DEMO-MI-0268,2025-01-20,1
V-006029,E-DEMO-MI-0268,2025-02-02,1
V-006030,E-DEMO-MI-0268,2025-03-02,1
V-006031,E-DEMO-MI-0268,2025-04-05,1
V-006032,E-DEMO-MI-0268,2025-05-06,1
V-006033,E-DEMO-MI-0268,2025-06-11,1
V-006034,E-DEMO-MI-0268,2025-07-15,1
V-006035,E-DEMO-MI-0268,2025-08-18,1
V-006036,E-DEMO-MI-0268,2025-10-25,1
V-006037,E-DEMO-MI-0268,2025-11-08,1
V-006038,E-DEMO-MI-0268,2025-12-19,1
V-006039,E-DEMO-MI-0269,2023-12-12,1
V-006040,E-DEMO-MI-0269,2024-03-31,1
V-006041,E-DEMO-MI-0269,2024-04-03,1
V-006042,E-DEMO-MI-0269,2024-05-29,1
V-006043,E-DEMO-MI-0269,2024-06-16,1
V-006044,E-DEMO-MI-0269,2024-07-28,1
V-006045,E-DEMO-MI-0269,2024-08-08,1
V-006046,E-DEMO-MI-0270,2025-02-12,1
V-006047,E-DEMO-MI-0270,2025-03-29,1
V-006048,E-DEMO-MI-0270,2025-04-09,1
V-006049,E-DEMO-MI-0271,2024-05-29,1
V-006050,E-DEMO-MI-0271,2024-06-16,1
V-006051,E-DEMO-MI-0271,2024-07-19,1
V-006052,E-DEMO-MI-0271,2024-09-18,1
V-006053,E-DEMO-MI-0271,2024-10-11,1
V-006054,E-DEMO-MI-0271,2024-12-18,1
V-006055,E-DEMO-MI-0271,2025-01-21,1
V-006056,E-DEMO-MI-0271,2025-02-16,1
V-006057,E-DEMO-MI-0271,2025-03-20,1
V-006058,E-DEMO-MI-0271,2025-04-28,1
V-006059,E-DEMO-MI-0271,2025-06-19,1
V-006060,E-DEMO-MI-0271,2025-07-17,1
V-006061,E-DEMO-MI-0271,2025-08-12,1
V-006062,E-DEMO-MI-0271,2025-09-15,1
V-006063,E-DEMO-MI-0271,2025-10-07,1
V-006064,E-DEMO-MI-0271,2025-11-22,1
V-006065,E-DEMO-MI-0271,2025-12-24,1
V-006066,E-DEMO-MI-0272,2024-12-21,1
V-006067,E-DEMO-MI-0272,2025-01-27,1
V-006068,E-DEMO-MI-0272,2025-02-04,1
V-006069,E-DEMO-MI-0272,2025-03-07,1
V-006070,E-DEMO-MI-0272,2025-04-13,1
V-006071,E-DEMO-MI-0272,2025-05-22,1
V-006072,E-DEMO-MI-0272,2025-06-12,1
V-006073,E-DEMO-MI-0272,2025-08-18,1
V-006074,E-DEMO-MI-0272,2025-09-28,1
V-006075,E-DEMO-MI-0272,2025-10-21,1
V-006076,E-DEMO-MI-0272,2025-11-14,1
V-006077,E-DEMO-MI-0272,2025-12-03,1
V-006078,E-DEMO-MI-0273,2023-03-23,1
V-006079,E-DEMO-MI-0273,2023-05-23,1
V-006080,E-DEMO-MI-0273,2023-06-26,1
V-006081,E-DEMO-MI-0273,2023-07-09,1
V-006082,E-DEMO-MI-0273,2023-08-22,1
V-006083,E-DEMO-MI-0273,2023-09-02,1
V-006084,E-DEMO-MI-0273,2023-10-27,1
V-006085,E-DEMO-MI-0273,2023-11-07,1
V-006086,E-DEMO-MI-0273,2023-12-14,1
V-006087,E-DEMO-MI-0273,2024-01-18,1
V-006088,E-DEMO-MI-0273,2024-02-12,1
V-006089,E-DEMO-MI-0273,2024-03-30,1
V-006090,E-DEMO-MI-0273,2024-04-09,1
V-006091,E-DEMO-MI-0273,2024-05-18,1
V-006092,E-DEMO-MI-0274,2025-07-01,1
V-006093,E-DEMO-MI-0274,2025-08-14,1
V-006094,E-DEMO-MI-0275,2024-05-24,1
V-006095,E-DEMO-MI-0275,2024-06-29,1
V-006096,E-DEMO-MI-0275,2024-07-20,1
V-006097,E-DEMO-MI-0275,2024-08-08,1
V-006098,E-DEMO-MI-0275,2024-09-16,1
V-006099,E-DEMO-MI-0275,2024-10-22,1
V-006100,E-DEMO-MI-0275,2024-11-14,1
V-006101,E-DEMO-MI-0275,2024-12-24,1
V-006102,E-DEMO-MI-0275,2025-01-01,1
V-006103,E-DEMO-MI-0275,2025-02-01,1
V-006104,E-DEMO-MI-0275,2025-03-15,1
V-006105,E-DEMO-MI-0275,2025-04-07,1
V-006106,E-DEMO-MI-0275,2025-05-22,1
V-006107,E-DEMO-MI-0275,2025-06-04,1
V-006108,E-DEMO-MI-0276,2023-09-19,1
V-006109,E-DEMO-MI-0276,2023-10-30,1
V-006110,E-DEMO-MI-0276,2023-12-02,1
V-006111,E-DEMO-MI-0276,2024-01-24,1
V-006112,E-DEMO-MI-0276,2024-02-25,1
V-006113,E-DEMO-MI-0276,2024-05-30,1
V-006114,E-DEMO-MI-0276,2024-06-19,1
V-006115,E-DEMO-MI-0277,2025-06-24,1
V-006116,E-DEMO-MI-0277,2025-07-26,1
V-006117,E-DEMO-MI-0277,2025-08-22,1
V-006118,E-DEMO-MI-0277,2025-09-04,1
V-006119,E-DEMO-MI-0277,2025-10-14,1
V-006120,E-DEMO-MI-0277,2025-11-02,1
V-006121,E-DEMO-MI-0277,2025-12-24,1
V-006122,E-DEMO-MI-0278,2023-10-20,1
V-006123,E-DEMO-MI-0278,2023-11-15,1
V-006124,E-DEMO-MI-0279,2025-09-18,1
V-006125,E-DEMO-MI-0279,2025-10-28,1
V-006126,E-DEMO-MI-0279,2025-11-21,1
V-006127,E-DEMO-MI-0279,2025-12-31,1
V-006128,E-DEMO-MI-0280,2025-03-20,1
V-006129,E-DEMO-MI-0280,2025-04-11,1
V-006130,E-DEMO-MI-0280,2025-05-13,1
V-006131,E-DEMO-MI-0280,2025-06-17,1
V-006132,E-DEMO-MI-0280,2025-10-15,1
V-006133,E-DEMO-MI-0280,2025-12-05,1
V-006134,E-DEMO-MI-0281,2024-08-13,1
V-006135,E-DEMO-MI-0281,2024-09-05,1
V-006136,E-DEMO-MI-0281,2024-10-30,1
V-006137,E-DEMO-MI-0281,2024-11-01,1
V-006138,E-DEMO-MI-0281,2024-12-21,1
V-006139,E-DEMO-MI-0281,2025-02-06,1
V-006140,E-DEMO-MI-0281,2025-03-26,1
V-006141,E-DEMO-MI-0281,2025-04-05,1
V-006142,E-DEMO-MI-0281,2025-05-18,1
V-006143,E-DEMO-MI-0281,2025-07-10,1
V-006144,E-DEMO-MI-0281,2025-08-05,1
V-006145,E-DEMO-MI-0281,2025-09-09,1
V-006146,E-DEMO-MI-0281,2025-10-05,1
V-006147,E-DEMO-MI-0282,2024-03-12,1
V-006148,E-DEMO-MI-0282,2024-04-20,1
V-006149,E-DEMO-MI-0282,2024-06-18,1
V-006150,E-DEMO-MI-0282,2024-07-07,1
V-006151,E-DEMO-MI-0282,2024-08-17,1
V-006152,E-DEMO-MI-0282,2024-09-10,1
V-006153,E-DEMO-MI-0282,2024-11-25,1
V-006154,E-DEMO-MI-0282,2024-12-10,1
V-006155,E-DEMO-MI-0282,2025-01-29,1
V-006156,E-DEMO-MI-0282,2025-02-03,1
V-006157,E-DEMO-MI-0282,2025-03-07,1
V-006158,E-DEMO-MI-0283,2025-09-20,1
V-006159,E-DEMO-MI-0283,2025-10-28,1
V-006160,E-DEMO-MI-0283,2025-12-31,1
V-006161,E-DEMO-MI-0284,2023-04-28,1
V-006162,E-DEMO-MI-0284,2023-05-30,1
V-006163,E-DEMO-MI-0284,2023-07-17,1
V-006164,E-DEMO-MI-0284,2023-09-28,1
V-006165,E-DEMO-MI-0284,2023-12-05,1
V-006166,E-DEMO-MI-0284,2024-01-07,1
V-006167,E-DEMO-MI-0284,2024-03-26,1
V-006168,E-DEMO-MI-0284,2024-05-30,1
V-006169,E-DEMO-MI-0284,2024-06-25,1
V-006170,E-DEMO-MI-0284,2024-10-24,1
V-006171,E-DEMO-MI-0285,2024-02-27,1
V-006172,E-DEMO-MI-0285,2024-03-28,1
V-006173,E-DEMO-MI-0285,2024-04-18,1
V-006174,E-DEMO-MI-0285,2024-06-11,1
V-006175,E-DEMO-MI-0285,2024-07-18,1
V-006176,E-DEMO-MI-0285,2024-11-28,1
V-006177,E-DEMO-MI-0285,2024-12-20,1
V-006178,E-DEMO-MI-0285,2025-02-01,1
V-006179,E-DEMO-MI-0285,2025-03-20,1
V-006180,E-DEMO-MI-0285,2025-04-04,1
V-006181,E-DEMO-MI-0286,2025-02-16,1
V-006182,E-DEMO-MI-0286,2025-03-19,1
V-006183,E-DEMO-MI-0286,2025-04-16,1
V-006184,E-DEMO-MI-0286,2025-06-27,1
V-006185,E-DEMO-MI-0286,2025-07-07,1
V-006186,E-DEMO-MI-0286,2025-09-02,1
V-006187,E-DEMO-MI-0287,2025-03-30,1
V-006188,E-DEMO-MI-0287,2025-04-30,1
V-006189,E-DEMO-MI-0287,2025-06-29,1
V-006190,E-DEMO-MI-0287,2025-07-20,1
V-006191,E-DEMO-MI-0287,2025-08-13,1
V-006192,E-DEMO-MI-0287,2025-09-03,1
V-006193,E-DEMO-MI-0287,2025-10-29,1
V-006194,E-DEMO-MI-0287,2025-11-23,1
V-006195,E-DEMO-MI-0287,2025-12-31,1
V-006196,E-DEMO-MI-0288,2024-03-21,1
V-006197,E-DEMO-MI-0288,2024-05-08,1
V-006198,E-DEMO-MI-0289,2024-03-25,1
V-006199,E-DEMO-MI-0289,2024-05-30,1
V-006200,E-DEMO-MI-0289,2024-06-06,1
V-006201,E-DEMO-MI-0289,2024-07-02,1
V-006202,E-DEMO-MI-0290,2024-04-27,1
V-006203,E-DEMO-MI-0290,2024-05-20,1
V-006204,E-DEMO-MI-0291,2024-04-06,1
V-006205,E-DEMO-MI-0291,2024-05-06,1
V-006206,E-DEMO-MI-0291,2024-06-30,1
V-006207,E-DEMO-MI-0291,2024-07-14,1
V-006208,E-DEMO-MI-0291,2024-08-29,1
V-006209,E-DEMO-MI-0291,2024-09-06,1
V-006210,E-DEMO-MI-0291,2024-10-25,1
V-006211,E-DEMO-MI-0291,2024-11-25,1
V-006212,E-DEMO-MI-0291,2025-01-02,1
V-006213,E-DEMO-MI-0291,2025-02-16,1
V-006214,E-DEMO-MI-0291,2025-03-23,1
V-006215,E-DEMO-MI-0291,2025-06-21,1
V-006216,E-DEMO-MI-0291,2025-07-30,1
V-006217,E-DEMO-MI-0291,2025-08-15,1
V-006218,E-DEMO-MI-0291,2025-09-06,1
V-006219,E-DEMO-MI-0291,2025-11-07,1
V-006220,E-DEMO-MI-0291,2025-12-05,1
V-006221,E-DEMO-MI-0292,2024-07-25,1
V-006222,E-DEMO-MI-0292,2024-09-26,1
V-006223,E-DEMO-MI-0292,2024-10-09,1
V-006224,E-DEMO-MI-0292,2024-11-02,1
V-006225,E-DEMO-MI-0292,2024-12-18,1
V-006226,E-DEMO-MI-0292,2025-02-08,1
V-006227,E-DEMO-MI-0292,2025-03-07,1
V-006228,E-DEMO-MI-0293,2023-09-24,1
V-006229,E-DEMO-MI-0293,2023-10-22,1
V-006230,E-DEMO-MI-0293,2023-12-31,1
V-006231,E-DEMO-MI-0293,2024-01-13,1
V-006232,E-DEMO-MI-0293,2024-03-31,1
V-006233,E-DEMO-MI-0293,2024-05-02,1
V-006234,E-DEMO-MI-0293,2024-06-19,1
V-006235,E-DEMO-MI-0293,2024-07-12,1
V-006236,E-DEMO-MI-0293,2024-08-29,1
V-006237,E-DEMO-MI-0293,2024-12-31,1
V-006238,E-DEMO-MI-0293,2025-03-16,1
V-006239,E-DEMO-MI-0293,2025-04-22,1
V-006240,E-DEMO-MI-0293,2025-06-16,1
V-006241,E-DEMO-MI-0293,2025-07-28,1
V-006242,E-DEMO-MI-0293,2025-08-05,1
V-006243,E-DEMO-MI-0293,2025-09-11,1
V-006244,E-DEMO-MI-0293,2025-10-23,1
V-006245,E-DEMO-MI-0293,2025-11-07,1
V-006246,E-DEMO-MI-0294,2024-07-31,1
V-006247,E-DEMO-MI-0294,2024-09-30,1
V-006248,E-DEMO-MI-0294,2024-10-13,1
V-006249,E-DEMO-MI-0294,2024-11-15,1
V-006250,E-DEMO-MI-0294,2024-12-29,1
V-006251,E-DEMO-MI-0294,2025-01-15,1
V-006252,E-DEMO-MI-0295,2023-12-10,1
V-006253,E-DEMO-MI-0295,2024-01-09,1
V-006254,E-DEMO-MI-0295,2024-02-29,1
V-006255,E-DEMO-MI-0295,2024-04-03,1
V-006256,E-DEMO-MI-0295,2024-05-04,1
V-006257,E-DEMO-MI-0295,2024-06-08,1
V-006258,E-DEMO-MI-0295,2024-08-11,1
V-006259,E-DEMO-MI-0295,2024-09-21,1
V-006260,E-DEMO-MI-0295,2024-10-11,1
V-006261,E-DEMO-MI-0295,2024-11-20,1
V-006262,E-DEMO-MI-0295,2024-12-10,1
V-006263,E-DEMO-MI-0295,2025-01-17,1
V-006264,E-DEMO-MI-0295,2025-02-05,1
V-006265,E-DEMO-MI-0295,2025-04-29,1
V-006266,E-DEMO-MI-0296,2025-09-21,1
V-006267,E-DEMO-MI-0296,2025-10-18,1
V-006268,E-DEMO-MI-0296,2025-11-09,1
V-006269,E-DEMO-MI-0296,2025-12-06,1
V-006270,E-DEMO-MI-0297,2023-04-15,1
V-006271,E-DEMO-MI-0297,2023-05-03,1
V-006272,E-DEMO-MI-0297,2023-06-22,1
V-006273,E-DEMO-MI-0297,2023-07-21,1
V-006274,E-DEMO-MI-0297,2023-09-29,1
V-006275,E-DEMO-MI-0297,2023-10-05,1
V-006276,E-DEMO-MI-0298,2025-10-29,1
V-006277,E-DEMO-MI-0298,2025-11-03,1
V-006278,E-DEMO-MI-0299,2024-12-06,1
V-006279,E-DEMO-MI-0299,2025-01-29,1
V-006280,E-DEMO-MI-0299,2025-02-23,1
V-006281,E-DEMO-MI-0299,2025-04-21,1
V-006282,E-DEMO-MI-0299,2025-05-04,1
V-006283,E-DEMO-MI-0300,2024-04-18,1
V-006284,E-DEMO-MI-0300,2024-06-18,1
V-006285,E-DEMO-MI-0300,2024-09-19,1
V-006286,E-DEMO-MI-0300,2024-10-14,1
V-006287,E-DEMO-MI-0300,2024-12-18,1
V-006288,E-DEMO-MI-0300,2025-01-07,1
V-006289,E-DEMO-MI-0300,2025-02-16,1
V-006290,E-DEMO-MI-0300,2025-03-17,1
V-006291,E-DEMO-MI-0301,2025-04-24,1
V-006292,E-DEMO-MI-0301,2025-05-12,1
V-006293,E-DEMO-MI-0301,2025-06-07,1
V-006294,E-DEMO-MI-0301,2025-08-30,1
V-006295,E-DEMO-MI-0301,2025-09-28,1
V-006296,E-DEMO-MI-0301,2025-10-08,1
V-006297,E-DEMO-MI-0301,2025-11-14,1
V-006298,E-DEMO-MI-0301,2025-12-18,1
V-006299,E-DEMO-MI-0302,2024-04-21,1
V-006300,E-DEMO-MI-0302,2024-05-22,1
V-006301,E-DEMO-MI-0302,2024-06-01,1
V-006302,E-DEMO-MI-0302,2024-07-14,1
V-006303,E-DEMO-MI-0302,2024-08-18,1
V-006304,E-DEMO-MI-0302,2024-09-15,1
V-006305,E-DEMO-MI-0303,2025-07-19,1
V-006306,E-DEMO-MI-0303,2025-08-11,1
V-006307,E-DEMO-MI-0303,2025-09-11,1
V-006308,E-DEMO-MI-0303,2025-10-25,1
V-006309,E-DEMO-MI-0303,2025-11-27,1
V-006310,E-DEMO-MI-0303,2025-12-18,1
V-006311,E-DEMO-MI-0304,2025-03-13,1
V-006312,E-DEMO-MI-0304,2025-04-20,1
V-006313,E-DEMO-MI-0304,2025-05-05,1
V-006314,E-DEMO-MI-0304,2025-06-23,1
V-006315,E-DEMO-MI-0304,2025-07-11,1
V-006316,E-DEMO-MI-0304,2025-08-29,1
V-006317,E-DEMO-MI-0304,2025-09-26,1
V-006318,E-DEMO-MI-0304,2025-10-21,1
V-006319,E-DEMO-MI-0304,2025-11-27,1
V-006320,E-DEMO-MI-0305,2024-03-13,1
V-006321,E-DEMO-MI-0305,2024-04-11,1
V-006322,E-DEMO-MI-0305,2024-05-14,1
V-006323,E-DEMO-MI-0305,2024-06-23,1
V-006324,E-DEMO-MI-0305,2024-07-12,1
V-006325,E-DEMO-MI-0305,2024-08-14,1
V-006326,E-DEMO-MI-0305,2024-10-19,1
V-006327,E-DEMO-MI-0305,2024-11-11,1
V-006328,E-DEMO-MI-0305,2024-12-01,1
V-006329,E-DEMO-MI-0305,2025-01-24,1
V-006330,E-DEMO-MI-0305,2025-02-20,1
V-006331,E-DEMO-MI-0305,2025-03-10,1
V-006332,E-DEMO-MI-0305,2025-04-28,1
V-006333,E-DEMO-MI-0305,2025-05-02,1
V-006334,E-DEMO-MI-0305,2025-06-11,1
V-006335,E-DEMO-MI-0305,2025-07-23,1
V-006336,E-DEMO-MI-0305,2025-08-28,1
V-006337,E-DEMO-MI-0306,2023-03-29,1
V-006338,E-DEMO-MI-0306,2023-04-19,1
V-006339,E-DEMO-MI-0306,2023-05-26,1
V-006340,E-DEMO-MI-0306,2023-06-18,1
V-006341,E-DEMO-MI-0306,2023-07-18,1
V-006342,E-DEMO-MI-0306,2023-08-25,1
V-006343,E-DEMO-MI-0306,2023-09-18,1
V-006344,E-DEMO-MI-0306,2023-10-19,1
V-006345,E-DEMO-MI-0306,2023-11-29,1
V-006346,E-DEMO-MI-0306,2023-12-25,1
V-006347,E-DEMO-MI-0306,2024-01-27,1
V-006348,E-DEMO-MI-0306,2024-02-11,1
V-006349,E-DEMO-MI-0306,2024-03-27,1
V-006350,E-DEMO-MI-0306,2024-04-02,1
V-006351,E-DEMO-MI-0306,2024-06-04,1
V-006352,E-DEMO-MI-0306,2024-08-09,1
V-006353,E-DEMO-MI-0306,2024-09-11,1
V-006354,E-DEMO-MI-0306,2024-10-12,1
V-006355,E-DEMO-MI-0306,2024-11-08,1
V-006356,E-DEMO-MI-0306,2025-01-30,1
V-006357,E-DEMO-MI-0307,2023-09-15,1
V-006358,E-DEMO-MI-0307,2023-10-29,1
V-006359,E-DEMO-MI-0307,2024-01-30,1
V-006360,E-DEMO-MI-0307,2024-02-29,1
V-006361,E-DEMO-MI-0307,2024-03-29,1
V-006362,E-DEMO-MI-0307,2024-04-28,1
V-006363,E-DEMO-MI-0307,2024-05-17,1
V-006364,E-DEMO-MI-0307,2024-07-17,1
V-006365,E-DEMO-MI-0307,2024-08-01,1
V-006366,E-DEMO-MI-0307,2024-10-03,1
V-006367,E-DEMO-MI-0307,2024-11-12,1
V-006368,E-DEMO-MI-0307,2024-12-08,1
V-006369,E-DEMO-MI-0307,2025-01-04,1
V-006370,E-DEMO-MI-0307,2025-02-10,1
V-006371,E-DEMO-MI-0308,2024-05-02,1
V-006372,E-DEMO-MI-0308,2024-07-18,1
V-006373,E-DEMO-MI-0308,2024-09-10,1
V-006374,E-DEMO-MI-0308,2024-10-08,1
V-006375,E-DEMO-MI-0308,2024-11-30,1
V-006376,E-DEMO-MI-0308,2024-12-02,1
V-006377,E-DEMO-MI-0308,2025-02-14,1
V-006378,E-DEMO-MI-0308,2025-03-31,1
V-006379,E-DEMO-MI-0308,2025-04-23,1
V-006380,E-DEMO-MI-0308,2025-05-02,1
V-006381,E-DEMO-MI-0308,2025-06-01,1
V-006382,E-DEMO-MI-0308,2025-07-20,1
V-006383,E-DEMO-MI-0308,2025-08-05,1
V-006384,E-DEMO-MI-0309,2024-01-14,1
V-006385,E-DEMO-MI-0309,2024-02-15,1
V-006386,E-DEMO-MI-0309,2024-03-15,1
V-006387,E-DEMO-MI-0309,2024-05-19,1
V-006388,E-DEMO-MI-0309,2024-06-25,1
V-006389,E-DEMO-MI-0309,2024-07-25,1
V-006390,E-DEMO-MI-0309,2024-08-07,1
V-006391,E-DEMO-MI-0309,2024-09-24,1
V-006392,E-DEMO-MI-0309,2024-10-21,1
V-006393,E-DEMO-MI-0309,2024-11-08,1
V-006394,E-DEMO-MI-0309,2024-12-10,1
V-006395,E-DEMO-MI-0309,2025-01-24,1
V-006396,E-DEMO-MI-0309,2025-02-16,1
V-006397,E-DEMO-MI-0309,2025-03-17,1
V-006398,E-DEMO-MI-0309,2025-04-04,1
V-006399,E-DEMO-MI-0310,2024-07-21,1
V-006400,E-DEMO-MI-0310,2024-08-30,1
V-006401,E-DEMO-MI-0310,2024-09-13,1
V-006402,E-DEMO-MI-0310,2024-10-18,1
V-006403,E-DEMO-MI-0310,2024-12-12,1
V-006404,E-DEMO-MI-0310,2025-01-22,1
V-006405,E-DEMO-MI-0310,2025-02-10,1
V-006406,E-DEMO-MI-0310,2025-05-13,1
V-006407,E-DEMO-MI-0311,2025-07-07,1
V-006408,E-DEMO-MI-0311,2025-08-04,1
V-006409,E-DEMO-MI-0312,2025-07-20,1
V-006410,E-DEMO-MI-0312,2025-08-05,1
V-006411,E-DEMO-MI-0313,2023-10-12,1
V-006412,E-DEMO-MI-0313,2023-12-26,1
V-006413,E-DEMO-MI-0313,2024-01-13,1
V-006414,E-DEMO-MI-0313,2024-02-11,1
V-006415,E-DEMO-MI-0313,2024-03-20,1
V-006416,E-DEMO-MI-0313,2024-04-11,1
V-006417,E-DEMO-MI-0313,2024-05-08,1
V-006418,E-DEMO-MI-0314,2023-08-19,1
V-006419,E-DEMO-MI-0314,2023-11-17,1
V-006420,E-DEMO-MI-0314,2023-12-22,1
V-006421,E-DEMO-MI-0314,2024-01-20,1
V-006422,E-DEMO-MI-0314,2024-02-07,1
V-006423,E-DEMO-MI-0314,2024-03-10,1
V-006424,E-DEMO-MI-0314,2024-04-12,1
V-006425,E-DEMO-MI-0314,2024-07-04,1
V-006426,E-DEMO-MI-0315,2024-12-19,1
V-006427,E-DEMO-MI-0315,2025-01-05,1
V-006428,E-DEMO-MI-0315,2025-02-20,1
V-006429,E-DEMO-MI-0315,2025-03-28,1
V-006430,E-DEMO-MI-0315,2025-04-04,1
V-006431,E-DEMO-MI-0315,2025-05-07,1
V-006432,E-DEMO-MI-0315,2025-06-29,1
V-006433,E-DEMO-MI-0315,2025-07-02,1
V-006434,E-DEMO-MI-0315,2025-08-12,1
V-006435,E-DEMO-MI-0315,2025-10-27,1
V-006436,E-DEMO-MI-0315,2025-11-14,1
V-006437,E-DEMO-MI-0315,2025-12-04,1
V-006438,E-DEMO-MI-0316,2023-12-29,1
V-006439,E-DEMO-MI-0316,2024-03-28,1
V-006440,E-DEMO-MI-0316,2024-05-06,1
V-006441,E-DEMO-MI-0316,2024-06-08,1
V-006442,E-DEMO-MI-0316,2024-07-16,1
V-006443,E-DEMO-MI-0316,2024-08-19,1
V-006444,E-DEMO-MI-0316,2024-09-26,1
V-006445,E-DEMO-MI-0316,2024-10-27,1
V-006446,E-DEMO-MI-0316,2024-11-11,1
V-006447,E-DEMO-MI-0316,2024-12-28,1
V-006448,E-DEMO-MI-0317,2025-06-26,1
V-006449,E-DEMO-MI-0317,2025-07-26,1
V-006450,E-DEMO-MI-0317,2025-08-30,1
V-006451,E-DEMO-MI-0317,2025-09-25,1
V-006452,E-DEMO-MI-0317,2025-10-19,1
V-006453,E-DEMO-MI-0317,2025-11-22,1
V-006454,E-DEMO-MI-0317,2025-12-17,1
V-006455,E-DEMO-MI-0318,2023-02-07,1
V-006456,E-DEMO-MI-0318,2023-04-23,1
V-006457,E-DEMO-MI-0318,2023-05-31,1
V-006458,E-DEMO-MI-0318,2023-06-12,1
V-006459,E-DEMO-MI-0318,2023-07-14,1
V-006460,E-DEMO-MI-0318,2023-08-10,1
V-006461,E-DEMO-MI-0319,2025-04-21,1
V-006462,E-DEMO-MI-0319,2025-06-14,1
V-006463,E-DEMO-MI-0319,2025-07-22,1
V-006464,E-DEMO-MI-0320,2024-10-30,1
V-006465,E-DEMO-MI-0320,2024-11-06,1
V-006466,E-DEMO-MI-0320,2024-12-21,1
V-006467,E-DEMO-MI-0320,2025-01-25,1
V-006468,E-DEMO-MI-0320,2025-02-02,1
V-006469,E-DEMO-MI-0320,2025-03-11,1
V-006470,E-DEMO-MI-0320,2025-04-11,1
V-006471,E-DEMO-MI-0320,2025-05-27,1
V-006472,E-DEMO-MI-0321,2025-10-20,1
V-006473,E-DEMO-MI-0321,2025-11-25,1
V-006474,E-DEMO-MI-0321,2025-12-15,1
V-006475,E-DEMO-MI-0322,2023-07-21,1
V-006476,E-DEMO-MI-0322,2023-08-22,1
V-006477,E-DEMO-MI-0322,2023-09-08,1
V-006478,E-DEMO-MI-0322,2023-10-19,1
V-006479,E-DEMO-MI-0322,2023-12-06,1
V-006480,E-DEMO-MI-0322,2024-01-21,1
V-006481,E-DEMO-MI-0322,2024-03-14,1
V-006482,E-DEMO-MI-0322,2024-04-02,1
V-006483,E-DEMO-MI-0322,2024-05-12,1
V-006484,E-DEMO-MI-0322,2024-06-14,1
V-006485,E-DEMO-MI-0322,2024-07-02,1
V-006486,E-DEMO-MI-0322,2024-08-05,1
V-006487,E-DEMO-MI-0322,2024-09-18,1
V-006488,E-DEMO-MI-0323,2023-09-22,1
V-006489,E-DEMO-MI-0323,2023-10-11,1
V-006490,E-DEMO-MI-0323,2023-11-24,1
V-006491,E-DEMO-MI-0324,2023-03-06,1
V-006492,E-DEMO-MI-0324,2023-04-29,1
V-006493,E-DEMO-MI-0324,2023-06-09,1
V-006494,E-DEMO-MI-0324,2023-07-01,1
V-006495,E-DEMO-MI-0325,2024-02-23,1
V-006496,E-DEMO-MI-0325,2024-03-10,1
V-006497,E-DEMO-MI-0325,2024-04-25,1
V-006498,E-DEMO-MI-0325,2024-05-15,1
V-006499,E-DEMO-MI-0325,2024-06-14,1
V-006500,E-DEMO-MI-0325,2024-07-09,1
V-006501,E-DEMO-MI-0325,2024-08-20,1
V-006502,E-DEMO-MI-0325,2024-10-19,1
V-006503,E-DEMO-MI-0325,2024-11-21,1
V-006504,E-DEMO-MI-0325,2024-12-10,1
V-006505,E-DEMO-MI-0325,2025-01-25,1
V-006506,E-DEMO-MI-0325,2025-03-22,1
V-006507,E-DEMO-MI-0325,2025-04-27,1
V-006508,E-DEMO-MI-0325,2025-05-23,1
V-006509,E-DEMO-MI-0325,2025-07-27,1
V-006510,E-DEMO-MI-0325,2025-08-10,1
V-006511,E-DEMO-MI-0325,2025-09-12,1
V-006512,E-DEMO-MI-0325,2025-10-05,1
V-006513,E-DEMO-MI-0325,2025-11-01,1
V-006514,E-DEMO-MI-0326,2023-08-23,1
V-006515,E-DEMO-MI-0326,2023-09-27,1
V-006516,E-DEMO-MI-0326,2023-10-12,1
V-006517,E-DEMO-MI-0326,2023-11-11,1
V-006518,E-DEMO-MI-0326,2023-12-21,1
V-006519,E-DEMO-MI-0326,2024-01-06,1
V-006520,E-DEMO-MI-0326,2024-02-04,1
V-006521,E-DEMO-MI-0326,2024-03-24,1
V-006522,E-DEMO-MI-0326,2024-05-04,1
V-006523,E-DEMO-MI-0326,2024-07-28,1
V-006524,E-DEMO-MI-0326,2024-08-17,1
V-006525,E-DEMO-MI-0327,2023-12-14,1
V-006526,E-DEMO-MI-0327,2024-01-02,1
V-006527,E-DEMO-MI-0327,2024-02-03,1
V-006528,E-DEMO-MI-0327,2024-03-13,1
V-006529,E-DEMO-MI-0327,2024-04-21,1
V-006530,E-DEMO-MI-0327,2024-05-04,1
V-006531,E-DEMO-MI-0327,2024-06-26,1
V-006532,E-DEMO-MI-0327,2024-07-29,1
V-006533,E-DEMO-MI-0327,2024-09-22,1
V-006534,E-DEMO-MI-0327,2024-10-03,1
V-006535,E-DEMO-MI-0327,2024-11-23,1
V-006536,E-DEMO-MI-0327,2024-12-14,1
V-006537,E-DEMO-MI-0328,2025-03-12,1
V-006538,E-DEMO-MI-0328,2025-04-12,1
V-006539,E-DEMO-MI-0328,2025-05-01,1
V-006540,E-DEMO-MI-0328,2025-06-08,1
V-006541,E-DEMO-MI-0328,2025-07-20,1
V-006542,E-DEMO-MI-0328,2025-09-05,1
V-006543,E-DEMO-MI-0328,2025-10-28,1
V-006544,E-DEMO-MI-0328,2025-11-02,1
V-006545,E-DEMO-MI-0329,2023-09-03,1
V-006546,E-DEMO-MI-0329,2023-11-02,1
V-006547,E-DEMO-MI-0329,2023-12-17,1
V-006548,E-DEMO-MI-0329,2024-01-04,1
V-006549,E-DEMO-MI-0329,2024-02-13,1
V-006550,E-DEMO-MI-0329,2024-03-12,1
V-006551,E-DEMO-MI-0329,2024-05-30,1
V-006552,E-DEMO-MI-0329,2024-06-17,1
V-006553,E-DEMO-MI-0329,2024-07-04,1
V-006554,E-DEMO-MI-0329,2024-08-29,1
V-006555,E-DEMO-MI-0329,2024-11-16,1
V-006556,E-DEMO-MI-0329,2024-12-12,1
V-006557,E-DEMO-MI-0329,2025-01-09,1
V-006558,E-DEMO-MI-0329,2025-02-05,1
V-006559,E-DEMO-MI-0330,2025-03-02,1
V-006560,E-DEMO-MI-0330,2025-04-10,1
V-006561,E-DEMO-MI-0330,2025-06-08,1
V-006562,E-DEMO-MI-0330,2025-07-10,1
V-006563,E-DEMO-MI-0331,2024-01-19,1
V-006564,E-DEMO-MI-0331,2024-02-23,1
V-006565,E-DEMO-MI-0331,2024-03-07,1
V-006566,E-DEMO-MI-0332,2023-12-23,1
V-006567,E-DEMO-MI-0332,2024-01-17,1
V-006568,E-DEMO-MI-0333,2023-11-10,1
V-006569,E-DEMO-MI-0333,2023-12-22,1
V-006570,E-DEMO-MI-0333,2024-01-13,1
V-006571,E-DEMO-MI-0333,2024-03-07,1
V-006572,E-DEMO-MI-0333,2025-02-13,1
V-006573,E-DEMO-MI-0333,2025-03-17,1
V-006574,E-DEMO-MI-0333,2025-04-05,1
V-006575,E-DEMO-MI-0333,2025-05-25,1
V-006576,E-DEMO-MI-0333,2025-07-13,1
V-006577,E-DEMO-MI-0333,2025-08-14,1
V-006578,E-DEMO-MI-0333,2025-09-16,1
V-006579,E-DEMO-MI-0334,2024-09-10,1
V-006580,E-DEMO-MI-0334,2024-11-28,1
V-006581,E-DEMO-MI-0334,2024-12-19,1
V-006582,E-DEMO-MI-0334,2025-02-16,1
V-006583,E-DEMO-MI-0334,2025-03-18,1
V-006584,E-DEMO-MI-0334,2025-04-14,1
V-006585,E-DEMO-MI-0334,2025-05-24,1
V-006586,E-DEMO-MI-0335,2023-05-01,1
V-006587,E-DEMO-MI-0335,2023-06-14,1
V-006588,E-DEMO-MI-0335,2023-08-07,1
V-006589,E-DEMO-MI-0335,2023-09-15,1
V-006590,E-DEMO-MI-0335,2023-10-23,1
V-006591,E-DEMO-MI-0335,2023-11-24,1
V-006592,E-DEMO-MI-0335,2023-12-17,1
V-006593,E-DEMO-MI-0335,2024-02-11,1
V-006594,E-DEMO-MI-0335,2024-03-31,1
V-006595,E-DEMO-MI-0335,2024-04-23,1
V-006596,E-DEMO-MI-0335,2024-05-02,1
V-006597,E-DEMO-MI-0335,2024-06-14,1
V-006598,E-DEMO-MI-0335,2024-07-26,1
V-006599,E-DEMO-MI-0335,2024-08-14,1
V-006600,E-DEMO-MI-0335,2024-09-21,1
V-006601,E-DEMO-MI-0335,2024-10-24,1
V-006602,E-DEMO-MI-0335,2024-11-28,1
V-006603,E-DEMO-MI-0335,2025-01-15,1
V-006604,E-DEMO-MI-0335,2025-02-10,1
V-006605,E-DEMO-MI-0335,2025-04-09,1
V-006606,E-DEMO-MI-0335,2025-05-07,1
V-006607,E-DEMO-MI-0335,2025-06-13,1
V-006608,E-DEMO-MI-0336,2025-08-26,1
V-006609,E-DEMO-MI-0336,2025-09-18,1
V-006610,E-DEMO-MI-0336,2025-11-14,1
V-006611,E-DEMO-MI-0336,2025-12-23,1
V-006612,E-DEMO-MI-0337,2023-09-28,1
V-006613,E-DEMO-MI-0337,2023-10-16,1
V-006614,E-DEMO-MI-0337,2023-11-01,1
V-006615,E-DEMO-MI-0337,2023-12-25,1
V-006616,E-DEMO-MI-0337,2024-01-04,1
V-006617,E-DEMO-MI-0337,2024-02-21,1
V-006618,E-DEMO-MI-0337,2024-03-06,1
V-006619,E-DEMO-MI-0337,2024-04-12,1
V-006620,E-DEMO-MI-0337,2024-05-04,1
V-006621,E-DEMO-MI-0337,2024-06-03,1
V-006622,E-DEMO-MI-0337,2024-07-03,1
V-006623,E-DEMO-MI-0337,2024-08-10,1
V-006624,E-DEMO-MI-0337,2024-09-19,1
V-006625,E-DEMO-MI-0337,2024-11-26,1
V-006626,E-DEMO-MI-0337,2025-01-18,1
V-006627,E-DEMO-MI-0337,2025-04-06,1
V-006628,E-DEMO-MI-0337,2025-05-03,1
V-006629,E-DEMO-MI-0337,2025-06-20,1
V-006630,E-DEMO-MI-0337,2025-07-23,1
V-006631,E-DEMO-MI-0338,2023-10-28,1
V-006632,E-DEMO-MI-0338,2023-11-28,1
V-006633,E-DEMO-MI-0338,2023-12-08,1
V-006634,E-DEMO-MI-0338,2024-01-17,1
V-006635,E-DEMO-MI-0338,2024-03-14,1
V-006636,E-DEMO-MI-0338,2024-04-07,1
V-006637,E-DEMO-MI-0338,2024-05-19,1
V-006638,E-DEMO-MI-0338,2024-06-18,1
V-006639,E-DEMO-MI-0338,2024-08-09,1
V-006640,E-DEMO-MI-0338,2024-10-27,1
V-006641,E-DEMO-MI-0338,2024-11-07,1
V-006642,E-DEMO-MI-0338,2024-12-01,1
V-006643,E-DEMO-MI-0338,2025-01-08,1
V-006644,E-DEMO-MI-0339,2023-02-21,1
V-006645,E-DEMO-MI-0339,2023-03-25,1
V-006646,E-DEMO-MI-0339,2023-04-21,1
V-006647,E-DEMO-MI-0339,2023-06-02,1
V-006648,E-DEMO-MI-0339,2023-07-04,1
V-006649,E-DEMO-MI-0339,2023-08-17,1
V-006650,E-DEMO-MI-0339,2023-09-04,1
V-006651,E-DEMO-MI-0339,2023-10-02,1
V-006652,E-DEMO-MI-0340,2025-04-27,1
V-006653,E-DEMO-MI-0340,2025-05-10,1
V-006654,E-DEMO-MI-0340,2025-06-29,1
V-006655,E-DEMO-MI-0340,2025-07-25,1
V-006656,E-DEMO-MI-0340,2025-08-13,1
V-006657,E-DEMO-MI-0340,2025-09-30,1
V-006658,E-DEMO-MI-0340,2025-10-06,1
V-006659,E-DEMO-MI-0340,2025-11-23,1
V-006660,E-DEMO-MI-0341,2024-04-24,1
V-006661,E-DEMO-MI-0341,2024-05-10,1
V-006662,E-DEMO-MI-0341,2024-06-24,1
V-006663,E-DEMO-MI-0341,2024-07-03,1
V-006664,E-DEMO-MI-0341,2024-08-20,1
V-006665,E-DEMO-MI-0341,2024-09-09,1
V-006666,E-DEMO-MI-0341,2024-11-21,1
V-006667,E-DEMO-MI-0341,2024-12-16,1
V-006668,E-DEMO-MI-0341,2025-01-08,1
V-006669,E-DEMO-MI-0341,2025-03-15,1
V-006670,E-DEMO-MI-0341,2025-04-12,1
V-006671,E-DEMO-MI-0342,2023-08-02,1
V-006672,E-DEMO-MI-0342,2023-09-08,1
V-006673,E-DEMO-MI-0342,2023-10-16,1
V-006674,E-DEMO-MI-0342,2023-12-22,1
V-006675,E-DEMO-MI-0342,2024-01-05,1
V-006676,E-DEMO-MI-0342,2024-02-06,1
V-006677,E-DEMO-MI-0342,2024-03-21,1
V-006678,E-DEMO-MI-0342,2024-04-11,1
V-006679,E-DEMO-MI-0342,2024-05-17,1
V-006680,E-DEMO-MI-0342,2024-06-13,1
V-006681,E-DEMO-MI-0342,2024-07-05,1
V-006682,E-DEMO-MI-0342,2024-08-11,1
V-006683,E-DEMO-MI-0342,2024-09-29,1
V-006684,E-DEMO-MI-0342,2024-11-19,1
V-006685,E-DEMO-MI-0342,2025-01-01,1
V-006686,E-DEMO-MI-0342,2025-02-17,1
V-006687,E-DEMO-MI-0342,2025-03-10,1
V-006688,E-DEMO-MI-0342,2025-05-26,1
V-006689,E-DEMO-MI-0342,2025-06-10,1
V-006690,E-DEMO-MI-0343,2023-03-10,1
V-006691,E-DEMO-MI-0343,2023-04-06,1
V-006692,E-DEMO-MI-0343,2023-05-19,1
V-006693,E-DEMO-MI-0343,2023-06-07,1
V-006694,E-DEMO-MI-0343,2023-08-30,1
V-006695,E-DEMO-MI-0343,2023-10-13,1
V-006696,E-DEMO-MI-0343,2023-12-07,1
V-006697,E-DEMO-MI-0343,2024-01-03,1
V-006698,E-DEMO-MI-0343,2024-03-04,1
V-006699,E-DEMO-MI-0343,2024-04-30,1
V-006700,E-DEMO-MI-0343,2024-06-01,1
V-006701,E-DEMO-MI-0343,2024-07-20,1
V-006702,E-DEMO-MI-0343,2024-08-18,1
V-006703,E-DEMO-MI-0343,2024-09-30,1
V-006704,E-DEMO-MI-0344,2024-06-23,1
V-006705,E-DEMO-MI-0344,2024-08-13,1
V-006706,E-DEMO-MI-0344,2024-10-15,1
V-006707,E-DEMO-MI-0344,2024-11-20,1
V-006708,E-DEMO-MI-0344,2024-12-20,1
V-006709,E-DEMO-MI-0344,2025-01-12,1
V-006710,E-DEMO-MI-0344,2025-02-23,1
V-006711,E-DEMO-MI-0344,2025-03-09,1
V-006712,E-DEMO-MI-0345,2025-02-18,1
V-006713,E-DEMO-MI-0345,2025-03-28,1
V-006714,E-DEMO-MI-0345,2025-04-17,1
V-006715,E-DEMO-MI-0345,2025-05-16,1
V-006716,E-DEMO-MI-0345,2025-07-28,1
V-006717,E-DEMO-MI-0345,2025-09-09,1
V-006718,E-DEMO-MI-0345,2025-10-18,1
V-006719,E-DEMO-MI-0345,2025-11-17,1
V-006720,E-DEMO-MI-0345,2025-12-31,1
V-006721,E-DEMO-MI-0346,2023-07-30,1
V-006722,E-DEMO-MI-0346,2023-08-07,1
V-006723,E-DEMO-MI-0346,2023-09-16,1
V-006724,E-DEMO-MI-0346,2023-10-16,1
V-006725,E-DEMO-MI-0346,2023-12-24,1
V-006726,E-DEMO-MI-0346,2024-01-13,1
V-006727,E-DEMO-MI-0346,2024-03-28,1
V-006728,E-DEMO-MI-0346,2024-04-26,1
V-006729,E-DEMO-MI-0346,2024-06-22,1
V-006730,E-DEMO-MI-0347,2024-08-16,1
V-006731,E-DEMO-MI-0347,2024-09-03,1
V-006732,E-DEMO-MI-0347,2024-10-25,1
V-006733,E-DEMO-MI-0347,2024-11-26,1
V-006734,E-DEMO-MI-0347,2024-12-22,1
V-006735,E-DEMO-MI-0347,2025-01-15,1
V-006736,E-DEMO-MI-0347,2025-02-14,1
V-006737,E-DEMO-MI-0347,2025-04-29,1
V-006738,E-DEMO-MI-0347,2025-05-11,1
V-006739,E-DEMO-MI-0347,2025-06-12,1
V-006740,E-DEMO-MI-0347,2025-08-28,1
V-006741,E-DEMO-MI-0347,2025-09-28,1
V-006742,E-DEMO-MI-0347,2025-10-26,1
V-006743,E-DEMO-MI-0347,2025-11-26,1
V-006744,E-DEMO-MI-0347,2025-12-10,1
V-006745,E-DEMO-MI-0348,2024-12-26,1
V-006746,E-DEMO-MI-0348,2025-01-13,1
V-006747,E-DEMO-MI-0348,2025-02-21,1
V-006748,E-DEMO-MI-0348,2025-03-07,1
V-006749,E-DEMO-MI-0348,2025-04-03,1
V-006750,E-DEMO-MI-0348,2025-05-23,1
V-006751,E-DEMO-MI-0348,2025-06-21,1
V-006752,E-DEMO-MI-0348,2025-07-07,1
V-006753,E-DEMO-MI-0348,2025-08-02,1
V-006754,E-DEMO-MI-0348,2025-09-06,1
V-006755,E-DEMO-MI-0349,2025-01-10,1
V-006756,E-DEMO-MI-0349,2025-02-01,1
V-006757,E-DEMO-MI-0349,2025-03-02,1
V-006758,E-DEMO-MI-0349,2025-04-23,1
V-006759,E-DEMO-MI-0349,2025-05-12,1
V-006760,E-DEMO-MI-0349,2025-06-14,1
V-006761,E-DEMO-MI-0349,2025-08-28,1
V-006762,E-DEMO-MI-0349,2025-09-02,1
V-006763,E-DEMO-MI-0349,2025-10-04,1
V-006764,E-DEMO-MI-0349,2025-11-01,1
V-006765,E-DEMO-MI-0349,2025-12-07,1
V-006766,E-DEMO-MI-0350,2025-09-23,1
V-006767,E-DEMO-MI-0350,2025-11-12,1
V-006768,E-DEMO-MI-0350,2025-12-20,1
V-006769,E-DEMO-MI-0351,2024-09-29,1
V-006770,E-DEMO-MI-0351,2024-10-12,1
V-006771,E-DEMO-MI-0351,2024-11-07,1
V-006772,E-DEMO-MI-0352,2024-01-06,1
V-006773,E-DEMO-MI-0352,2024-02-13,1
V-006774,E-DEMO-MI-0352,2024-03-13,1
V-006775,E-DEMO-MI-0352,2024-04-11,1
V-006776,E-DEMO-MI-0352,2024-05-08,1
V-006777,E-DEMO-MI-0352,2024-07-09,1
V-006778,E-DEMO-MI-0353,2024-02-16,1
V-006779,E-DEMO-MI-0353,2024-05-05,1
V-006780,E-DEMO-MI-0353,2024-06-09,1
V-006781,E-DEMO-MI-0353,2024-07-07,1
V-006782,E-DEMO-MI-0353,2024-08-30,1
V-006783,E-DEMO-MI-0353,2024-09-10,1
V-006784,E-DEMO-MI-0353,2024-10-01,1
V-006785,E-DEMO-MI-0353,2025-02-16,1
V-006786,E-DEMO-MI-0353,2025-03-23,1
V-006787,E-DEMO-MI-0353,2025-04-06,1
V-006788,E-DEMO-MI-0353,2025-06-28,1
V-006789,E-DEMO-MI-0353,2025-07-12,1
V-006790,E-DEMO-MI-0353,2025-08-01,1
V-006791,E-DEMO-MI-0353,2025-09-10,1
V-006792,E-DEMO-MI-0353,2025-10-09,1
V-006793,E-DEMO-MI-0353,2025-11-08,1
V-006794,E-DEMO-MI-0353,2025-12-21,1
V-006795,E-DEMO-MI-0354,2024-06-04,1
V-006796,E-DEMO-MI-0354,2024-07-09,1
V-006797,E-DEMO-MI-0354,2024-08-08,1
V-006798,E-DEMO-MI-0354,2024-09-12,1
V-006799,E-DEMO-MI-0354,2024-10-27,1
V-006800,E-DEMO-MI-0354,2024-11-14,1
V-006801,E-DEMO-MI-0354,2025-01-28,1
V-006802,E-DEMO-MI-0354,2025-02-18,1
V-006803,E-DEMO-MI-0354,2025-03-10,1
V-006804,E-DEMO-MI-0355,2025-01-31,1
V-006805,E-DEMO-MI-0355,2025-02-05,1
V-006806,E-DEMO-MI-0355,2025-03-03,1
V-006807,E-DEMO-MI-0355,2025-04-09,1
V-006808,E-DEMO-MI-0355,2025-06-10,1
V-006809,E-DEMO-MI-0355,2025-07-17,1
V-006810,E-DEMO-MI-0355,2025-08-22,1
V-006811,E-DEMO-MI-0355,2025-09-18,1
V-006812,E-DEMO-MI-0355,2025-10-27,1
V-006813,E-DEMO-MI-0355,2025-11-07,1
V-006814,E-DEMO-MI-0356,2024-02-10,1
V-006815,E-DEMO-MI-0356,2024-03-07,1
V-006816,E-DEMO-MI-0356,2024-04-02,1
V-006817,E-DEMO-MI-0356,2024-05-09,1
V-006818,E-DEMO-MI-0356,2024-06-28,1
V-006819,E-DEMO-MI-0356,2024-07-27,1
V-006820,E-DEMO-MI-0356,2024-08-29,1
V-006821,E-DEMO-MI-0356,2024-09-27,1
V-006822,E-DEMO-MI-0356,2024-11-30,1
V-006823,E-DEMO-MI-0357,2024-05-15,1
V-006824,E-DEMO-MI-0357,2024-06-22,1
V-006825,E-DEMO-MI-0357,2024-07-21,1
V-006826,E-DEMO-MI-0357,2024-08-26,1
V-006827,E-DEMO-MI-0357,2024-09-17,1
V-006828,E-DEMO-MI-0357,2024-10-10,1
V-006829,E-DEMO-MI-0357,2024-12-12,1
V-006830,E-DEMO-MI-0357,2025-02-17,1
V-006831,E-DEMO-MI-0357,2025-05-26,1
V-006832,E-DEMO-MI-0358,2024-04-28,1
V-006833,E-DEMO-MI-0358,2024-05-19,1
V-006834,E-DEMO-MI-0358,2024-07-27,1
V-006835,E-DEMO-MI-0358,2024-08-25,1
V-006836,E-DEMO-MI-0358,2024-09-12,1
V-006837,E-DEMO-MI-0358,2024-11-18,1
V-006838,E-DEMO-MI-0358,2024-12-20,1
V-006839,E-DEMO-MI-0358,2025-02-10,1
V-006840,E-DEMO-MI-0358,2025-03-21,1
V-006841,E-DEMO-MI-0358,2025-04-29,1
V-006842,E-DEMO-MI-0358,2025-05-11,1
V-006843,E-DEMO-MI-0358,2025-06-08,1
V-006844,E-DEMO-MI-0359,2023-02-23,1
V-006845,E-DEMO-MI-0359,2023-03-11,1
V-006846,E-DEMO-MI-0359,2023-05-30,1
V-006847,E-DEMO-MI-0359,2023-06-13,1
V-006848,E-DEMO-MI-0359,2023-07-27,1
V-006849,E-DEMO-MI-0359,2023-08-13,1
V-006850,E-DEMO-MI-0359,2023-09-08,1
V-006851,E-DEMO-MI-0360,2025-09-10,1
V-006852,E-DEMO-MI-0360,2025-10-10,1
V-006853,E-DEMO-MI-0360,2025-11-04,1
V-006854,E-DEMO-MI-0360,2025-12-14,1
V-006855,E-DEMO-MI-0361,2024-12-28,1
V-006856,E-DEMO-MI-0361,2025-01-01,1
V-006857,E-DEMO-MI-0361,2025-02-17,1
V-006858,E-DEMO-MI-0361,2025-03-26,1
V-006859,E-DEMO-MI-0361,2025-04-26,1
V-006860,E-DEMO-MI-0361,2025-06-05,1
V-006861,E-DEMO-MI-0361,2025-07-10,1
V-006862,E-DEMO-MI-0361,2025-08-28,1
V-006863,E-DEMO-MI-0361,2025-09-05,1
V-006864,E-DEMO-MI-0361,2025-10-01,1
V-006865,E-DEMO-MI-0361,2025-11-18,1
V-006866,E-DEMO-MI-0361,2025-12-20,1
V-006867,E-DEMO-MI-0362,2023-08-22,1
V-006868,E-DEMO-MI-0362,2023-09-08,1
V-006869,E-DEMO-MI-0362,2023-12-07,1
V-006870,E-DEMO-MI-0362,2024-01-09,1
V-006871,E-DEMO-MI-0362,2024-03-26,1
V-006872,E-DEMO-MI-0362,2024-04-22,1
V-006873,E-DEMO-MI-0362,2024-05-09,1
V-006874,E-DEMO-MI-0362,2024-06-26,1
V-006875,E-DEMO-MI-0363,2024-11-30,1
V-006876,E-DEMO-MI-0363,2024-12-20,1
V-006877,E-DEMO-MI-0363,2025-01-14,1
V-006878,E-DEMO-MI-0363,2025-02-15,1
V-006879,E-DEMO-MI-0363,2025-03-04,1
V-006880,E-DEMO-MI-0363,2025-05-04,1
V-006881,E-DEMO-MI-0363,2025-07-14,1
V-006882,E-DEMO-MI-0363,2025-08-02,1
V-006883,E-DEMO-MI-0363,2025-09-28,1
V-006884,E-DEMO-MI-0363,2025-11-20,1
V-006885,E-DEMO-MI-0364,2024-07-26,1
V-006886,E-DEMO-MI-0364,2024-08-20,1
V-006887,E-DEMO-MI-0364,2024-09-25,1
V-006888,E-DEMO-MI-0365,2023-05-24,1
V-006889,E-DEMO-MI-0365,2023-07-01,1
V-006890,E-DEMO-MI-0365,2023-09-19,1
V-006891,E-DEMO-MI-0365,2023-10-08,1
V-006892,E-DEMO-MI-0365,2023-11-26,1
V-006893,E-DEMO-MI-0365,2024-01-04,1
V-006894,E-DEMO-MI-0365,2024-02-16,1
V-006895,E-DEMO-MI-0365,2024-03-09,1
V-006896,E-DEMO-MI-0365,2024-04-10,1
V-006897,E-DEMO-MI-0365,2024-06-11,1
V-006898,E-DEMO-MI-0366,2025-02-03,1
V-006899,E-DEMO-MI-0366,2025-03-01,1
V-006900,E-DEMO-MI-0366,2025-04-13,1
V-006901,E-DEMO-MI-0366,2025-05-08,1
V-006902,E-DEMO-MI-0366,2025-06-05,1
V-006903,E-DEMO-MI-0366,2025-07-09,1
V-006904,E-DEMO-MI-0366,2025-08-01,1
V-006905,E-DEMO-MI-0366,2025-09-20,1
V-006906,E-DEMO-MI-0367,2023-03-06,1
V-006907,E-DEMO-MI-0367,2023-04-12,1
V-006908,E-DEMO-MI-0367,2023-05-18,1
V-006909,E-DEMO-MI-0367,2023-06-29,1
V-006910,E-DEMO-MI-0367,2023-07-14,1
V-006911,E-DEMO-MI-0367,2023-09-15,1
V-006912,E-DEMO-MI-0367,2023-10-13,1
V-006913,E-DEMO-MI-0367,2023-11-28,1
V-006914,E-DEMO-MI-0367,2023-12-22,1
V-006915,E-DEMO-MI-0367,2024-02-11,1
V-006916,E-DEMO-MI-0369,2025-10-06,1
V-006917,E-DEMO-MI-0369,2025-11-26,1
V-006918,E-DEMO-MI-0369,2025-12-01,1
V-006919,E-DEMO-MI-0370,2023-09-17,1
V-006920,E-DEMO-MI-0370,2023-10-13,1
V-006921,E-DEMO-MI-0370,2023-11-02,1
V-006922,E-DEMO-MI-0370,2023-12-01,1
V-006923,E-DEMO-MI-0370,2024-01-07,1
V-006924,E-DEMO-MI-0370,2024-02-17,1
V-006925,E-DEMO-MI-0370,2024-03-15,1
V-006926,E-DEMO-MI-0370,2024-04-05,1
V-006927,E-DEMO-MI-0370,2024-06-08,1
V-006928,E-DEMO-MI-0370,2024-07-11,1
V-006929,E-DEMO-MI-0371,2023-05-27,1
V-006930,E-DEMO-MI-0371,2023-06-27,1
V-006931,E-DEMO-MI-0371,2023-07-08,1
V-006932,E-DEMO-MI-0371,2023-10-06,1
V-006933,E-DEMO-MI-0371,2023-11-29,1
V-006934,E-DEMO-MI-0371,2023-12-04,1
V-006935,E-DEMO-MI-0371,2024-02-01,1
V-006936,E-DEMO-MI-0371,2024-04-23,1
V-006937,E-DEMO-MI-0372,2023-04-22,1
V-006938,E-DEMO-MI-0372,2023-06-25,1
V-006939,E-DEMO-MI-0372,2023-07-29,1
V-006940,E-DEMO-MI-0372,2023-08-26,1
V-006941,E-DEMO-MI-0372,2023-09-27,1
V-006942,E-DEMO-MI-0372,2023-10-17,1
V-006943,E-DEMO-MI-0372,2023-11-17,1
V-006944,E-DEMO-MI-0372,2023-12-05,1
V-006945,E-DEMO-MI-0372,2024-01-10,1
V-006946,E-DEMO-MI-0372,2024-02-21,1
V-006947,E-DEMO-MI-0372,2024-03-06,1
V-006948,E-DEMO-MI-0372,2024-04-06,1
V-006949,E-DEMO-MI-0372,2024-05-17,1
V-006950,E-DEMO-MI-0373,2023-05-05,1
V-006951,E-DEMO-MI-0373,2023-06-30,1
V-006952,E-DEMO-MI-0373,2023-07-23,1
V-006953,E-DEMO-MI-0373,2023-08-15,1
V-006954,E-DEMO-MI-0373,2023-10-05,1
V-006955,E-DEMO-MI-0373,2023-12-14,1
V-006956,E-DEMO-MI-0373,2024-01-03,1
V-006957,E-DEMO-MI-0374,2025-05-06,1
V-006958,E-DEMO-MI-0374,2025-06-11,1
V-006959,E-DEMO-MI-0374,2025-07-10,1
V-006960,E-DEMO-MI-0375,2023-08-25,1
V-006961,E-DEMO-MI-0375,2023-09-03,1
V-006962,E-DEMO-MI-0375,2023-10-26,1
V-006963,E-DEMO-MI-0375,2023-12-08,1
V-006964,E-DEMO-MI-0375,2024-02-26,1
V-006965,E-DEMO-MI-0375,2024-04-23,1
V-006966,E-DEMO-MI-0375,2024-05-21,1
V-006967,E-DEMO-MI-0375,2024-06-28,1
V-006968,E-DEMO-MI-0375,2024-07-18,1
V-006969,E-DEMO-MI-0375,2024-08-23,1
V-006970,E-DEMO-MI-0375,2024-10-23,1
V-006971,E-DEMO-MI-0375,2025-01-18,1
V-006972,E-DEMO-MI-0375,2025-03-14,1
V-006973,E-DEMO-MI-0375,2025-04-25,1
V-006974,E-DEMO-MI-0375,2025-05-06,1
V-006975,E-DEMO-MI-0375,2025-06-02,1
V-006976,E-DEMO-MI-0376,2025-06-27,1
V-006977,E-DEMO-MI-0376,2025-07-15,1
V-006978,E-DEMO-MI-0376,2025-08-25,1
V-006979,E-DEMO-MI-0376,2025-09-07,1
V-006980,E-DEMO-MI-0376,2025-10-10,1
V-006981,E-DEMO-MI-0376,2025-11-20,1
V-006982,E-DEMO-MI-0376,2025-12-08,1
V-006983,E-DEMO-MI-0377,2024-08-15,1
V-006984,E-DEMO-MI-0377,2024-09-06,1
V-006985,E-DEMO-MI-0377,2024-10-12,1
V-006986,E-DEMO-MI-0377,2024-12-01,1
V-006987,E-DEMO-MI-0377,2025-01-02,1
V-006988,E-DEMO-MI-0377,2025-02-21,1
V-006989,E-DEMO-MI-0377,2025-03-25,1
V-006990,E-DEMO-MI-0377,2025-05-15,1
V-006991,E-DEMO-MI-0377,2025-06-16,1
V-006992,E-DEMO-MI-0377,2025-07-09,1
V-006993,E-DEMO-MI-0377,2025-09-30,1
V-006994,E-DEMO-MI-0377,2025-10-18,1
V-006995,E-DEMO-MI-0377,2025-11-16,1
V-006996,E-DEMO-MI-0377,2025-12-05,1
V-006997,E-DEMO-MI-0378,2024-06-20,1
V-006998,E-DEMO-MI-0378,2024-07-31,1
V-006999,E-DEMO-MI-0378,2024-09-12,1
V-007000,E-DEMO-MI-0378,2024-10-05,1
V-007001,E-DEMO-MI-0378,2024-11-01,1
V-007002,E-DEMO-MI-0378,2025-01-27,1
V-007003,E-DEMO-MI-0378,2025-02-17,1
V-007004,E-DEMO-MI-0378,2025-05-27,1
V-007005,E-DEMO-MI-0378,2025-06-01,1
V-007006,E-DEMO-MI-0379,2025-02-03,1
V-007007,E-DEMO-MI-0379,2025-03-24,1
V-007008,E-DEMO-MI-0379,2025-04-07,1
V-007009,E-DEMO-MI-0379,2025-05-04,1
V-007010,E-DEMO-MI-0379,2025-06-10,1
V-007011,E-DEMO-MI-0379,2025-07-18,1
V-007012,E-DEMO-MI-0379,2025-08-16,1
V-007013,E-DEMO-MI-0379,2025-09-01,1
V-007014,E-DEMO-MI-0379,2025-10-08,1
V-007015,E-DEMO-MI-0379,2025-11-27,1
V-007016,E-DEMO-MI-0379,2025-12-18,1
V-007017,E-DEMO-MI-0380,2024-09-23,1
V-007018,E-DEMO-MI-0380,2024-10-19,1
V-007019,E-DEMO-MI-0380,2025-01-19,1
V-007020,E-DEMO-MI-0380,2025-02-01,1
V-007021,E-DEMO-MI-0380,2025-03-16,1
V-007022,E-DEMO-MI-0380,2025-04-28,1
V-007023,E-DEMO-MI-0380,2025-06-24,1
V-007024,E-DEMO-MI-0380,2025-07-03,1
V-007025,E-DEMO-MI-0380,2025-08-10,1
V-007026,E-DEMO-MI-0380,2025-10-15,1
V-007027,E-DEMO-MI-0380,2025-11-24,1
V-007028,E-DEMO-MI-0380,2025-12-28,1
V-007029,E-DEMO-MI-0381,2025-04-14,1
V-007030,E-DEMO-MI-0381,2025-06-24,1
V-007031,E-DEMO-MI-0381,2025-07-11,1
V-007032,E-DEMO-MI-0381,2025-08-12,1
V-007033,E-DEMO-MI-0381,2025-09-05,1
V-007034,E-DEMO-MI-0381,2025-11-11,1
V-007035,E-DEMO-MI-0381,2025-12-29,1
V-007036,E-DEMO-MI-0382,2025-06-10,1
V-007037,E-DEMO-MI-0382,2025-07-11,1
V-007038,E-DEMO-MI-0382,2025-08-10,1
V-007039,E-DEMO-MI-0382,2025-09-01,1
V-007040,E-DEMO-MI-0382,2025-10-03,1
V-007041,E-DEMO-MI-0383,2023-04-17,1
V-007042,E-DEMO-MI-0383,2023-05-19,1
V-007043,E-DEMO-MI-0383,2023-06-18,1
V-007044,E-DEMO-MI-0383,2023-07-07,1
V-007045,E-DEMO-MI-0383,2023-10-07,1
V-007046,E-DEMO-MI-0383,2023-11-19,1
V-007047,E-DEMO-MI-0383,2023-12-24,1
V-007048,E-DEMO-MI-0383,2024-01-22,1
V-007049,E-DEMO-MI-0383,2024-02-12,1
V-007050,E-DEMO-MI-0383,2024-04-18,1
V-007051,E-DEMO-MI-0383,2024-05-13,1
V-007052,E-DEMO-MI-0383,2024-06-28,1
V-007053,E-DEMO-MI-0383,2024-07-26,1
V-007054,E-DEMO-MI-0383,2024-08-13,1
V-007055,E-DEMO-MI-0383,2024-09-13,1
V-007056,E-DEMO-MI-0383,2024-11-12,1
V-007057,E-DEMO-MI-0384,2023-10-27,1
V-007058,E-DEMO-MI-0384,2023-11-11,1
V-007059,E-DEMO-MI-0385,2024-12-18,1
V-007060,E-DEMO-MI-0385,2025-01-30,1
V-007061,E-DEMO-MI-0385,2025-02-20,1
V-007062,E-DEMO-MI-0385,2025-03-12,1
V-007063,E-DEMO-MI-0385,2025-05-16,1
V-007064,E-DEMO-MI-0385,2025-06-01,1
V-007065,E-DEMO-MI-0385,2025-07-24,1
V-007066,E-DEMO-MI-0385,2025-08-27,1
V-007067,E-DEMO-MI-0385,2025-09-10,1
V-007068,E-DEMO-MI-0385,2025-10-31,1
V-007069,E-DEMO-MI-0385,2025-11-04,1
V-007070,E-DEMO-MI-0385,2025-12-30,1
V-007071,E-DEMO-MI-0386,2024-08-05,1
V-007072,E-DEMO-MI-0386,2024-10-12,1
V-007073,E-DEMO-MI-0386,2024-11-07,1
V-007074,E-DEMO-MI-0386,2024-12-29,1
V-007075,E-DEMO-MI-0386,2025-02-04,1
V-007076,E-DEMO-MI-0386,2025-03-05,1
V-007077,E-DEMO-MI-0386,2025-05-08,1
V-007078,E-DEMO-MI-0386,2025-06-26,1
V-007079,E-DEMO-MI-0386,2025-08-26,1
V-007080,E-DEMO-MI-0386,2025-09-04,1
V-007081,E-DEMO-MI-0386,2025-10-21,1
V-007082,E-DEMO-MI-0386,2025-11-03,1
V-007083,E-DEMO-MI-0386,2025-12-23,1
V-007084,E-DEMO-MI-0387,2024-01-16,1
V-007085,E-DEMO-MI-0387,2024-02-02,1
V-007086,E-DEMO-MI-0387,2024-03-02,1
V-007087,E-DEMO-MI-0388,2024-09-26,1
V-007088,E-DEMO-MI-0388,2024-11-13,1
V-007089,E-DEMO-MI-0388,2024-12-19,1
V-007090,E-DEMO-MI-0388,2025-01-09,1
V-007091,E-DEMO-MI-0388,2025-02-18,1
V-007092,E-DEMO-MI-0388,2025-03-23,1
V-007093,E-DEMO-MI-0389,2025-02-17,1
V-007094,E-DEMO-MI-0389,2025-03-17,1
V-007095,E-DEMO-MI-0389,2025-04-22,1
V-007096,E-DEMO-MI-0389,2025-06-04,1
V-007097,E-DEMO-MI-0389,2025-07-07,1
V-007098,E-DEMO-MI-0389,2025-08-21,1
V-007099,E-DEMO-MI-0389,2025-09-12,1
V-007100,E-DEMO-MI-0389,2025-10-15,1
V-007101,E-DEMO-MI-0389,2025-11-07,1
V-007102,E-DEMO-MI-0389,2025-12-14,1
V-007103,E-DEMO-MI-0390,2023-05-27,1
V-007104,E-DEMO-MI-0390,2023-06-20,1
V-007105,E-DEMO-MI-0390,2023-08-21,1
V-007106,E-DEMO-MI-0390,2023-09-18,1
V-007107,E-DEMO-MI-0390,2023-10-20,1
V-007108,E-DEMO-MI-0390,2023-11-02,1
V-007109,E-DEMO-MI-0390,2024-02-16,1
V-007110,E-DEMO-MI-0391,2025-10-14,1
V-007111,E-DEMO-MI-0391,2025-11-30,1
V-007112,E-DEMO-MI-0391,2025-12-23,1
V-007113,E-DEMO-MI-0392,2023-03-12,1
V-007114,E-DEMO-MI-0392,2023-04-02,1
V-007115,E-DEMO-MI-0392,2023-05-23,1
V-007116,E-DEMO-MI-0392,2023-06-20,1
V-007117,E-DEMO-MI-0392,2023-07-04,1
V-007118,E-DEMO-MI-0392,2023-08-25,1
V-007119,E-DEMO-MI-0392,2023-09-22,1
V-007120,E-DEMO-MI-0392,2023-10-31,1
V-007121,E-DEMO-MI-0392,2023-11-19,1
V-007122,E-DEMO-MI-0392,2024-01-25,1
V-007123,E-DEMO-MI-0392,2024-02-13,1
V-007124,E-DEMO-MI-0392,2024-03-10,1
V-007125,E-DEMO-MI-0392,2024-04-11,1
V-007126,E-DEMO-MI-0392,2024-05-20,1
V-007127,E-DEMO-MI-0392,2024-07-27,1
V-007128,E-DEMO-MI-0392,2024-09-04,1
V-007129,E-DEMO-MI-0392,2024-10-23,1
V-007130,E-DEMO-MI-0392,2024-11-29,1
V-007131,E-DEMO-MI-0392,2025-01-12,1
V-007132,E-DEMO-MI-0393,2023-12-09,1
V-007133,E-DEMO-MI-0393,2024-01-18,1
V-007134,E-DEMO-MI-0393,2024-02-04,1
V-007135,E-DEMO-MI-0393,2024-03-30,1
V-007136,E-DEMO-MI-0393,2024-04-24,1
V-007137,E-DEMO-MI-0393,2024-06-21,1
V-007138,E-DEMO-MI-0394,2024-11-30,1
V-007139,E-DEMO-MI-0394,2024-12-10,1
V-007140,E-DEMO-MI-0394,2025-02-01,1
V-007141,E-DEMO-MI-0394,2025-03-04,1
V-007142,E-DEMO-MI-0394,2025-04-30,1
V-007143,E-DEMO-MI-0394,2025-06-13,1
V-007144,E-DEMO-MI-0394,2025-07-11,1
V-007145,E-DEMO-MI-0394,2025-08-06,1
V-007146,E-DEMO-MI-0395,2024-02-01,1
V-007147,E-DEMO-MI-0395,2024-04-21,1
V-007148,E-DEMO-MI-0395,2024-05-01,1
V-007149,E-DEMO-MI-0395,2024-06-20,1
V-007150,E-DEMO-MI-0395,2024-10-07,1
V-007151,E-DEMO-MI-0395,2024-12-30,1
V-007152,E-DEMO-MI-0395,2025-01-21,1
V-007153,E-DEMO-MI-0396,2024-09-06,1
V-007154,E-DEMO-MI-0396,2024-11-27,1
V-007155,E-DEMO-MI-0396,2024-12-12,1
V-007156,E-DEMO-MI-0397,2025-10-08,1
V-007157,E-DEMO-MI-0397,2025-11-22,1
V-007158,E-DEMO-MI-0397,2025-12-25,1
V-007159,E-DEMO-MI-0398,2025-08-01,1
V-007160,E-DEMO-MI-0398,2025-09-08,1
V-007161,E-DEMO-MI-0398,2025-10-04,1
V-007162,E-DEMO-MI-0399,2023-11-24,1
V-007163,E-DEMO-MI-0399,2024-01-03,1
V-007164,E-DEMO-MI-0399,2024-02-28,1
V-007165,E-DEMO-MI-0399,2024-03-12,1
V-007166,E-DEMO-MI-0399,2024-05-04,1
V-007167,E-DEMO-MI-0399,2024-06-03,1
V-007168,E-DEMO-MI-0399,2024-08-01,1
V-007169,E-DEMO-MI-0399,2024-09-09,1
V-007170,E-DEMO-MI-0399,2024-10-10,1
V-007171,E-DEMO-MI-0400,2025-02-10,1
V-007172,E-DEMO-MI-0400,2025-03-11,1
V-007173,E-DEMO-MI-0400,2025-04-05,1
V-007174,E-DEMO-MI-0400,2025-05-13,1
V-007175,E-DEMO-MI-0400,2025-06-15,1
V-007176,E-DEMO-MI-0400,2025-07-16,1
V-007177,E-DEMO-MI-0400,2025-08-26,1
V-007178,E-DEMO-MI-0400,2025-09-10,1
V-007179,E-DEMO-MI-0400,2025-10-14,1
V-007180,E-DEMO-MI-0400,2025-11-20,1
V-007181,E-DEMO-NM-0001,2025-01-13,1
V-007182,E-DEMO-NM-0001,2025-02-09,1
V-007183,E-DEMO-NM-0001,2025-03-25,1
V-007184,E-DEMO-NM-0001,2025-04-06,1
V-007185,E-DEMO-NM-0001,2025-05-30,1
V-007186,E-DEMO-NM-0001,2025-06-07,1
V-007187,E-DEMO-NM-0001,2025-08-25,1
V-007188,E-DEMO-NM-0001,2025-09-14,1
V-007189,E-DEMO-NM-0001,2025-10-29,1
V-007190,E-DEMO-NM-0001,2025-12-23,1
V-007191,E-DEMO-NM-0002,2024-04-30,1
V-007192,E-DEMO-NM-0003,2023-02-10,1
V-007193,E-DEMO-NM-0004,2024-05-04,1
V-007194,E-DEMO-NM-0004,2024-06-11,1
V-007195,E-DEMO-NM-0004,2024-07-30,1
V-007196,E-DEMO-NM-0004,2024-08-04,1
V-007197,E-DEMO-NM-0004,2024-10-25,1
V-007198,E-DEMO-NM-0004,2024-11-15,1
V-007199,E-DEMO-NM-0004,2024-12-10,1
V-007200,E-DEMO-NM-0005,2025-09-28,1
V-007201,E-DEMO-NM-0005,2025-10-31,1
V-007202,E-DEMO-NM-0005,2025-11-16,1
V-007203,E-DEMO-NM-0005,2025-12-02,1
V-007204,E-DEMO-NM-0006,2025-07-17,1
V-007205,E-DEMO-NM-0006,2025-08-14,1
V-007206,E-DEMO-NM-0006,2025-09-20,1
V-007207,E-DEMO-NM-0006,2025-10-19,1
V-007208,E-DEMO-NM-0006,2025-11-16,1
V-007209,E-DEMO-NM-0007,2023-03-21,1
V-007210,E-DEMO-NM-0007,2023-04-07,1
V-007211,E-DEMO-NM-0007,2023-06-02,1
V-007212,E-DEMO-NM-0007,2023-08-05,1
V-007213,E-DEMO-NM-0007,2023-09-15,1
V-007214,E-DEMO-NM-0007,2023-10-19,1
V-007215,E-DEMO-NM-0007,2023-11-22,1
V-007216,E-DEMO-NM-0008,2025-03-18,1
V-007217,E-DEMO-NM-0008,2025-04-01,1
V-007218,E-DEMO-NM-0008,2025-05-03,1
V-007219,E-DEMO-NM-0008,2025-07-08,1
V-007220,E-DEMO-NM-0008,2025-08-19,1
V-007221,E-DEMO-NM-0008,2025-09-30,1
V-007222,E-DEMO-NM-0008,2025-10-06,1
V-007223,E-DEMO-NM-0008,2025-11-15,1
V-007224,E-DEMO-NM-0009,2025-09-07,1
V-007225,E-DEMO-NM-0009,2025-11-26,1
V-007226,E-DEMO-NM-0010,2023-03-25,1
V-007227,E-DEMO-NM-0010,2023-04-24,1
V-007228,E-DEMO-NM-0010,2023-05-20,1
V-007229,E-DEMO-NM-0010,2023-06-11,1
V-007230,E-DEMO-NM-0010,2023-08-21,1
V-007231,E-DEMO-NM-0010,2023-11-26,1
V-007232,E-DEMO-NM-0010,2023-12-18,1
V-007233,E-DEMO-NM-0010,2024-01-26,1
V-007234,E-DEMO-NM-0010,2024-03-19,1
V-007235,E-DEMO-NM-0010,2024-06-04,1
V-007236,E-DEMO-NM-0010,2024-07-07,1
V-007237,E-DEMO-NM-0010,2024-08-04,1
V-007238,E-DEMO-NM-0010,2024-10-04,1
V-007239,E-DEMO-NM-0010,2024-11-26,1
V-007240,E-DEMO-NM-0010,2024-12-17,1
V-007241,E-DEMO-NM-0011,2025-03-10,1
V-007242,E-DEMO-NM-0011,2025-05-24,1
V-007243,E-DEMO-NM-0011,2025-06-28,1
V-007244,E-DEMO-NM-0011,2025-07-13,1
V-007245,E-DEMO-NM-0011,2025-08-14,1
V-007246,E-DEMO-NM-0011,2025-10-28,1
V-007247,E-DEMO-NM-0011,2025-11-09,1
V-007248,E-DEMO-NM-0012,2025-09-09,1
V-007249,E-DEMO-NM-0012,2025-10-31,1
V-007250,E-DEMO-NM-0012,2025-11-28,1
V-007251,E-DEMO-NM-0013,2023-09-27,1
V-007252,E-DEMO-NM-0013,2023-10-23,1
V-007253,E-DEMO-NM-0013,2024-01-07,1
V-007254,E-DEMO-NM-0013,2024-02-21,1
V-007255,E-DEMO-NM-0013,2024-04-11,1
V-007256,E-DEMO-NM-0013,2024-05-22,1
V-007257,E-DEMO-NM-0013,2024-06-22,1
V-007258,E-DEMO-NM-0013,2024-07-17,1
V-007259,E-DEMO-NM-0013,2024-08-14,1
V-007260,E-DEMO-NM-0013,2024-09-16,1
V-007261,E-DEMO-NM-0013,2024-10-29,1
V-007262,E-DEMO-NM-0013,2024-11-08,1
V-007263,E-DEMO-NM-0013,2025-01-08,1
V-007264,E-DEMO-NM-0013,2025-02-02,1
V-007265,E-DEMO-NM-0013,2025-03-07,1
V-007266,E-DEMO-NM-0014,2023-04-21,1
V-007267,E-DEMO-NM-0015,2024-09-15,1
V-007268,E-DEMO-NM-0015,2024-10-29,1
V-007269,E-DEMO-NM-0015,2024-12-27,1
V-007270,E-DEMO-NM-0015,2025-02-17,1
V-007271,E-DEMO-NM-0015,2025-03-17,1
V-007272,E-DEMO-NM-0015,2025-04-20,1
V-007273,E-DEMO-NM-0015,2025-05-12,1
V-007274,E-DEMO-NM-0015,2025-06-08,1
V-007275,E-DEMO-NM-0015,2025-07-25,1
V-007276,E-DEMO-NM-0015,2025-08-07,1
V-007277,E-DEMO-NM-0015,2025-09-15,1
V-007278,E-DEMO-NM-0015,2025-10-16,1
V-007279,E-DEMO-NM-0015,2025-11-20,1
V-007280,E-DEMO-NM-0016,2024-08-21,1
V-007281,E-DEMO-NM-0016,2024-11-26,1
V-007282,E-DEMO-NM-0016,2024-12-25,1
V-007283,E-DEMO-NM-0016,2025-01-25,1
V-007284,E-DEMO-NM-0017,2023-10-03,1
V-007285,E-DEMO-NM-0017,2023-11-17,1
V-007286,E-DEMO-NM-0017,2023-12-28,1
V-007287,E-DEMO-NM-0017,2024-01-16,1
V-007288,E-DEMO-NM-0017,2024-03-20,1
V-007289,E-DEMO-NM-0017,2024-05-16,1
V-007290,E-DEMO-NM-0017,2024-06-17,1
V-007291,E-DEMO-NM-0018,2024-11-21,1
V-007292,E-DEMO-NM-0018,2024-12-21,1
V-007293,E-DEMO-NM-0018,2025-02-18,1
V-007294,E-DEMO-NM-0018,2025-03-19,1
V-007295,E-DEMO-NM-0019,2024-12-12,1
V-007296,E-DEMO-NM-0019,2025-01-27,1
V-007297,E-DEMO-NM-0019,2025-02-12,1
V-007298,E-DEMO-NM-0019,2025-04-26,1
V-007299,E-DEMO-NM-0019,2025-05-06,1
V-007300,E-DEMO-NM-0019,2025-06-09,1
V-007301,E-DEMO-NM-0019,2025-07-23,1
V-007302,E-DEMO-NM-0019,2025-09-28,1
V-007303,E-DEMO-NM-0019,2025-10-20,1
V-007304,E-DEMO-NM-0020,2025-04-25,1
V-007305,E-DEMO-NM-0020,2025-05-05,1
V-007306,E-DEMO-NM-0020,2025-06-05,1
V-007307,E-DEMO-NM-0020,2025-08-29,1
V-007308,E-DEMO-NM-0020,2025-09-06,1
V-007309,E-DEMO-NM-0020,2025-10-03,1
V-007310,E-DEMO-NM-0020,2025-11-22,1
V-007311,E-DEMO-NM-0020,2025-12-27,1
V-007312,E-DEMO-NM-0021,2023-07-30,1
V-007313,E-DEMO-NM-0021,2023-08-24,1
V-007314,E-DEMO-NM-0021,2023-09-03,1
V-007315,E-DEMO-NM-0021,2023-10-10,1
V-007316,E-DEMO-NM-0021,2023-11-26,1
V-007317,E-DEMO-NM-0022,2023-06-13,1
V-007318,E-DEMO-NM-0022,2023-07-16,1
V-007319,E-DEMO-NM-0022,2023-08-11,1
V-007320,E-DEMO-NM-0022,2023-09-09,1
V-007321,E-DEMO-NM-0022,2023-10-15,1
V-007322,E-DEMO-NM-0022,2023-11-12,1
V-007323,E-DEMO-NM-0022,2023-12-31,1
V-007324,E-DEMO-NM-0022,2024-01-02,1
V-007325,E-DEMO-NM-0022,2024-04-27,1
V-007326,E-DEMO-NM-0022,2024-05-05,1
V-007327,E-DEMO-NM-0022,2024-06-15,1
V-007328,E-DEMO-NM-0022,2024-07-21,1
V-007329,E-DEMO-NM-0022,2024-09-07,1
V-007330,E-DEMO-NM-0022,2024-10-22,1
V-007331,E-DEMO-NM-0023,2025-07-30,1
V-007332,E-DEMO-NM-0023,2025-10-08,1
V-007333,E-DEMO-NM-0024,2023-11-28,1
V-007334,E-DEMO-NM-0024,2023-12-24,1
V-007335,E-DEMO-NM-0024,2024-01-19,1
V-007336,E-DEMO-NM-0024,2024-02-27,1
V-007337,E-DEMO-NM-0025,2023-10-12,1
V-007338,E-DEMO-NM-0025,2023-12-01,1
V-007339,E-DEMO-NM-0025,2024-01-16,1
V-007340,E-DEMO-NM-0025,2024-04-18,1
V-007341,E-DEMO-NM-0026,2023-07-10,1
V-007342,E-DEMO-NM-0026,2023-08-07,1
V-007343,E-DEMO-NM-0027,2025-02-02,1
V-007344,E-DEMO-NM-0027,2025-03-06,1
V-007345,E-DEMO-NM-0027,2025-04-25,1
V-007346,E-DEMO-NM-0027,2025-06-11,1
V-007347,E-DEMO-NM-0027,2025-07-23,1
V-007348,E-DEMO-NM-0027,2025-08-30,1
V-007349,E-DEMO-NM-0027,2025-10-17,1
V-007350,E-DEMO-NM-0027,2025-11-29,1
V-007351,E-DEMO-NM-0027,2025-12-07,1
V-007352,E-DEMO-NM-0028,2025-04-25,1
V-007353,E-DEMO-NM-0028,2025-05-04,1
V-007354,E-DEMO-NM-0028,2025-06-11,1
V-007355,E-DEMO-NM-0028,2025-07-14,1
V-007356,E-DEMO-NM-0028,2025-08-11,1
V-007357,E-DEMO-NM-0028,2025-09-07,1
V-007358,E-DEMO-NM-0028,2025-10-23,1
V-007359,E-DEMO-NM-0028,2025-11-04,1
V-007360,E-DEMO-NM-0028,2025-12-01,1
V-007361,E-DEMO-NM-0029,2023-02-19,1
V-007362,E-DEMO-NM-0029,2023-03-30,1
V-007363,E-DEMO-NM-0029,2023-05-09,1
V-007364,E-DEMO-NM-0029,2023-06-24,1
V-007365,E-DEMO-NM-0029,2023-07-06,1
V-007366,E-DEMO-NM-0029,2023-08-29,1
V-007367,E-DEMO-NM-0029,2023-09-28,1
V-007368,E-DEMO-NM-0029,2023-11-03,1
V-007369,E-DEMO-NM-0029,2023-12-05,1
V-007370,E-DEMO-NM-0029,2024-02-11,1
V-007371,E-DEMO-NM-0029,2024-03-10,1
V-007372,E-DEMO-NM-0029,2024-04-10,1
V-007373,E-DEMO-NM-0029,2024-06-21,1
V-007374,E-DEMO-NM-0029,2024-07-06,1
V-007375,E-DEMO-NM-0029,2024-08-19,1
V-007376,E-DEMO-NM-0029,2024-09-07,1
V-007377,E-DEMO-NM-0029,2024-10-07,1
V-007378,E-DEMO-NM-0030,2024-11-17,1
V-007379,E-DEMO-NM-0030,2024-12-29,1
V-007380,E-DEMO-NM-0030,2025-02-16,1
V-007381,E-DEMO-NM-0031,2024-05-06,1
V-007382,E-DEMO-NM-0031,2024-06-15,1
V-007383,E-DEMO-NM-0031,2024-07-11,1
V-007384,E-DEMO-NM-0031,2024-09-27,1
V-007385,E-DEMO-NM-0031,2024-10-09,1
V-007386,E-DEMO-NM-0031,2024-12-22,1
V-007387,E-DEMO-NM-0032,2025-03-22,1
V-007388,E-DEMO-NM-0032,2025-04-28,1
V-007389,E-DEMO-NM-0032,2025-06-11,1
V-007390,E-DEMO-NM-0032,2025-07-25,1
V-007391,E-DEMO-NM-0032,2025-09-24,1
V-007392,E-DEMO-NM-0032,2025-10-01,1
V-007393,E-DEMO-NM-0032,2025-11-29,1
V-007394,E-DEMO-NM-0032,2025-12-02,1
V-007395,E-DEMO-NM-0033,2023-07-16,1
V-007396,E-DEMO-NM-0033,2023-08-14,1
V-007397,E-DEMO-NM-0033,2023-10-17,1
V-007398,E-DEMO-NM-0033,2023-11-11,1
V-007399,E-DEMO-NM-0033,2024-01-08,1
V-007400,E-DEMO-NM-0033,2024-02-06,1
V-007401,E-DEMO-NM-0033,2024-05-23,1
V-007402,E-DEMO-NM-0033,2024-09-04,1
V-007403,E-DEMO-NM-0034,2023-10-16,1
V-007404,E-DEMO-NM-0034,2023-11-04,1
V-007405,E-DEMO-NM-0034,2023-12-08,1
V-007406,E-DEMO-NM-0034,2024-02-08,1
V-007407,E-DEMO-NM-0034,2024-03-14,1
V-007408,E-DEMO-NM-0034,2024-04-30,1
V-007409,E-DEMO-NM-0034,2024-06-16,1
V-007410,E-DEMO-NM-0034,2024-07-20,1
V-007411,E-DEMO-NM-0034,2024-08-26,1
V-007412,E-DEMO-NM-0034,2024-10-05,1
V-007413,E-DEMO-NM-0034,2024-11-05,1
V-007414,E-DEMO-NM-0034,2024-12-02,1
V-007415,E-DEMO-NM-0035,2024-02-16,1
V-007416,E-DEMO-NM-0035,2024-03-21,1
V-007417,E-DEMO-NM-0035,2024-05-18,1
V-007418,E-DEMO-NM-0035,2024-06-27,1
V-007419,E-DEMO-NM-0035,2024-08-13,1
V-007420,E-DEMO-NM-0035,2024-10-21,1
V-007421,E-DEMO-NM-0036,2024-11-16,1
V-007422,E-DEMO-NM-0036,2024-12-12,1
V-007423,E-DEMO-NM-0036,2025-01-28,1
V-007424,E-DEMO-NM-0036,2025-02-14,1
V-007425,E-DEMO-NM-0036,2025-03-03,1
V-007426,E-DEMO-NM-0036,2025-04-29,1
V-007427,E-DEMO-NM-0036,2025-05-09,1
V-007428,E-DEMO-NM-0036,2025-06-07,1
V-007429,E-DEMO-NM-0036,2025-07-26,1
V-007430,E-DEMO-NM-0036,2025-08-26,1
V-007431,E-DEMO-NM-0036,2025-09-09,1
V-007432,E-DEMO-NM-0036,2025-10-09,1
V-007433,E-DEMO-NM-0036,2025-11-14,1
V-007434,E-DEMO-NM-0036,2025-12-21,1
V-007435,E-DEMO-NM-0037,2023-05-24,1
V-007436,E-DEMO-NM-0037,2023-06-30,1
V-007437,E-DEMO-NM-0037,2023-07-31,1
V-007438,E-DEMO-NM-0037,2023-08-15,1
V-007439,E-DEMO-NM-0037,2023-09-21,1
V-007440,E-DEMO-NM-0037,2023-12-28,1
V-007441,E-DEMO-NM-0039,2025-06-06,1
V-007442,E-DEMO-NM-0039,2025-07-08,1
V-007443,E-DEMO-NM-0039,2025-09-16,1
V-007444,E-DEMO-NM-0039,2025-10-25,1
V-007445,E-DEMO-NM-0039,2025-11-19,1
V-007446,E-DEMO-NM-0039,2025-12-04,1
V-007447,E-DEMO-NM-0040,2023-10-18,1
V-007448,E-DEMO-NM-0040,2023-11-28,1
V-007449,E-DEMO-NM-0040,2023-12-10,1
V-007450,E-DEMO-NM-0040,2024-01-13,1
V-007451,E-DEMO-NM-0040,2024-02-04,1
V-007452,E-DEMO-NM-0040,2024-03-03,1
V-007453,E-DEMO-NM-0040,2024-04-22,1
V-007454,E-DEMO-NM-0040,2024-05-23,1
V-007455,E-DEMO-NM-0040,2024-07-09,1
V-007456,E-DEMO-NM-0040,2024-08-19,1
V-007457,E-DEMO-NM-0041,2023-05-14,1
V-007458,E-DEMO-NM-0041,2023-06-09,1
V-007459,E-DEMO-NM-0041,2023-07-02,1
V-007460,E-DEMO-NM-0041,2023-08-22,1
V-007461,E-DEMO-NM-0041,2023-10-19,1
V-007462,E-DEMO-NM-0041,2023-11-12,1
V-007463,E-DEMO-NM-0041,2024-02-05,1
V-007464,E-DEMO-NM-0041,2024-03-06,1
V-007465,E-DEMO-NM-0041,2024-08-07,1
V-007466,E-DEMO-NM-0041,2024-09-06,1
V-007467,E-DEMO-NM-0041,2024-10-08,1
V-007468,E-DEMO-NM-0041,2024-11-23,1
V-007469,E-DEMO-NM-0041,2024-12-29,1
V-007470,E-DEMO-NM-0041,2025-02-22,1
V-007471,E-DEMO-NM-0042,2024-06-30,1
V-007472,E-DEMO-NM-0042,2024-08-16,1
V-007473,E-DEMO-NM-0042,2024-09-13,1
V-007474,E-DEMO-NM-0042,2024-10-31,1
V-007475,E-DEMO-NM-0042,2024-11-12,1
V-007476,E-DEMO-NM-0042,2024-12-24,1
V-007477,E-DEMO-NM-0042,2025-01-03,1
V-007478,E-DEMO-NM-0042,2025-02-13,1
V-007479,E-DEMO-NM-0042,2025-03-21,1
V-007480,E-DEMO-NM-0042,2025-04-04,1
V-007481,E-DEMO-NM-0042,2025-05-14,1
V-007482,E-DEMO-NM-0042,2025-06-29,1
V-007483,E-DEMO-NM-0042,2025-07-07,1
V-007484,E-DEMO-NM-0042,2025-08-08,1
V-007485,E-DEMO-NM-0043,2025-10-13,1
V-007486,E-DEMO-NM-0043,2025-11-25,1
V-007487,E-DEMO-NM-0043,2025-12-27,1
V-007488,E-DEMO-NM-0044,2025-07-23,1
V-007489,E-DEMO-NM-0044,2025-08-13,1
V-007490,E-DEMO-NM-0044,2025-09-09,1
V-007491,E-DEMO-NM-0044,2025-10-07,1
V-007492,E-DEMO-NM-0044,2025-11-26,1
V-007493,E-DEMO-NM-0044,2025-12-09,1
V-007494,E-DEMO-NM-0045,2023-09-17,1
V-007495,E-DEMO-NM-0045,2023-10-25,1
V-007496,E-DEMO-NM-0045,2023-11-18,1
V-007497,E-DEMO-NM-0045,2024-01-11,1
V-007498,E-DEMO-NM-0045,2024-02-06,1
V-007499,E-DEMO-NM-0045,2024-03-20,1
V-007500,E-DEMO-NM-0045,2024-04-01,1
V-007501,E-DEMO-NM-0045,2024-05-23,1
V-007502,E-DEMO-NM-0045,2024-06-18,1
V-007503,E-DEMO-NM-0045,2024-07-18,1
V-007504,E-DEMO-NM-0045,2024-08-25,1
V-007505,E-DEMO-NM-0045,2024-09-13,1
V-007506,E-DEMO-NM-0045,2024-10-12,1
V-007507,E-DEMO-NM-0045,2024-11-04,1
V-007508,E-DEMO-NM-0046,2024-12-16,1
V-007509,E-DEMO-NM-0046,2025-04-04,1
V-007510,E-DEMO-NM-0046,2025-06-20,1
V-007511,E-DEMO-NM-0046,2025-07-04,1
V-007512,E-DEMO-NM-0046,2025-10-23,1
V-007513,E-DEMO-NM-0047,2023-06-28,1
V-007514,E-DEMO-NM-0047,2023-08-17,1
V-007515,E-DEMO-NM-0047,2023-12-03,1
V-007516,E-DEMO-NM-0047,2024-01-06,1
V-007517,E-DEMO-NM-0047,2024-02-01,1
V-007518,E-DEMO-NM-0047,2024-03-27,1
V-007519,E-DEMO-NM-0047,2024-04-20,1
V-007520,E-DEMO-NM-0047,2024-06-03,1
V-007521,E-DEMO-NM-0047,2024-08-11,1
V-007522,E-DEMO-NM-0047,2024-09-02,1
V-007523,E-DEMO-NM-0048,2023-07-20,1
V-007524,E-DEMO-NM-0048,2023-08-15,1
V-007525,E-DEMO-NM-0048,2023-09-27,1
V-007526,E-DEMO-NM-0048,2023-10-07,1
V-007527,E-DEMO-NM-0048,2023-12-21,1
V-007528,E-DEMO-NM-0048,2024-01-05,1
V-007529,E-DEMO-NM-0048,2024-02-04,1
V-007530,E-DEMO-NM-0048,2024-03-30,1
V-007531,E-DEMO-NM-0048,2024-04-07,1
V-007532,E-DEMO-NM-0048,2024-05-18,1
V-007533,E-DEMO-NM-0048,2024-06-25,1
V-007534,E-DEMO-NM-0048,2024-10-10,1
V-007535,E-DEMO-NM-0048,2024-11-15,1
V-007536,E-DEMO-NM-0048,2025-01-21,1
V-007537,E-DEMO-NM-0048,2025-02-15,1
V-007538,E-DEMO-NM-0048,2025-03-05,1
V-007539,E-DEMO-NM-0048,2025-04-02,1
V-007540,E-DEMO-NM-0048,2025-05-11,1
V-007541,E-DEMO-NM-0048,2025-06-30,1
V-007542,E-DEMO-NM-0048,2025-07-06,1
V-007543,E-DEMO-NM-0049,2023-03-11,1
V-007544,E-DEMO-NM-0049,2023-04-03,1
V-007545,E-DEMO-NM-0049,2023-08-27,1
V-007546,E-DEMO-NM-0049,2023-10-17,1
V-007547,E-DEMO-NM-0049,2023-11-25,1
V-007548,E-DEMO-NM-0049,2024-01-10,1
V-007549,E-DEMO-NM-0049,2024-02-03,1
V-007550,E-DEMO-NM-0049,2024-03-29,1
V-007551,E-DEMO-NM-0049,2024-04-03,1
V-007552,E-DEMO-NM-0049,2024-05-18,1
V-007553,E-DEMO-NM-0050,2023-11-26,1
V-007554,E-DEMO-NM-0050,2023-12-23,1
V-007555,E-DEMO-NM-0051,2024-06-30,1
V-007556,E-DEMO-NM-0051,2024-07-08,1
V-007557,E-DEMO-NM-0051,2024-08-03,1
V-007558,E-DEMO-NM-0051,2024-10-21,1
V-007559,E-DEMO-NM-0051,2024-11-07,1
V-007560,E-DEMO-NM-0051,2024-12-14,1
V-007561,E-DEMO-NM-0052,2024-12-16,1
V-007562,E-DEMO-NM-0052,2025-02-03,1
V-007563,E-DEMO-NM-0052,2025-03-12,1
V-007564,E-DEMO-NM-0052,2025-04-06,1
V-007565,E-DEMO-NM-0052,2025-05-08,1
V-007566,E-DEMO-NM-0052,2025-07-24,1
V-007567,E-DEMO-NM-0052,2025-11-20,1
V-007568,E-DEMO-NM-0052,2025-12-30,1
V-007569,E-DEMO-NM-0053,2025-08-25,1
V-007570,E-DEMO-NM-0053,2025-09-05,1
V-007571,E-DEMO-NM-0053,2025-10-15,1
V-007572,E-DEMO-NM-0053,2025-11-06,1
V-007573,E-DEMO-NM-0054,2025-03-31,1
V-007574,E-DEMO-NM-0054,2025-04-19,1
V-007575,E-DEMO-NM-0054,2025-07-15,1
V-007576,E-DEMO-NM-0054,2025-08-09,1
V-007577,E-DEMO-NM-0054,2025-09-29,1
V-007578,E-DEMO-NM-0054,2025-10-17,1
V-007579,E-DEMO-NM-0055,2025-02-24,1
V-007580,E-DEMO-NM-0055,2025-03-07,1
V-007581,E-DEMO-NM-0055,2025-04-21,1
V-007582,E-DEMO-NM-0055,2025-06-08,1
V-007583,E-DEMO-NM-0055,2025-08-03,1
V-007584,E-DEMO-NM-0055,2025-09-15,1
V-007585,E-DEMO-NM-0055,2025-10-06,1
V-007586,E-DEMO-NM-0055,2025-11-07,1
V-007587,E-DEMO-NM-0055,2025-12-04,1
V-007588,E-DEMO-NM-0056,2024-05-17,1
V-007589,E-DEMO-NM-0056,2024-06-14,1
V-007590,E-DEMO-NM-0056,2024-07-30,1
V-007591,E-DEMO-NM-0056,2024-09-02,1
V-007592,E-DEMO-NM-0056,2024-10-05,1
V-007593,E-DEMO-NM-0056,2024-11-21,1
V-007594,E-DEMO-NM-0056,2024-12-23,1
V-007595,E-DEMO-NM-0056,2025-01-06,1
V-007596,E-DEMO-NM-0056,2025-02-26,1
V-007597,E-DEMO-NM-0057,2024-11-26,1
V-007598,E-DEMO-NM-0057,2025-03-31,1
V-007599,E-DEMO-NM-0058,2024-11-13,1
V-007600,E-DEMO-NM-0058,2025-01-15,1
V-007601,E-DEMO-NM-0059,2024-01-28,1
V-007602,E-DEMO-NM-0059,2024-02-01,1
V-007603,E-DEMO-NM-0059,2024-04-07,1
V-007604,E-DEMO-NM-0059,2024-05-12,1
V-007605,E-DEMO-NM-0059,2024-07-16,1
V-007606,E-DEMO-NM-0059,2024-08-17,1
V-007607,E-DEMO-NM-0059,2024-09-22,1
V-007608,E-DEMO-NM-0059,2024-10-14,1
V-007609,E-DEMO-NM-0059,2024-11-06,1
V-007610,E-DEMO-NM-0059,2025-02-07,1
V-007611,E-DEMO-NM-0059,2025-05-19,1
V-007612,E-DEMO-NM-0059,2025-06-06,1
V-007613,E-DEMO-NM-0060,2023-04-06,1
V-007614,E-DEMO-NM-0060,2023-05-08,1
V-007615,E-DEMO-NM-0060,2023-06-21,1
V-007616,E-DEMO-NM-0060,2023-08-03,1
V-007617,E-DEMO-NM-0060,2023-10-30,1
V-007618,E-DEMO-NM-0060,2023-11-16,1
V-007619,E-DEMO-NM-0060,2023-12-12,1
V-007620,E-DEMO-NM-0060,2024-01-19,1
V-007621,E-DEMO-NM-0060,2024-02-13,1
V-007622,E-DEMO-NM-0061,2023-10-08,1
V-007623,E-DEMO-NM-0061,2023-11-20,1
V-007624,E-DEMO-NM-0061,2024-01-20,1
V-007625,E-DEMO-NM-0061,2024-02-10,1
V-007626,E-DEMO-NM-0061,2024-03-05,1
V-007627,E-DEMO-NM-0061,2024-04-03,1
V-007628,E-DEMO-NM-0061,2024-05-01,1
V-007629,E-DEMO-NM-0061,2024-08-03,1
V-007630,E-DEMO-NM-0061,2024-10-10,1
V-007631,E-DEMO-NM-0061,2024-11-11,1
V-007632,E-DEMO-NM-0061,2024-12-14,1
V-007633,E-DEMO-NM-0061,2025-01-31,1
V-007634,E-DEMO-NM-0061,2025-02-10,1
V-007635,E-DEMO-NM-0061,2025-03-28,1
V-007636,E-DEMO-NM-0061,2025-04-08,1
V-007637,E-DEMO-NM-0062,2024-01-27,1
V-007638,E-DEMO-NM-0062,2024-03-29,1
V-007639,E-DEMO-NM-0062,2024-04-28,1
V-007640,E-DEMO-NM-0062,2024-05-06,1
V-007641,E-DEMO-NM-0062,2024-06-15,1
V-007642,E-DEMO-NM-0063,2024-03-16,1
V-007643,E-DEMO-NM-0063,2024-04-29,1
V-007644,E-DEMO-NM-0063,2024-05-27,1
V-007645,E-DEMO-NM-0063,2024-07-18,1
V-007646,E-DEMO-NM-0063,2024-08-27,1
V-007647,E-DEMO-NM-0063,2024-10-06,1
V-007648,E-DEMO-NM-0063,2024-11-20,1
V-007649,E-DEMO-NM-0063,2024-12-30,1
V-007650,E-DEMO-NM-0063,2025-01-05,1
V-007651,E-DEMO-NM-0063,2025-02-10,1
V-007652,E-DEMO-NM-0063,2025-04-18,1
V-007653,E-DEMO-NM-0063,2025-06-30,1
V-007654,E-DEMO-NM-0063,2025-09-30,1
V-007655,E-DEMO-NM-0063,2025-10-18,1
V-007656,E-DEMO-NM-0063,2025-11-06,1
V-007657,E-DEMO-NM-0063,2025-12-06,1
V-007658,E-DEMO-NM-0064,2024-06-12,1
V-007659,E-DEMO-NM-0064,2024-07-01,1
V-007660,E-DEMO-NM-0064,2024-09-27,1
V-007661,E-DEMO-NM-0064,2024-10-27,1
V-007662,E-DEMO-NM-0064,2024-11-23,1
V-007663,E-DEMO-NM-0064,2024-12-24,1
V-007664,E-DEMO-NM-0064,2025-02-01,1
V-007665,E-DEMO-NM-0064,2025-03-30,1
V-007666,E-DEMO-NM-0065,2024-05-22,1
V-007667,E-DEMO-NM-0065,2024-06-01,1
V-007668,E-DEMO-NM-0065,2024-07-18,1
V-007669,E-DEMO-NM-0065,2024-08-07,1
V-007670,E-DEMO-NM-0065,2024-09-18,1
V-007671,E-DEMO-NM-0065,2024-11-29,1
V-007672,E-DEMO-NM-0065,2025-01-31,1
V-007673,E-DEMO-NM-0065,2025-02-24,1
V-007674,E-DEMO-NM-0065,2025-03-06,1
V-007675,E-DEMO-NM-0065,2025-04-07,1
V-007676,E-DEMO-NM-0065,2025-05-18,1
V-007677,E-DEMO-NM-0065,2025-06-12,1
V-007678,E-DEMO-NM-0065,2025-09-28,1
V-007679,E-DEMO-NM-0065,2025-10-18,1
V-007680,E-DEMO-NM-0065,2025-11-22,1
V-007681,E-DEMO-NM-0065,2025-12-11,1
V-007682,E-DEMO-NM-0066,2023-07-11,1
V-007683,E-DEMO-NM-0066,2023-08-15,1
V-007684,E-DEMO-NM-0066,2023-09-15,1
V-007685,E-DEMO-NM-0066,2023-11-16,1
V-007686,E-DEMO-NM-0066,2023-12-17,1
V-007687,E-DEMO-NM-0066,2024-01-13,1
V-007688,E-DEMO-NM-0066,2024-03-20,1
V-007689,E-DEMO-NM-0067,2023-05-17,1
V-007690,E-DEMO-NM-0067,2023-06-01,1
V-007691,E-DEMO-NM-0067,2023-07-20,1
V-007692,E-DEMO-NM-0067,2023-08-19,1
V-007693,E-DEMO-NM-0067,2023-09-26,1
V-007694,E-DEMO-NM-0067,2023-10-16,1
V-007695,E-DEMO-NM-0068,2025-06-13,1
V-007696,E-DEMO-NM-0068,2025-08-18,1
V-007697,E-DEMO-NM-0068,2025-10-11,1
V-007698,E-DEMO-NM-0068,2025-11-20,1
V-007699,E-DEMO-NM-0068,2025-12-11,1
V-007700,E-DEMO-NM-0069,2024-05-29,1
V-007701,E-DEMO-NM-0069,2024-06-26,1
V-007702,E-DEMO-NM-0069,2024-07-15,1
V-007703,E-DEMO-NM-0069,2024-08-13,1
V-007704,E-DEMO-NM-0069,2024-10-29,1
V-007705,E-DEMO-NM-0069,2024-11-26,1
V-007706,E-DEMO-NM-0069,2025-01-01,1
V-007707,E-DEMO-NM-0069,2025-02-16,1
V-007708,E-DEMO-NM-0069,2025-03-05,1
V-007709,E-DEMO-NM-0069,2025-04-07,1
V-007710,E-DEMO-NM-0069,2025-05-18,1
V-007711,E-DEMO-NM-0069,2025-06-01,1
V-007712,E-DEMO-NM-0070,2023-09-13,1
V-007713,E-DEMO-NM-0070,2023-10-25,1
V-007714,E-DEMO-NM-0070,2023-12-07,1
V-007715,E-DEMO-NM-0070,2024-01-09,1
V-007716,E-DEMO-NM-0070,2024-02-24,1
V-007717,E-DEMO-NM-0070,2024-03-11,1
V-007718,E-DEMO-NM-0070,2024-04-12,1
V-007719,E-DEMO-NM-0070,2024-05-22,1
V-007720,E-DEMO-NM-0070,2024-06-26,1
V-007721,E-DEMO-NM-0070,2024-08-04,1
V-007722,E-DEMO-NM-0070,2024-12-07,1
V-007723,E-DEMO-NM-0071,2023-07-25,1
V-007724,E-DEMO-NM-0071,2023-12-02,1
V-007725,E-DEMO-NM-0071,2024-01-20,1
V-007726,E-DEMO-NM-0071,2024-02-14,1
V-007727,E-DEMO-NM-0071,2024-04-13,1
V-007728,E-DEMO-NM-0071,2024-05-23,1
V-007729,E-DEMO-NM-0071,2024-06-03,1
V-007730,E-DEMO-NM-0071,2024-07-09,1
V-007731,E-DEMO-NM-0071,2024-08-18,1
V-007732,E-DEMO-NM-0071,2024-09-30,1
V-007733,E-DEMO-NM-0071,2025-01-30,1
V-007734,E-DEMO-NM-0072,2024-02-17,1
V-007735,E-DEMO-NM-0072,2024-04-18,1
V-007736,E-DEMO-NM-0072,2024-05-08,1
V-007737,E-DEMO-NM-0072,2024-06-15,1
V-007738,E-DEMO-NM-0072,2024-07-17,1
V-007739,E-DEMO-NM-0072,2024-08-16,1
V-007740,E-DEMO-NM-0072,2024-10-13,1
V-007741,E-DEMO-NM-0072,2024-11-11,1
V-007742,E-DEMO-NM-0073,2024-05-19,1
V-007743,E-DEMO-NM-0073,2024-06-25,1
V-007744,E-DEMO-NM-0073,2024-07-02,1
V-007745,E-DEMO-NM-0073,2024-09-29,1
V-007746,E-DEMO-NM-0073,2025-01-26,1
V-007747,E-DEMO-NM-0073,2025-02-27,1
V-007748,E-DEMO-NM-0073,2025-03-05,1
V-007749,E-DEMO-NM-0073,2025-04-19,1
V-007750,E-DEMO-NM-0073,2025-05-07,1
V-007751,E-DEMO-NM-0073,2025-06-17,1
V-007752,E-DEMO-NM-0073,2025-07-11,1
V-007753,E-DEMO-NM-0073,2025-08-02,1
V-007754,E-DEMO-NM-0073,2025-09-26,1
V-007755,E-DEMO-NM-0073,2025-10-15,1
V-007756,E-DEMO-NM-0073,2025-11-06,1
V-007757,E-DEMO-NM-0074,2025-06-07,1
V-007758,E-DEMO-NM-0074,2025-07-18,1
V-007759,E-DEMO-NM-0074,2025-09-12,1
V-007760,E-DEMO-NM-0074,2025-10-06,1
V-007761,E-DEMO-NM-0074,2025-11-16,1
V-007762,E-DEMO-NM-0075,2025-02-16,1
V-007763,E-DEMO-NM-0075,2025-03-14,1
V-007764,E-DEMO-NM-0075,2025-04-02,1
V-007765,E-DEMO-NM-0075,2025-05-21,1
V-007766,E-DEMO-NM-0075,2025-06-22,1
V-007767,E-DEMO-NM-0075,2025-07-07,1
V-007768,E-DEMO-NM-0075,2025-08-01,1
V-007769,E-DEMO-NM-0075,2025-09-25,1
V-007770,E-DEMO-NM-0075,2025-10-28,1
V-007771,E-DEMO-NM-0075,2025-11-24,1
V-007772,E-DEMO-NM-0076,2025-09-30,1
V-007773,E-DEMO-NM-0076,2025-10-25,1
V-007774,E-DEMO-NM-0076,2025-11-25,1
V-007775,E-DEMO-NM-0076,2025-12-29,1
V-007776,E-DEMO-NM-0077,2025-03-22,1
V-007777,E-DEMO-NM-0077,2025-04-12,1
V-007778,E-DEMO-NM-0077,2025-05-02,1
V-007779,E-DEMO-NM-0077,2025-06-13,1
V-007780,E-DEMO-NM-0077,2025-10-11,1
V-007781,E-DEMO-NM-0077,2025-12-16,1
V-007782,E-DEMO-NM-0078,2024-03-30,1
V-007783,E-DEMO-NM-0078,2024-04-26,1
V-007784,E-DEMO-NM-0079,2023-12-22,1
V-007785,E-DEMO-NM-0079,2024-03-23,1
V-007786,E-DEMO-NM-0079,2024-04-06,1
V-007787,E-DEMO-NM-0079,2024-08-07,1
V-007788,E-DEMO-NM-0079,2024-10-21,1
V-007789,E-DEMO-NM-0079,2024-11-03,1
V-007790,E-DEMO-NM-0079,2024-12-03,1
V-007791,E-DEMO-NM-0079,2025-01-24,1
V-007792,E-DEMO-NM-0079,2025-02-22,1
V-007793,E-DEMO-NM-0079,2025-03-26,1
V-007794,E-DEMO-NM-0079,2025-05-18,1
V-007795,E-DEMO-NM-0079,2025-06-01,1
V-007796,E-DEMO-NM-0079,2025-07-28,1
V-007797,E-DEMO-NM-0079,2025-08-31,1
V-007798,E-DEMO-NM-0079,2025-09-03,1
V-007799,E-DEMO-NM-0080,2023-10-16,1
V-007800,E-DEMO-NM-0080,2023-11-07,1
V-007801,E-DEMO-NM-0080,2024-01-15,1
V-007802,E-DEMO-NM-0080,2024-02-19,1
V-007803,E-DEMO-NM-0080,2024-04-11,1
V-007804,E-DEMO-NM-0080,2024-06-26,1
V-007805,E-DEMO-NM-0080,2024-08-23,1
V-007806,E-DEMO-NM-0080,2024-09-02,1
V-007807,E-DEMO-NM-0080,2024-10-10,1
V-007808,E-DEMO-NM-0080,2024-11-04,1
V-007809,E-DEMO-NM-0080,2024-12-23,1
V-007810,E-DEMO-NM-0080,2025-01-12,1
V-007811,E-DEMO-NM-0080,2025-03-07,1
V-007812,E-DEMO-NM-0080,2025-04-01,1
V-007813,E-DEMO-NM-0080,2025-06-05,1
V-007814,E-DEMO-NM-0080,2025-07-19,1
V-007815,E-DEMO-NM-0081,2024-03-16,1
V-007816,E-DEMO-NM-0081,2024-04-20,1
V-007817,E-DEMO-NM-0081,2024-05-02,1
V-007818,E-DEMO-NM-0081,2024-06-26,1
V-007819,E-DEMO-NM-0081,2024-07-27,1
V-007820,E-DEMO-NM-0081,2024-10-30,1
V-007821,E-DEMO-NM-0081,2024-11-26,1
V-007822,E-DEMO-NM-0081,2024-12-19,1
V-007823,E-DEMO-NM-0081,2025-02-06,1
V-007824,E-DEMO-NM-0081,2025-05-28,1
V-007825,E-DEMO-NM-0081,2025-06-15,1
V-007826,E-DEMO-NM-0081,2025-07-27,1
V-007827,E-DEMO-NM-0081,2025-08-24,1
V-007828,E-DEMO-NM-0081,2025-10-21,1
V-007829,E-DEMO-NM-0081,2025-11-24,1
V-007830,E-DEMO-NM-0081,2025-12-14,1
V-007831,E-DEMO-NM-0082,2023-02-23,1
V-007832,E-DEMO-NM-0082,2023-04-20,1
V-007833,E-DEMO-NM-0082,2023-05-07,1
V-007834,E-DEMO-NM-0082,2023-06-27,1
V-007835,E-DEMO-NM-0082,2023-07-15,1
V-007836,E-DEMO-NM-0082,2023-08-31,1
V-007837,E-DEMO-NM-0082,2023-09-03,1
V-007838,E-DEMO-NM-0082,2023-10-20,1
V-007839,E-DEMO-NM-0082,2023-11-01,1
V-007840,E-DEMO-NM-0082,2023-12-08,1
V-007841,E-DEMO-NM-0082,2024-01-16,1
V-007842,E-DEMO-NM-0082,2024-02-19,1
V-007843,E-DEMO-NM-0082,2024-03-03,1
V-007844,E-DEMO-NM-0082,2024-04-24,1
V-007845,E-DEMO-NM-0082,2024-05-29,1
V-007846,E-DEMO-NM-0082,2024-06-28,1
V-007847,E-DEMO-NM-0082,2024-07-31,1
V-007848,E-DEMO-NM-0082,2024-09-25,1
V-007849,E-DEMO-NM-0083,2023-04-17,1
V-007850,E-DEMO-NM-0083,2023-06-23,1
V-007851,E-DEMO-NM-0083,2023-07-29,1
V-007852,E-DEMO-NM-0083,2023-08-24,1
V-007853,E-DEMO-NM-0083,2023-09-20,1
V-007854,E-DEMO-NM-0083,2024-01-06,1
V-007855,E-DEMO-NM-0084,2025-07-30,1
V-007856,E-DEMO-NM-0084,2025-08-06,1
V-007857,E-DEMO-NM-0084,2025-09-12,1
V-007858,E-DEMO-NM-0084,2025-10-04,1
V-007859,E-DEMO-NM-0084,2025-11-01,1
V-007860,E-DEMO-NM-0084,2025-12-28,1
V-007861,E-DEMO-NM-0085,2023-06-30,1
V-007862,E-DEMO-NM-0085,2023-10-21,1
V-007863,E-DEMO-NM-0085,2023-11-29,1
V-007864,E-DEMO-NM-0085,2023-12-28,1
V-007865,E-DEMO-NM-0085,2024-01-03,1
V-007866,E-DEMO-NM-0085,2024-02-08,1
V-007867,E-DEMO-NM-0085,2024-03-07,1
V-007868,E-DEMO-NM-0085,2024-04-03,1
V-007869,E-DEMO-NM-0085,2024-05-08,1
V-007870,E-DEMO-NM-0085,2024-06-29,1
V-007871,E-DEMO-NM-0085,2024-07-27,1
V-007872,E-DEMO-NM-0085,2024-08-18,1
V-007873,E-DEMO-NM-0085,2024-10-14,1
V-007874,E-DEMO-NM-0085,2024-11-11,1
V-007875,E-DEMO-NM-0085,2024-12-23,1
V-007876,E-DEMO-NM-0085,2025-01-06,1
V-007877,E-DEMO-NM-0085,2025-02-12,1
V-007878,E-DEMO-NM-0085,2025-04-25,1
V-007879,E-DEMO-NM-0085,2025-06-24,1
V-007880,E-DEMO-NM-0085,2025-07-20,1
V-007881,E-DEMO-NM-0086,2023-03-15,1
V-007882,E-DEMO-NM-0086,2023-04-28,1
V-007883,E-DEMO-NM-0086,2023-05-27,1
V-007884,E-DEMO-NM-0086,2023-06-29,1
V-007885,E-DEMO-NM-0086,2023-08-21,1
V-007886,E-DEMO-NM-0086,2023-09-24,1
V-007887,E-DEMO-NM-0086,2023-10-13,1
V-007888,E-DEMO-NM-0086,2023-11-01,1
V-007889,E-DEMO-NM-0086,2023-12-11,1
V-007890,E-DEMO-NM-0086,2024-02-11,1
V-007891,E-DEMO-NM-0086,2024-03-01,1
V-007892,E-DEMO-NM-0086,2024-04-23,1
V-007893,E-DEMO-NM-0086,2024-06-22,1
V-007894,E-DEMO-NM-0086,2024-07-06,1
V-007895,E-DEMO-NM-0086,2024-08-30,1
V-007896,E-DEMO-NM-0087,2024-10-16,1
V-007897,E-DEMO-NM-0087,2024-11-25,1
V-007898,E-DEMO-NM-0087,2025-01-30,1
V-007899,E-DEMO-NM-0087,2025-02-06,1
V-007900,E-DEMO-NM-0087,2025-03-01,1
V-007901,E-DEMO-NM-0087,2025-04-19,1
V-007902,E-DEMO-NM-0087,2025-09-28,1
V-007903,E-DEMO-NM-0087,2025-11-14,1
V-007904,E-DEMO-NM-0087,2025-12-30,1
V-007905,E-DEMO-NM-0088,2023-03-11,1
V-007906,E-DEMO-NM-0088,2023-04-01,1
V-007907,E-DEMO-NM-0088,2023-05-30,1
V-007908,E-DEMO-NM-0088,2023-06-16,1
V-007909,E-DEMO-NM-0088,2023-07-08,1
V-007910,E-DEMO-NM-0088,2023-08-04,1
V-007911,E-DEMO-NM-0088,2023-11-26,1
V-007912,E-DEMO-NM-0088,2023-12-28,1
V-007913,E-DEMO-NM-0088,2024-01-03,1
V-007914,E-DEMO-NM-0088,2024-02-03,1
V-007915,E-DEMO-NM-0088,2024-04-11,1
V-007916,E-DEMO-NM-0088,2024-06-26,1
V-007917,E-DEMO-NM-0088,2024-07-09,1
V-007918,E-DEMO-NM-0088,2024-08-14,1
V-007919,E-DEMO-NM-0088,2024-11-08,1
V-007920,E-DEMO-NM-0088,2024-12-06,1
V-007921,E-DEMO-NM-0089,2023-03-08,1
V-007922,E-DEMO-NM-0089,2023-04-23,1
V-007923,E-DEMO-NM-0089,2023-05-06,1
V-007924,E-DEMO-NM-0089,2023-06-06,1
V-007925,E-DEMO-NM-0089,2023-08-01,1
V-007926,E-DEMO-NM-0089,2023-10-10,1
V-007927,E-DEMO-NM-0089,2023-11-23,1
V-007928,E-DEMO-NM-0089,2024-03-31,1
V-007929,E-DEMO-NM-0089,2024-05-11,1
V-007930,E-DEMO-NM-0089,2024-06-17,1
V-007931,E-DEMO-NM-0089,2024-09-16,1
V-007932,E-DEMO-NM-0089,2024-11-19,1
V-007933,E-DEMO-NM-0089,2024-12-13,1
V-007934,E-DEMO-NM-0089,2025-01-30,1
V-007935,E-DEMO-NM-0089,2025-03-16,1
V-007936,E-DEMO-NM-0090,2025-06-25,1
V-007937,E-DEMO-NM-0090,2025-07-22,1
V-007938,E-DEMO-NM-0090,2025-08-20,1
V-007939,E-DEMO-NM-0090,2025-11-08,1
V-007940,E-DEMO-NM-0090,2025-12-15,1
V-007941,E-DEMO-NM-0091,2023-02-23,1
V-007942,E-DEMO-NM-0091,2023-05-28,1
V-007943,E-DEMO-NM-0091,2023-06-13,1
V-007944,E-DEMO-NM-0091,2023-07-24,1
V-007945,E-DEMO-NM-0091,2023-09-30,1
V-007946,E-DEMO-NM-0091,2023-10-17,1
V-007947,E-DEMO-NM-0091,2023-11-16,1
V-007948,E-DEMO-NM-0091,2023-12-28,1
V-007949,E-DEMO-NM-0091,2024-01-06,1
V-007950,E-DEMO-NM-0091,2024-02-18,1
V-007951,E-DEMO-NM-0091,2024-04-27,1
V-007952,E-DEMO-NM-0091,2024-07-29,1
V-007953,E-DEMO-NM-0091,2024-09-25,1
V-007954,E-DEMO-NM-0091,2024-10-25,1
V-007955,E-DEMO-NM-0092,2024-02-22,1
V-007956,E-DEMO-NM-0092,2024-05-08,1
V-007957,E-DEMO-NM-0092,2024-06-05,1
V-007958,E-DEMO-NM-0093,2025-06-27,1
V-007959,E-DEMO-NM-0093,2025-07-07,1
V-007960,E-DEMO-NM-0093,2025-08-11,1
V-007961,E-DEMO-NM-0093,2025-09-08,1
V-007962,E-DEMO-NM-0093,2025-10-01,1
V-007963,E-DEMO-NM-0093,2025-11-22,1
V-007964,E-DEMO-NM-0094,2023-11-03,1
V-007965,E-DEMO-NM-0094,2023-12-06,1
V-007966,E-DEMO-NM-0094,2024-01-08,1
V-007967,E-DEMO-NM-0094,2024-02-15,1
V-007968,E-DEMO-NM-0094,2024-03-20,1
V-007969,E-DEMO-NM-0094,2024-04-12,1
V-007970,E-DEMO-NM-0094,2024-05-09,1
V-007971,E-DEMO-NM-0094,2024-07-12,1
V-007972,E-DEMO-NM-0094,2024-09-06,1
V-007973,E-DEMO-NM-0094,2024-11-07,1
V-007974,E-DEMO-NM-0094,2024-12-02,1
V-007975,E-DEMO-NM-0094,2025-02-22,1
V-007976,E-DEMO-NM-0094,2025-03-08,1
V-007977,E-DEMO-NM-0094,2025-04-03,1
V-007978,E-DEMO-NM-0094,2025-05-18,1
V-007979,E-DEMO-NM-0094,2025-06-17,1
V-007980,E-DEMO-NM-0094,2025-07-18,1
V-007981,E-DEMO-NM-0094,2025-09-03,1
V-007982,E-DEMO-NM-0094,2025-10-10,1
V-007983,E-DEMO-NM-0094,2025-11-05,1
V-007984,E-DEMO-NM-0094,2025-12-08,1
V-007985,E-DEMO-NM-0095,2025-01-04,1
V-007986,E-DEMO-NM-0095,2025-02-11,1
V-007987,E-DEMO-NM-0095,2025-04-09,1
V-007988,E-DEMO-NM-0095,2025-05-18,1
V-007989,E-DEMO-NM-0096,2025-05-30,1
V-007990,E-DEMO-NM-0096,2025-06-25,1
V-007991,E-DEMO-NM-0096,2025-07-06,1
V-007992,E-DEMO-NM-0096,2025-08-28,1
V-007993,E-DEMO-NM-0096,2025-09-09,1
V-007994,E-DEMO-NM-0096,2025-10-06,1
V-007995,E-DEMO-NM-0096,2025-11-21,1
V-007996,E-DEMO-NM-0096,2025-12-01,1
V-007997,E-DEMO-NM-0097,2025-06-15,1
V-007998,E-DEMO-NM-0097,2025-07-01,1
V-007999,E-DEMO-NM-0098,2023-04-24,1
V-008000,E-DEMO-NM-0098,2023-05-13,1
V-008001,E-DEMO-NM-0098,2023-06-14,1
V-008002,E-DEMO-NM-0098,2023-07-04,1
V-008003,E-DEMO-NM-0098,2023-08-12,1
V-008004,E-DEMO-NM-0098,2023-10-27,1
V-008005,E-DEMO-NM-0098,2023-11-18,1
V-008006,E-DEMO-NM-0098,2023-12-25,1
V-008007,E-DEMO-NM-0098,2024-01-05,1
V-008008,E-DEMO-NM-0098,2024-02-29,1
V-008009,E-DEMO-NM-0098,2024-03-03,1
V-008010,E-DEMO-NM-0098,2024-04-20,1
V-008011,E-DEMO-NM-0099,2023-10-28,1
V-008012,E-DEMO-NM-0099,2023-11-10,1
V-008013,E-DEMO-NM-0099,2023-12-13,1
V-008014,E-DEMO-NM-0099,2024-01-19,1
V-008015,E-DEMO-NM-0099,2024-06-26,1
V-008016,E-DEMO-NM-0099,2024-08-24,1
V-008017,E-DEMO-NM-0099,2024-09-27,1
V-008018,E-DEMO-NM-0099,2024-10-14,1
V-008019,E-DEMO-NM-0099,2024-11-19,1
V-008020,E-DEMO-NM-0099,2024-12-22,1
V-008021,E-DEMO-NM-0099,2025-01-07,1
V-008022,E-DEMO-NM-0100,2025-10-17,1
V-008023,E-DEMO-NM-0100,2025-12-05,1
V-008024,E-DEMO-NM-0101,2023-09-12,1
V-008025,E-DEMO-NM-0101,2023-10-10,1
V-008026,E-DEMO-NM-0101,2023-11-17,1
V-008027,E-DEMO-NM-0101,2023-12-15,1
V-008028,E-DEMO-NM-0101,2024-01-10,1
V-008029,E-DEMO-NM-0101,2024-02-24,1
V-008030,E-DEMO-NM-0101,2024-03-08,1
V-008031,E-DEMO-NM-0101,2024-04-13,1
V-008032,E-DEMO-NM-0101,2024-05-26,1
V-008033,E-DEMO-NM-0101,2024-06-26,1
V-008034,E-DEMO-NM-0101,2024-07-25,1
V-008035,E-DEMO-NM-0101,2024-08-24,1
V-008036,E-DEMO-NM-0101,2024-09-19,1
V-008037,E-DEMO-NM-0101,2024-11-18,1
V-008038,E-DEMO-NM-0101,2024-12-25,1
V-008039,E-DEMO-NM-0101,2025-01-19,1
V-008040,E-DEMO-NM-0102,2025-09-15,1
V-008041,E-DEMO-NM-0102,2025-10-22,1
V-008042,E-DEMO-NM-0102,2025-12-19,1
V-008043,E-DEMO-NM-0103,2023-05-02,1
V-008044,E-DEMO-NM-0104,2024-11-17,1
V-008045,E-DEMO-NM-0104,2024-12-25,1
V-008046,E-DEMO-NM-0104,2025-01-26,1
V-008047,E-DEMO-NM-0104,2025-02-17,1
V-008048,E-DEMO-NM-0104,2025-04-13,1
V-008049,E-DEMO-NM-0104,2025-06-13,1
V-008050,E-DEMO-NM-0104,2025-07-20,1
V-008051,E-DEMO-NM-0104,2025-08-07,1
V-008052,E-DEMO-NM-0104,2025-09-12,1
V-008053,E-DEMO-NM-0104,2025-11-09,1
V-008054,E-DEMO-NM-0104,2025-12-07,1
V-008055,E-DEMO-NM-0105,2025-09-21,1
V-008056,E-DEMO-NM-0105,2025-11-07,1
V-008057,E-DEMO-NM-0105,2025-12-10,1
V-008058,E-DEMO-NM-0106,2023-02-21,1
V-008059,E-DEMO-NM-0106,2023-03-18,1
V-008060,E-DEMO-NM-0106,2023-04-21,1
V-008061,E-DEMO-NM-0106,2023-07-27,1
V-008062,E-DEMO-NM-0106,2023-08-09,1
V-008063,E-DEMO-NM-0106,2023-09-07,1
V-008064,E-DEMO-NM-0107,2024-01-11,1
V-008065,E-DEMO-NM-0107,2024-02-04,1
V-008066,E-DEMO-NM-0107,2024-03-11,1
V-008067,E-DEMO-NM-0107,2024-05-23,1
V-008068,E-DEMO-NM-0108,2025-07-18,1
V-008069,E-DEMO-NM-0108,2025-09-25,1
V-008070,E-DEMO-NM-0108,2025-10-03,1
V-008071,E-DEMO-NM-0108,2025-11-06,1
V-008072,E-DEMO-NM-0108,2025-12-14,1
V-008073,E-DEMO-NM-0109,2025-09-29,1
V-008074,E-DEMO-NM-0109,2025-11-08,1
V-008075,E-DEMO-NM-0109,2025-12-24,1
V-008076,E-DEMO-NM-0110,2024-10-24,1
V-008077,E-DEMO-NM-0110,2024-11-27,1
V-008078,E-DEMO-NM-0111,2025-08-10,1
V-008079,E-DEMO-NM-0111,2025-09-17,1
V-008080,E-DEMO-NM-0111,2025-11-02,1
V-008081,E-DEMO-NM-0111,2025-12-12,1
V-008082,E-DEMO-NM-0112,2025-03-08,1
V-008083,E-DEMO-NM-0112,2025-04-17,1
V-008084,E-DEMO-NM-0112,2025-05-16,1
V-008085,E-DEMO-NM-0112,2025-06-23,1
V-008086,E-DEMO-NM-0112,2025-07-17,1
V-008087,E-DEMO-NM-0112,2025-08-22,1
V-008088,E-DEMO-NM-0112,2025-09-06,1
V-008089,E-DEMO-NM-0113,2023-07-07,1
V-008090,E-DEMO-NM-0113,2023-08-25,1
V-008091,E-DEMO-NM-0113,2023-09-29,1
V-008092,E-DEMO-NM-0113,2023-10-10,1
V-008093,E-DEMO-NM-0113,2023-11-09,1
V-008094,E-DEMO-NM-0113,2023-12-15,1
V-008095,E-DEMO-NM-0113,2024-02-09,1
V-008096,E-DEMO-NM-0113,2024-03-29,1
V-008097,E-DEMO-NM-0113,2024-04-10,1
V-008098,E-DEMO-NM-0113,2024-05-01,1
V-008099,E-DEMO-NM-0113,2024-06-18,1
V-008100,E-DEMO-NM-0113,2024-07-03,1
V-008101,E-DEMO-NM-0113,2024-08-07,1
V-008102,E-DEMO-NM-0113,2024-09-01,1
V-008103,E-DEMO-NM-0113,2024-10-24,1
V-008104,E-DEMO-NM-0113,2024-12-10,1
V-008105,E-DEMO-NM-0113,2025-01-23,1
V-008106,E-DEMO-NM-0113,2025-02-10,1
V-008107,E-DEMO-NM-0113,2025-04-13,1
V-008108,E-DEMO-NM-0113,2025-05-28,1
V-008109,E-DEMO-NM-0113,2025-06-29,1
V-008110,E-DEMO-NM-0113,2025-07-24,1
V-008111,E-DEMO-NM-0114,2023-04-15,1
V-008112,E-DEMO-NM-0114,2023-05-11,1
V-008113,E-DEMO-NM-0115,2025-02-22,1
V-008114,E-DEMO-NM-0115,2025-03-11,1
V-008115,E-DEMO-NM-0115,2025-04-21,1
V-008116,E-DEMO-NM-0115,2025-05-04,1
V-008117,E-DEMO-NM-0115,2025-06-06,1
V-008118,E-DEMO-NM-0115,2025-07-25,1
V-008119,E-DEMO-NM-0115,2025-08-09,1
V-008120,E-DEMO-NM-0115,2025-09-28,1
V-008121,E-DEMO-NM-0115,2025-10-17,1
V-008122,E-DEMO-NM-0115,2025-11-02,1
V-008123,E-DEMO-NM-0116,2023-03-24,1
V-008124,E-DEMO-NM-0116,2023-04-10,1
V-008125,E-DEMO-NM-0116,2023-06-15,1
V-008126,E-DEMO-NM-0116,2023-07-07,1
V-008127,E-DEMO-NM-0116,2023-09-09,1
V-008128,E-DEMO-NM-0116,2023-10-29,1
V-008129,E-DEMO-NM-0116,2023-11-22,1
V-008130,E-DEMO-NM-0116,2024-01-23,1
V-008131,E-DEMO-NM-0116,2024-03-05,1
V-008132,E-DEMO-NM-0117,2025-05-19,1
V-008133,E-DEMO-NM-0117,2025-06-30,1
V-008134,E-DEMO-NM-0117,2025-07-05,1
V-008135,E-DEMO-NM-0117,2025-08-27,1
V-008136,E-DEMO-NM-0117,2025-09-14,1
V-008137,E-DEMO-NM-0117,2025-10-17,1
V-008138,E-DEMO-NM-0117,2025-11-08,1
V-008139,E-DEMO-NM-0117,2025-12-21,1
V-008140,E-DEMO-NM-0118,2023-10-28,1
V-008141,E-DEMO-NM-0118,2024-01-29,1
V-008142,E-DEMO-NM-0119,2025-06-21,1
V-008143,E-DEMO-NM-0119,2025-07-03,1
V-008144,E-DEMO-NM-0119,2025-08-30,1
V-008145,E-DEMO-NM-0119,2025-09-24,1
V-008146,E-DEMO-NM-0119,2025-10-25,1
V-008147,E-DEMO-NM-0119,2025-11-01,1
V-008148,E-DEMO-NM-0119,2025-12-17,1
V-008149,E-DEMO-NM-0120,2023-02-13,1
V-008150,E-DEMO-NM-0120,2023-04-17,1
V-008151,E-DEMO-NM-0120,2023-05-08,1
V-008152,E-DEMO-NM-0121,2024-02-13,1
V-008153,E-DEMO-NM-0121,2024-03-10,1
V-008154,E-DEMO-NM-0121,2024-04-17,1
V-008155,E-DEMO-NM-0121,2024-05-08,1
V-008156,E-DEMO-NM-0121,2024-06-14,1
V-008157,E-DEMO-NM-0121,2024-08-18,1
V-008158,E-DEMO-NM-0121,2024-11-03,1
V-008159,E-DEMO-NM-0121,2024-12-17,1
V-008160,E-DEMO-NM-0121,2025-01-13,1
V-008161,E-DEMO-NM-0121,2025-02-25,1
V-008162,E-DEMO-NM-0121,2025-03-02,1
V-008163,E-DEMO-NM-0121,2025-04-16,1
V-008164,E-DEMO-NM-0121,2025-06-27,1
V-008165,E-DEMO-NM-0121,2025-08-21,1
V-008166,E-DEMO-NM-0121,2025-09-27,1
V-008167,E-DEMO-NM-0121,2025-10-06,1
V-008168,E-DEMO-NM-0121,2025-11-20,1
V-008169,E-DEMO-NM-0121,2025-12-15,1
V-008170,E-DEMO-NM-0122,2025-04-14,1
V-008171,E-DEMO-NM-0122,2025-05-15,1
V-008172,E-DEMO-NM-0123,2023-12-24,1
V-008173,E-DEMO-NM-0123,2024-01-24,1
V-008174,E-DEMO-NM-0123,2024-02-26,1
V-008175,E-DEMO-NM-0123,2024-03-04,1
V-008176,E-DEMO-NM-0123,2024-05-01,1
V-008177,E-DEMO-NM-0123,2024-06-15,1
V-008178,E-DEMO-NM-0123,2024-07-08,1
V-008179,E-DEMO-NM-0123,2024-08-02,1
V-008180,E-DEMO-NM-0123,2024-09-04,1
V-008181,E-DEMO-NM-0124,2024-03-24,1
V-008182,E-DEMO-NM-0124,2024-04-02,1
V-008183,E-DEMO-NM-0124,2024-05-21,1
V-008184,E-DEMO-NM-0124,2024-06-17,1
V-008185,E-DEMO-NM-0124,2024-09-19,1
V-008186,E-DEMO-NM-0124,2024-10-30,1
V-008187,E-DEMO-NM-0124,2024-12-08,1
V-008188,E-DEMO-NM-0124,2025-01-14,1
V-008189,E-DEMO-NM-0124,2025-02-13,1
V-008190,E-DEMO-NM-0124,2025-03-24,1
V-008191,E-DEMO-NM-0124,2025-04-01,1
V-008192,E-DEMO-NM-0124,2025-05-21,1
V-008193,E-DEMO-NM-0124,2025-06-25,1
V-008194,E-DEMO-NM-0124,2025-07-15,1
V-008195,E-DEMO-NM-0124,2025-08-25,1
V-008196,E-DEMO-NM-0124,2025-09-20,1
V-008197,E-DEMO-NM-0124,2025-10-05,1
V-008198,E-DEMO-NM-0124,2025-11-10,1
V-008199,E-DEMO-NM-0124,2025-12-16,1
V-008200,E-DEMO-NM-0125,2024-04-11,1
V-008201,E-DEMO-NM-0125,2024-05-21,1
V-008202,E-DEMO-NM-0125,2024-06-10,1
V-008203,E-DEMO-NM-0125,2024-08-24,1
V-008204,E-DEMO-NM-0125,2024-09-20,1
V-008205,E-DEMO-NM-0125,2024-10-31,1
V-008206,E-DEMO-NM-0125,2024-11-24,1
V-008207,E-DEMO-NM-0125,2025-01-13,1
V-008208,E-DEMO-NM-0125,2025-02-11,1
V-008209,E-DEMO-NM-0125,2025-03-02,1
V-008210,E-DEMO-NM-0125,2025-04-06,1
V-008211,E-DEMO-NM-0126,2024-11-15,1
V-008212,E-DEMO-NM-0126,2024-12-09,1
V-008213,E-DEMO-NM-0126,2025-01-10,1
V-008214,E-DEMO-NM-0126,2025-03-09,1
V-008215,E-DEMO-NM-0126,2025-05-28,1
V-008216,E-DEMO-NM-0127,2023-06-23,1
V-008217,E-DEMO-NM-0127,2023-07-14,1
V-008218,E-DEMO-NM-0127,2023-08-21,1
V-008219,E-DEMO-NM-0127,2023-10-03,1
V-008220,E-DEMO-NM-0127,2023-11-03,1
V-008221,E-DEMO-NM-0127,2024-01-13,1
V-008222,E-DEMO-NM-0127,2024-02-28,1
V-008223,E-DEMO-NM-0127,2024-04-06,1
V-008224,E-DEMO-NM-0128,2025-01-20,1
V-008225,E-DEMO-NM-0128,2025-03-23,1
V-008226,E-DEMO-NM-0128,2025-04-06,1
V-008227,E-DEMO-NM-0128,2025-05-10,1
V-008228,E-DEMO-NM-0128,2025-06-14,1
V-008229,E-DEMO-NM-0128,2025-07-12,1
V-008230,E-DEMO-NM-0128,2025-08-13,1
V-008231,E-DEMO-NM-0128,2025-09-08,1
V-008232,E-DEMO-NM-0128,2025-10-19,1
V-008233,E-DEMO-NM-0128,2025-11-11,1
V-008234,E-DEMO-NM-0128,2025-12-19,1
V-008235,E-DEMO-NM-0129,2025-06-20,1
V-008236,E-DEMO-NM-0129,2025-07-22,1
V-008237,E-DEMO-NM-0129,2025-08-08,1
V-008238,E-DEMO-NM-0129,2025-09-18,1
V-008239,E-DEMO-NM-0129,2025-10-05,1
V-008240,E-DEMO-NM-0130,2023-05-04,1
V-008241,E-DEMO-NM-0131,2023-06-28,1
V-008242,E-DEMO-NM-0131,2023-07-25,1
V-008243,E-DEMO-NM-0131,2023-08-15,1
V-008244,E-DEMO-NM-0131,2023-09-06,1
V-008245,E-DEMO-NM-0132,2024-12-11,1
V-008246,E-DEMO-NM-0132,2025-02-08,1
V-008247,E-DEMO-NM-0132,2025-04-21,1
V-008248,E-DEMO-NM-0132,2025-05-29,1
V-008249,E-DEMO-NM-0132,2025-06-02,1
V-008250,E-DEMO-NM-0132,2025-07-02,1
V-008251,E-DEMO-NM-0132,2025-08-03,1
V-008252,E-DEMO-NM-0132,2025-09-08,1
V-008253,E-DEMO-NM-0133,2024-11-22,1
V-008254,E-DEMO-NM-0133,2025-01-18,1
V-008255,E-DEMO-NM-0133,2025-03-13,1
V-008256,E-DEMO-NM-0133,2025-04-25,1
V-008257,E-DEMO-NM-0133,2025-05-16,1
V-008258,E-DEMO-NM-0133,2025-06-20,1
V-008259,E-DEMO-NM-0133,2025-07-07,1
V-008260,E-DEMO-NM-0133,2025-09-18,1
V-008261,E-DEMO-NM-0133,2025-10-07,1
V-008262,E-DEMO-NM-0133,2025-12-29,1
V-008263,E-DEMO-NM-0134,2023-05-24,1
V-008264,E-DEMO-NM-0134,2023-07-21,1
V-008265,E-DEMO-NM-0134,2023-09-11,1
V-008266,E-DEMO-NM-0134,2023-10-18,1
V-008267,E-DEMO-NM-0134,2023-11-18,1
V-008268,E-DEMO-NM-0134,2023-12-31,1
V-008269,E-DEMO-NM-0134,2024-01-08,1
V-008270,E-DEMO-NM-0134,2024-02-26,1
V-008271,E-DEMO-NM-0134,2024-03-18,1
V-008272,E-DEMO-NM-0134,2024-05-06,1
V-008273,E-DEMO-NM-0134,2024-06-17,1
V-008274,E-DEMO-NM-0134,2024-07-01,1
V-008275,E-DEMO-NM-0134,2024-08-28,1
V-008276,E-DEMO-NM-0134,2024-09-01,1
V-008277,E-DEMO-NM-0135,2023-02-28,1
V-008278,E-DEMO-NM-0135,2023-03-09,1
V-008279,E-DEMO-NM-0135,2023-04-07,1
V-008280,E-DEMO-NM-0135,2023-05-09,1
V-008281,E-DEMO-NM-0135,2023-07-18,1
V-008282,E-DEMO-NM-0135,2023-08-03,1
V-008283,E-DEMO-NM-0135,2023-09-09,1
V-008284,E-DEMO-NM-0135,2023-10-06,1
V-008285,E-DEMO-NM-0136,2025-02-25,1
V-008286,E-DEMO-NM-0136,2025-03-23,1
V-008287,E-DEMO-NM-0136,2025-05-27,1
V-008288,E-DEMO-NM-0136,2025-07-05,1
V-008289,E-DEMO-NM-0136,2025-08-18,1
V-008290,E-DEMO-NM-0136,2025-09-11,1
V-008291,E-DEMO-NM-0136,2025-11-06,1
V-008292,E-DEMO-NM-0137,2023-11-25,1
V-008293,E-DEMO-NM-0137,2023-12-21,1
V-008294,E-DEMO-NM-0137,2024-01-18,1
V-008295,E-DEMO-NM-0137,2024-02-08,1
V-008296,E-DEMO-NM-0137,2024-03-29,1
V-008297,E-DEMO-NM-0137,2024-04-18,1
V-008298,E-DEMO-NM-0137,2024-05-01,1
V-008299,E-DEMO-NM-0137,2024-06-26,1
V-008300,E-DEMO-NM-0137,2024-07-06,1
V-008301,E-DEMO-NM-0137,2024-09-20,1
V-008302,E-DEMO-NM-0138,2024-08-31,1
V-008303,E-DEMO-NM-0138,2024-09-17,1
V-008304,E-DEMO-NM-0138,2024-10-08,1
V-008305,E-DEMO-NM-0138,2024-11-17,1
V-008306,E-DEMO-NM-0138,2024-12-29,1
V-008307,E-DEMO-NM-0138,2025-01-27,1
V-008308,E-DEMO-NM-0138,2025-02-24,1
V-008309,E-DEMO-NM-0138,2025-03-04,1
V-008310,E-DEMO-NM-0138,2025-04-03,1
V-008311,E-DEMO-NM-0138,2025-05-19,1
V-008312,E-DEMO-NM-0138,2025-07-08,1
V-008313,E-DEMO-NM-0138,2025-10-17,1
V-008314,E-DEMO-NM-0138,2025-11-27,1
V-008315,E-DEMO-NM-0138,2025-12-24,1
V-008316,E-DEMO-NM-0139,2024-01-27,1
V-008317,E-DEMO-NM-0139,2024-02-23,1
V-008318,E-DEMO-NM-0139,2024-03-25,1
V-008319,E-DEMO-NM-0139,2024-04-28,1
V-008320,E-DEMO-NM-0139,2024-05-02,1
V-008321,E-DEMO-NM-0139,2024-06-20,1
V-008322,E-DEMO-NM-0139,2024-07-16,1
V-008323,E-DEMO-NM-0139,2024-09-27,1
V-008324,E-DEMO-NM-0139,2024-11-18,1
V-008325,E-DEMO-NM-0139,2024-12-08,1
V-008326,E-DEMO-NM-0139,2025-01-23,1
V-008327,E-DEMO-NM-0139,2025-02-14,1
V-008328,E-DEMO-NM-0139,2025-03-25,1
V-008329,E-DEMO-NM-0139,2025-04-11,1
V-008330,E-DEMO-NM-0139,2025-05-24,1
V-008331,E-DEMO-NM-0139,2025-06-14,1
V-008332,E-DEMO-NM-0139,2025-07-09,1
V-008333,E-DEMO-NM-0139,2025-08-07,1
V-008334,E-DEMO-NM-0139,2025-09-19,1
V-008335,E-DEMO-NM-0140,2024-12-06,1
V-008336,E-DEMO-NM-0140,2025-01-26,1
V-008337,E-DEMO-NM-0140,2025-04-20,1
V-008338,E-DEMO-NM-0140,2025-05-26,1
V-008339,E-DEMO-NM-0140,2025-06-07,1
V-008340,E-DEMO-NM-0140,2025-07-31,1
V-008341,E-DEMO-NM-0141,2023-08-18,1
V-008342,E-DEMO-NM-0141,2023-09-28,1
V-008343,E-DEMO-NM-0141,2023-10-23,1
V-008344,E-DEMO-NM-0141,2023-11-15,1
V-008345,E-DEMO-NM-0141,2023-12-02,1
V-008346,E-DEMO-NM-0141,2024-01-20,1
V-008347,E-DEMO-NM-0141,2024-02-29,1
V-008348,E-DEMO-NM-0141,2024-03-19,1
V-008349,E-DEMO-NM-0141,2024-05-10,1
V-008350,E-DEMO-NM-0141,2024-06-19,1
V-008351,E-DEMO-NM-0141,2024-07-17,1
V-008352,E-DEMO-NM-0141,2024-09-13,1
V-008353,E-DEMO-NM-0141,2024-10-15,1
V-008354,E-DEMO-NM-0141,2024-11-01,1
V-008355,E-DEMO-NM-0141,2024-12-14,1
V-008356,E-DEMO-NM-0141,2025-01-18,1
V-008357,E-DEMO-NM-0141,2025-02-13,1
V-008358,E-DEMO-NM-0141,2025-03-15,1
V-008359,E-DEMO-NM-0142,2023-01-23,1
V-008360,E-DEMO-NM-0142,2023-02-20,1
V-008361,E-DEMO-NM-0142,2023-03-15,1
V-008362,E-DEMO-NM-0142,2023-04-25,1
V-008363,E-DEMO-NM-0142,2023-05-04,1
V-008364,E-DEMO-NM-0142,2023-06-28,1
V-008365,E-DEMO-NM-0142,2023-07-30,1
V-008366,E-DEMO-NM-0142,2023-08-03,1
V-008367,E-DEMO-NM-0142,2023-11-05,1
V-008368,E-DEMO-NM-0142,2023-12-25,1
V-008369,E-DEMO-NM-0142,2024-01-08,1
V-008370,E-DEMO-NM-0142,2024-02-10,1
V-008371,E-DEMO-NM-0142,2024-04-02,1
V-008372,E-DEMO-NM-0142,2024-05-12,1
V-008373,E-DEMO-NM-0142,2024-06-10,1
V-008374,E-DEMO-NM-0142,2024-07-07,1
V-008375,E-DEMO-NM-0142,2024-08-30,1
V-008376,E-DEMO-NM-0142,2024-09-09,1
V-008377,E-DEMO-NM-0142,2024-10-10,1
V-008378,E-DEMO-NM-0143,2023-06-27,1
V-008379,E-DEMO-NM-0143,2023-07-03,1
V-008380,E-DEMO-NM-0143,2023-09-21,1
V-008381,E-DEMO-NM-0143,2023-11-12,1
V-008382,E-DEMO-NM-0143,2024-01-02,1
V-008383,E-DEMO-NM-0143,2024-02-02,1
V-008384,E-DEMO-NM-0143,2024-03-27,1
V-008385,E-DEMO-NM-0143,2024-04-22,1
V-008386,E-DEMO-NM-0143,2024-05-14,1
V-008387,E-DEMO-NM-0143,2024-06-24,1
V-008388,E-DEMO-NM-0143,2024-07-14,1
V-008389,E-DEMO-NM-0143,2024-08-12,1
V-008390,E-DEMO-NM-0143,2024-09-01,1
V-008391,E-DEMO-NM-0143,2024-10-21,1
V-008392,E-DEMO-NM-0143,2024-11-07,1
V-008393,E-DEMO-NM-0143,2024-12-22,1
V-008394,E-DEMO-NM-0143,2025-01-14,1
V-008395,E-DEMO-NM-0143,2025-02-13,1
V-008396,E-DEMO-NM-0143,2025-03-21,1
V-008397,E-DEMO-NM-0143,2025-04-26,1
V-008398,E-DEMO-NM-0143,2025-06-22,1
V-008399,E-DEMO-NM-0144,2023-03-12,1
V-008400,E-DEMO-NM-0144,2023-04-03,1
V-008401,E-DEMO-NM-0144,2023-05-10,1
V-008402,E-DEMO-NM-0144,2023-06-28,1
V-008403,E-DEMO-NM-0144,2023-08-06,1
V-008404,E-DEMO-NM-0144,2023-10-24,1
V-008405,E-DEMO-NM-0144,2023-12-06,1
V-008406,E-DEMO-NM-0144,2024-01-05,1
V-008407,E-DEMO-NM-0144,2024-02-25,1
V-008408,E-DEMO-NM-0145,2023-06-13,1
V-008409,E-DEMO-NM-0145,2023-07-15,1
V-008410,E-DEMO-NM-0145,2023-08-19,1
V-008411,E-DEMO-NM-0145,2023-09-11,1
V-008412,E-DEMO-NM-0145,2023-11-24,1
V-008413,E-DEMO-NM-0145,2023-12-26,1
V-008414,E-DEMO-NM-0145,2024-01-26,1
V-008415,E-DEMO-NM-0145,2024-02-08,1
V-008416,E-DEMO-NM-0145,2024-03-13,1
V-008417,E-DEMO-NM-0145,2024-05-06,1
V-008418,E-DEMO-NM-0145,2024-06-01,1
V-008419,E-DEMO-NM-0145,2024-07-23,1
V-008420,E-DEMO-NM-0145,2024-08-26,1
V-008421,E-DEMO-NM-0145,2024-11-27,1
V-008422,E-DEMO-NM-0145,2025-01-16,1
V-008423,E-DEMO-NM-0145,2025-02-06,1
V-008424,E-DEMO-NM-0145,2025-03-07,1
V-008425,E-DEMO-NM-0146,2024-08-20,1
V-008426,E-DEMO-NM-0146,2024-09-20,1
V-008427,E-DEMO-NM-0146,2024-10-03,1
V-008428,E-DEMO-NM-0146,2024-11-13,1
V-008429,E-DEMO-NM-0146,2024-12-23,1
V-008430,E-DEMO-NM-0147,2023-08-03,1
V-008431,E-DEMO-NM-0147,2023-09-04,1
V-008432,E-DEMO-NM-0147,2023-10-20,1
V-008433,E-DEMO-NM-0147,2023-12-02,1
V-008434,E-DEMO-NM-0147,2024-01-15,1
V-008435,E-DEMO-NM-0147,2024-02-01,1
V-008436,E-DEMO-NM-0147,2024-04-16,1
V-008437,E-DEMO-NM-0147,2024-06-21,1
V-008438,E-DEMO-NM-0147,2024-07-22,1
V-008439,E-DEMO-NM-0147,2024-08-23,1
V-008440,E-DEMO-NM-0147,2024-10-19,1
V-008441,E-DEMO-NM-0147,2024-11-25,1
V-008442,E-DEMO-NM-0147,2024-12-26,1
V-008443,E-DEMO-NM-0147,2025-01-25,1
V-008444,E-DEMO-NM-0147,2025-02-20,1
V-008445,E-DEMO-NM-0147,2025-03-02,1
V-008446,E-DEMO-NM-0147,2025-06-30,1
V-008447,E-DEMO-NM-0147,2025-08-29,1
V-008448,E-DEMO-NM-0147,2025-09-05,1
V-008449,E-DEMO-NM-0148,2024-01-24,1
V-008450,E-DEMO-NM-0148,2024-02-12,1
V-008451,E-DEMO-NM-0148,2024-03-21,1
V-008452,E-DEMO-NM-0148,2024-06-21,1
V-008453,E-DEMO-NM-0148,2024-08-14,1
V-008454,E-DEMO-NM-0148,2024-09-07,1
V-008455,E-DEMO-NM-0148,2024-10-20,1
V-008456,E-DEMO-NM-0148,2024-11-03,1
V-008457,E-DEMO-NM-0148,2025-01-03,1
V-008458,E-DEMO-NM-0149,2023-06-30,1
V-008459,E-DEMO-NM-0149,2023-07-19,1
V-008460,E-DEMO-NM-0149,2023-08-17,1
V-008461,E-DEMO-NM-0149,2023-09-16,1
V-008462,E-DEMO-NM-0149,2023-10-05,1
V-008463,E-DEMO-NM-0149,2023-11-03,1
V-008464,E-DEMO-NM-0149,2024-01-04,1
V-008465,E-DEMO-NM-0149,2024-03-18,1
V-008466,E-DEMO-NM-0149,2024-04-20,1
V-008467,E-DEMO-NM-0149,2024-05-02,1
V-008468,E-DEMO-NM-0150,2023-03-13,1
V-008469,E-DEMO-NM-0150,2023-04-10,1
V-008470,E-DEMO-NM-0150,2023-05-28,1
V-008471,E-DEMO-NM-0150,2023-06-15,1
V-008472,E-DEMO-NM-0150,2023-07-05,1
V-008473,E-DEMO-NM-0150,2023-08-17,1
V-008474,E-DEMO-NM-0150,2023-09-28,1
V-008475,E-DEMO-NM-0150,2023-10-29,1
V-008476,E-DEMO-NM-0150,2023-11-17,1
V-008477,E-DEMO-NM-0150,2023-12-24,1
V-008478,E-DEMO-NM-0150,2024-01-13,1
V-008479,E-DEMO-NM-0150,2024-02-28,1
V-008480,E-DEMO-NM-0151,2024-06-15,1
V-008481,E-DEMO-NM-0151,2024-07-11,1
V-008482,E-DEMO-NM-0151,2024-08-25,1
V-008483,E-DEMO-NM-0151,2024-09-01,1
V-008484,E-DEMO-NM-0151,2024-11-20,1
V-008485,E-DEMO-NM-0151,2024-12-17,1
V-008486,E-DEMO-NM-0151,2025-01-06,1
V-008487,E-DEMO-NM-0151,2025-03-16,1
V-008488,E-DEMO-NM-0151,2025-07-19,1
V-008489,E-DEMO-NM-0151,2025-08-31,1
V-008490,E-DEMO-NM-0151,2025-09-09,1
V-008491,E-DEMO-NM-0151,2025-10-28,1
V-008492,E-DEMO-NM-0151,2025-11-24,1
V-008493,E-DEMO-NM-0151,2025-12-31,1
V-008494,E-DEMO-NM-0152,2023-04-29,1
V-008495,E-DEMO-NM-0152,2023-07-18,1
V-008496,E-DEMO-NM-0152,2023-08-08,1
V-008497,E-DEMO-NM-0152,2023-09-22,1
V-008498,E-DEMO-NM-0152,2023-11-28,1
V-008499,E-DEMO-NM-0152,2023-12-10,1
V-008500,E-DEMO-NM-0152,2024-01-08,1
V-008501,E-DEMO-NM-0153,2024-02-11,1
V-008502,E-DEMO-NM-0153,2024-04-16,1
V-008503,E-DEMO-NM-0153,2024-05-10,1
V-008504,E-DEMO-NM-0153,2024-06-11,1
V-008505,E-DEMO-NM-0153,2024-08-19,1
V-008506,E-DEMO-NM-0153,2024-09-26,1
V-008507,E-DEMO-NM-0153,2024-12-27,1
V-008508,E-DEMO-NM-0153,2025-01-16,1
V-008509,E-DEMO-NM-0153,2025-02-22,1
V-008510,E-DEMO-NM-0153,2025-03-09,1
V-008511,E-DEMO-NM-0154,2024-12-21,1
V-008512,E-DEMO-NM-0154,2025-01-25,1
V-008513,E-DEMO-NM-0154,2025-03-31,1
V-008514,E-DEMO-NM-0155,2025-11-09,1
V-008515,E-DEMO-NM-0156,2024-11-18,1
V-008516,E-DEMO-NM-0156,2024-12-06,1
V-008517,E-DEMO-NM-0156,2025-05-22,1
V-008518,E-DEMO-NM-0156,2025-06-21,1
V-008519,E-DEMO-NM-0156,2025-08-18,1
V-008520,E-DEMO-NM-0156,2025-09-15,1
V-008521,E-DEMO-NM-0156,2025-11-14,1
V-008522,E-DEMO-NM-0156,2025-12-25,1
V-008523,E-DEMO-NM-0157,2024-11-12,1
V-008524,E-DEMO-NM-0157,2024-12-20,1
V-008525,E-DEMO-NM-0157,2025-01-20,1
V-008526,E-DEMO-NM-0157,2025-02-11,1
V-008527,E-DEMO-NM-0157,2025-05-23,1
V-008528,E-DEMO-NM-0157,2025-06-02,1
V-008529,E-DEMO-NM-0157,2025-07-29,1
V-008530,E-DEMO-NM-0157,2025-08-05,1
V-008531,E-DEMO-NM-0157,2025-09-06,1
V-008532,E-DEMO-NM-0158,2024-07-15,1
V-008533,E-DEMO-NM-0158,2024-08-24,1
V-008534,E-DEMO-NM-0158,2024-09-06,1
V-008535,E-DEMO-NM-0158,2024-10-03,1
V-008536,E-DEMO-NM-0158,2024-11-08,1
V-008537,E-DEMO-NM-0158,2025-01-20,1
V-008538,E-DEMO-NM-0158,2025-02-16,1
V-008539,E-DEMO-NM-0158,2025-06-29,1
V-008540,E-DEMO-NM-0158,2025-07-04,1
V-008541,E-DEMO-NM-0158,2025-08-14,1
V-008542,E-DEMO-NM-0158,2025-10-22,1
V-008543,E-DEMO-NM-0158,2025-11-26,1
V-008544,E-DEMO-NM-0158,2025-12-13,1
V-008545,E-DEMO-NM-0159,2023-11-08,1
V-008546,E-DEMO-NM-0159,2023-12-07,1
V-008547,E-DEMO-NM-0159,2024-01-17,1
V-008548,E-DEMO-NM-0159,2024-02-16,1
V-008549,E-DEMO-NM-0159,2024-03-11,1
V-008550,E-DEMO-NM-0159,2024-04-06,1
V-008551,E-DEMO-NM-0159,2024-05-04,1
V-008552,E-DEMO-NM-0159,2024-06-22,1
V-008553,E-DEMO-NM-0159,2024-07-07,1
V-008554,E-DEMO-NM-0159,2024-08-05,1
V-008555,E-DEMO-NM-0159,2024-10-17,1
V-008556,E-DEMO-NM-0159,2024-11-21,1
V-008557,E-DEMO-NM-0159,2025-01-29,1
V-008558,E-DEMO-NM-0159,2025-02-07,1
V-008559,E-DEMO-NM-0160,2023-04-20,1
V-008560,E-DEMO-NM-0160,2023-10-29,1
V-008561,E-DEMO-NM-0160,2023-11-19,1
V-008562,E-DEMO-NM-0160,2023-12-17,1
V-008563,E-DEMO-NM-0160,2024-01-21,1
V-008564,E-DEMO-NM-0161,2025-05-15,1
V-008565,E-DEMO-NM-0161,2025-06-23,1
V-008566,E-DEMO-NM-0161,2025-07-07,1
V-008567,E-DEMO-NM-0161,2025-08-09,1
V-008568,E-DEMO-NM-0161,2025-09-14,1
V-008569,E-DEMO-NM-0161,2025-10-01,1
V-008570,E-DEMO-NM-0161,2025-11-06,1
V-008571,E-DEMO-NM-0161,2025-12-16,1
V-008572,E-DEMO-NM-0162,2024-08-11,1
V-008573,E-DEMO-NM-0162,2024-10-09,1
V-008574,E-DEMO-NM-0162,2024-12-29,1
V-008575,E-DEMO-NM-0162,2025-01-05,1
V-008576,E-DEMO-NM-0162,2025-02-05,1
V-008577,E-DEMO-NM-0162,2025-03-31,1
V-008578,E-DEMO-NM-0162,2025-04-29,1
V-008579,E-DEMO-NM-0162,2025-05-22,1
V-008580,E-DEMO-NM-0162,2025-06-09,1
V-008581,E-DEMO-NM-0162,2025-07-08,1
V-008582,E-DEMO-NM-0162,2025-08-05,1
V-008583,E-DEMO-NM-0162,2025-09-12,1
V-008584,E-DEMO-NM-0162,2025-10-03,1
V-008585,E-DEMO-NM-0162,2025-11-25,1
V-008586,E-DEMO-NM-0162,2025-12-29,1
V-008587,E-DEMO-NM-0163,2023-07-14,1
V-008588,E-DEMO-NM-0163,2023-08-08,1
V-008589,E-DEMO-NM-0163,2023-09-09,1
V-008590,E-DEMO-NM-0163,2023-10-17,1
V-008591,E-DEMO-NM-0164,2023-05-03,1
V-008592,E-DEMO-NM-0164,2023-08-26,1
V-008593,E-DEMO-NM-0164,2023-09-14,1
V-008594,E-DEMO-NM-0164,2023-10-27,1
V-008595,E-DEMO-NM-0164,2023-12-07,1
V-008596,E-DEMO-NM-0164,2024-01-26,1
V-008597,E-DEMO-NM-0164,2024-02-16,1
V-008598,E-DEMO-NM-0164,2024-03-18,1
V-008599,E-DEMO-NM-0164,2024-04-21,1
V-008600,E-DEMO-NM-0164,2024-05-02,1
V-008601,E-DEMO-NM-0165,2023-11-06,1
V-008602,E-DEMO-NM-0165,2023-12-12,1
V-008603,E-DEMO-NM-0165,2024-01-31,1
V-008604,E-DEMO-NM-0165,2024-02-17,1
V-008605,E-DEMO-NM-0165,2024-03-25,1
V-008606,E-DEMO-NM-0165,2024-07-17,1
V-008607,E-DEMO-NM-0165,2024-09-28,1
V-008608,E-DEMO-NM-0165,2024-11-01,1
V-008609,E-DEMO-NM-0165,2024-12-01,1
V-008610,E-DEMO-NM-0165,2025-01-04,1
V-008611,E-DEMO-NM-0166,2023-03-29,1
V-008612,E-DEMO-NM-0166,2023-06-15,1
V-008613,E-DEMO-NM-0166,2023-07-16,1
V-008614,E-DEMO-NM-0166,2023-08-12,1
V-008615,E-DEMO-NM-0166,2023-09-14,1
V-008616,E-DEMO-NM-0166,2023-10-28,1
V-008617,E-DEMO-NM-0166,2023-11-30,1
V-008618,E-DEMO-NM-0166,2024-02-04,1
V-008619,E-DEMO-NM-0166,2024-03-08,1
V-008620,E-DEMO-NM-0166,2024-05-17,1
V-008621,E-DEMO-NM-0166,2024-07-22,1
V-008622,E-DEMO-NM-0166,2024-08-24,1
V-008623,E-DEMO-NM-0166,2024-09-01,1
V-008624,E-DEMO-NM-0167,2023-04-29,1
V-008625,E-DEMO-NM-0167,2023-06-14,1
V-008626,E-DEMO-NM-0167,2023-07-13,1
V-008627,E-DEMO-NM-0167,2023-08-12,1
V-008628,E-DEMO-NM-0167,2023-09-28,1
V-008629,E-DEMO-NM-0167,2023-11-15,1
V-008630,E-DEMO-NM-0167,2023-12-13,1
V-008631,E-DEMO-NM-0167,2024-01-26,1
V-008632,E-DEMO-NM-0167,2024-02-24,1
V-008633,E-DEMO-NM-0167,2024-04-10,1
V-008634,E-DEMO-NM-0168,2024-06-15,1
V-008635,E-DEMO-NM-0168,2024-07-01,1
V-008636,E-DEMO-NM-0168,2024-09-01,1
V-008637,E-DEMO-NM-0168,2024-10-23,1
V-008638,E-DEMO-NM-0168,2024-11-17,1
V-008639,E-DEMO-NM-0168,2025-02-26,1
V-008640,E-DEMO-NM-0168,2025-04-01,1
V-008641,E-DEMO-NM-0168,2025-08-27,1
V-008642,E-DEMO-NM-0168,2025-09-26,1
V-008643,E-DEMO-NM-0168,2025-11-01,1
V-008644,E-DEMO-NM-0168,2025-12-23,1
V-008645,E-DEMO-NM-0169,2025-11-30,1
V-008646,E-DEMO-NM-0169,2025-12-27,1
V-008647,E-DEMO-NM-0170,2024-08-02,1
V-008648,E-DEMO-NM-0170,2024-09-21,1
V-008649,E-DEMO-NM-0170,2024-10-21,1
V-008650,E-DEMO-NM-0170,2024-11-20,1
V-008651,E-DEMO-NM-0170,2025-01-20,1
V-008652,E-DEMO-NM-0170,2025-02-06,1
V-008653,E-DEMO-NM-0170,2025-03-09,1
V-008654,E-DEMO-NM-0170,2025-04-27,1
V-008655,E-DEMO-NM-0170,2025-05-27,1
V-008656,E-DEMO-NM-0170,2025-06-26,1
V-008657,E-DEMO-NM-0170,2025-07-05,1
V-008658,E-DEMO-NM-0170,2025-08-19,1
V-008659,E-DEMO-NM-0170,2025-09-30,1
V-008660,E-DEMO-NM-0170,2025-10-10,1
V-008661,E-DEMO-NM-0171,2025-08-20,1
V-008662,E-DEMO-NM-0171,2025-10-03,1
V-008663,E-DEMO-NM-0171,2025-12-31,1
V-008664,E-DEMO-NM-0172,2025-03-20,1
V-008665,E-DEMO-NM-0172,2025-05-06,1
V-008666,E-DEMO-NM-0172,2025-07-21,1
V-008667,E-DEMO-NM-0172,2025-08-13,1
V-008668,E-DEMO-NM-0173,2023-04-11,1
V-008669,E-DEMO-NM-0174,2025-06-16,1
V-008670,E-DEMO-NM-0174,2025-08-06,1
V-008671,E-DEMO-NM-0174,2025-09-30,1
V-008672,E-DEMO-NM-0174,2025-10-13,1
V-008673,E-DEMO-NM-0174,2025-11-14,1
V-008674,E-DEMO-NM-0175,2023-03-12,1
V-008675,E-DEMO-NM-0175,2023-04-22,1
V-008676,E-DEMO-NM-0175,2023-05-26,1
V-008677,E-DEMO-NM-0175,2023-06-10,1
V-008678,E-DEMO-NM-0175,2023-07-15,1
V-008679,E-DEMO-NM-0175,2023-08-06,1
V-008680,E-DEMO-NM-0175,2023-09-14,1
V-008681,E-DEMO-NM-0175,2023-10-31,1
V-008682,E-DEMO-NM-0175,2024-01-13,1
V-008683,E-DEMO-NM-0175,2024-03-18,1
V-008684,E-DEMO-NM-0175,2024-04-19,1
V-008685,E-DEMO-NM-0175,2024-05-07,1
V-008686,E-DEMO-NM-0175,2024-08-03,1
V-008687,E-DEMO-NM-0176,2025-04-17,1
V-008688,E-DEMO-NM-0176,2025-05-23,1
V-008689,E-DEMO-NM-0176,2025-06-21,1
V-008690,E-DEMO-NM-0176,2025-07-03,1
V-008691,E-DEMO-NM-0176,2025-08-07,1
V-008692,E-DEMO-NM-0177,2023-09-06,1
V-008693,E-DEMO-NM-0177,2023-11-27,1
V-008694,E-DEMO-NM-0177,2023-12-12,1
V-008695,E-DEMO-NM-0177,2024-01-30,1
V-008696,E-DEMO-NM-0177,2024-02-15,1
V-008697,E-DEMO-NM-0177,2024-03-28,1
V-008698,E-DEMO-NM-0177,2024-04-24,1
V-008699,E-DEMO-NM-0177,2024-05-23,1
V-008700,E-DEMO-NM-0177,2024-07-22,1
V-008701,E-DEMO-NM-0177,2024-08-01,1
V-008702,E-DEMO-NM-0177,2024-09-20,1
V-008703,E-DEMO-NM-0177,2024-10-03,1
V-008704,E-DEMO-NM-0177,2025-01-24,1
V-008705,E-DEMO-NM-0177,2025-04-29,1
V-008706,E-DEMO-NM-0177,2025-05-10,1
V-008707,E-DEMO-NM-0177,2025-06-07,1
V-008708,E-DEMO-NM-0177,2025-07-07,1
V-008709,E-DEMO-NM-0177,2025-08-01,1
V-008710,E-DEMO-NM-0178,2025-06-08,1
V-008711,E-DEMO-NM-0178,2025-07-12,1
V-008712,E-DEMO-NM-0178,2025-08-31,1
V-008713,E-DEMO-NM-0178,2025-09-09,1
V-008714,E-DEMO-NM-0178,2025-10-27,1
V-008715,E-DEMO-NM-0178,2025-11-25,1
V-008716,E-DEMO-NM-0178,2025-12-28,1
V-008717,E-DEMO-NM-0179,2024-02-12,1
V-008718,E-DEMO-NM-0179,2024-03-10,1
V-008719,E-DEMO-NM-0179,2024-04-18,1
V-008720,E-DEMO-NM-0179,2024-05-08,1
V-008721,E-DEMO-NM-0179,2024-06-02,1
V-008722,E-DEMO-NM-0179,2024-08-06,1
V-008723,E-DEMO-NM-0179,2024-09-28,1
V-008724,E-DEMO-NM-0179,2024-10-13,1
V-008725,E-DEMO-NM-0179,2024-11-29,1
V-008726,E-DEMO-NM-0179,2024-12-18,1
V-008727,E-DEMO-NM-0179,2025-01-21,1
V-008728,E-DEMO-NM-0179,2025-02-21,1
V-008729,E-DEMO-NM-0179,2025-03-08,1
V-008730,E-DEMO-NM-0179,2025-04-13,1
V-008731,E-DEMO-NM-0179,2025-05-29,1
V-008732,E-DEMO-NM-0179,2025-06-19,1
V-008733,E-DEMO-NM-0179,2025-07-29,1
V-008734,E-DEMO-NM-0179,2025-09-13,1
V-008735,E-DEMO-NM-0179,2025-10-31,1
V-008736,E-DEMO-NM-0179,2025-11-17,1
V-008737,E-DEMO-NM-0180,2023-04-29,1
V-008738,E-DEMO-NM-0180,2023-06-11,1
V-008739,E-DEMO-NM-0180,2023-07-27,1
V-008740,E-DEMO-NM-0180,2023-08-12,1
V-008741,E-DEMO-NM-0180,2023-10-06,1
V-008742,E-DEMO-NM-0180,2023-11-28,1
V-008743,E-DEMO-NM-0180,2024-01-10,1
V-008744,E-DEMO-NM-0180,2024-03-12,1
V-008745,E-DEMO-NM-0180,2024-05-23,1
V-008746,E-DEMO-NM-0180,2024-08-14,1
V-008747,E-DEMO-NM-0180,2024-09-09,1
V-008748,E-DEMO-NM-0180,2024-10-22,1
V-008749,E-DEMO-NM-0180,2024-11-21,1
V-008750,E-DEMO-NM-0180,2024-12-04,1
V-008751,E-DEMO-NM-0181,2024-06-30,1
V-008752,E-DEMO-NM-0181,2025-02-28,1
V-008753,E-DEMO-NM-0181,2025-03-27,1
V-008754,E-DEMO-NM-0181,2025-04-11,1
V-008755,E-DEMO-NM-0181,2025-06-06,1
V-008756,E-DEMO-NM-0181,2025-07-17,1
V-008757,E-DEMO-NM-0181,2025-08-07,1
V-008758,E-DEMO-NM-0181,2025-09-10,1
V-008759,E-DEMO-NM-0181,2025-10-01,1
V-008760,E-DEMO-NM-0181,2025-11-20,1
V-008761,E-DEMO-NM-0181,2025-12-11,1
V-008762,E-DEMO-NM-0182,2023-04-18,1
V-008763,E-DEMO-NM-0182,2023-05-09,1
V-008764,E-DEMO-NM-0182,2023-06-04,1
V-008765,E-DEMO-NM-0182,2023-08-22,1
V-008766,E-DEMO-NM-0182,2023-12-07,1
V-008767,E-DEMO-NM-0182,2024-01-07,1
V-008768,E-DEMO-NM-0182,2024-02-19,1
V-008769,E-DEMO-NM-0182,2024-03-22,1
V-008770,E-DEMO-NM-0182,2024-05-16,1
V-008771,E-DEMO-NM-0182,2024-07-14,1
V-008772,E-DEMO-NM-0182,2024-08-07,1
V-008773,E-DEMO-NM-0182,2024-09-12,1
V-008774,E-DEMO-NM-0182,2024-10-13,1
V-008775,E-DEMO-NM-0182,2024-11-21,1
V-008776,E-DEMO-NM-0182,2024-12-06,1
V-008777,E-DEMO-NM-0182,2025-01-08,1
V-008778,E-DEMO-NM-0183,2024-02-23,1
V-008779,E-DEMO-NM-0183,2024-04-05,1
V-008780,E-DEMO-NM-0183,2024-06-28,1
V-008781,E-DEMO-NM-0183,2024-07-09,1
V-008782,E-DEMO-NM-0183,2024-08-26,1
V-008783,E-DEMO-NM-0184,2025-11-30,1
V-008784,E-DEMO-NM-0185,2023-11-26,1
V-008785,E-DEMO-NM-0185,2024-01-27,1
V-008786,E-DEMO-NM-0185,2024-02-04,1
V-008787,E-DEMO-NM-0185,2024-03-23,1
V-008788,E-DEMO-NM-0185,2024-04-16,1
V-008789,E-DEMO-NM-0185,2024-05-07,1
V-008790,E-DEMO-NM-0185,2024-06-06,1
V-008791,E-DEMO-NM-0185,2024-08-22,1
V-008792,E-DEMO-NM-0185,2024-10-25,1
V-008793,E-DEMO-NM-0185,2024-12-30,1
V-008794,E-DEMO-NM-0185,2025-02-02,1
V-008795,E-DEMO-NM-0185,2025-03-08,1
V-008796,E-DEMO-NM-0185,2025-04-04,1
V-008797,E-DEMO-NM-0185,2025-07-30,1
V-008798,E-DEMO-NM-0185,2025-08-03,1
V-008799,E-DEMO-NM-0185,2025-09-16,1
V-008800,E-DEMO-NM-0185,2025-10-22,1
V-008801,E-DEMO-NM-0185,2025-11-05,1
V-008802,E-DEMO-NM-0185,2025-12-31,1
V-008803,E-DEMO-NM-0186,2025-01-30,1
V-008804,E-DEMO-NM-0186,2025-02-07,1
V-008805,E-DEMO-NM-0186,2025-03-02,1
V-008806,E-DEMO-NM-0186,2025-04-29,1
V-008807,E-DEMO-NM-0186,2025-06-18,1
V-008808,E-DEMO-NM-0186,2025-07-24,1
V-008809,E-DEMO-NM-0186,2025-08-03,1
V-008810,E-DEMO-NM-0186,2025-09-12,1
V-008811,E-DEMO-NM-0186,2025-10-28,1
V-008812,E-DEMO-NM-0187,2023-08-18,1
V-008813,E-DEMO-NM-0187,2023-10-30,1
V-008814,E-DEMO-NM-0188,2024-11-15,1
V-008815,E-DEMO-NM-0188,2025-01-27,1
V-008816,E-DEMO-NM-0188,2025-02-14,1
V-008817,E-DEMO-NM-0188,2025-03-26,1
V-008818,E-DEMO-NM-0188,2025-04-10,1
V-008819,E-DEMO-NM-0188,2025-06-22,1
V-008820,E-DEMO-NM-0188,2025-07-20,1
V-008821,E-DEMO-NM-0189,2024-03-09,1
V-008822,E-DEMO-NM-0189,2024-04-25,1
V-008823,E-DEMO-NM-0189,2024-05-05,1
V-008824,E-DEMO-NM-0189,2024-07-13,1
V-008825,E-DEMO-NM-0189,2024-08-30,1
V-008826,E-DEMO-NM-0189,2024-09-09,1
V-008827,E-DEMO-NM-0189,2024-11-04,1
V-008828,E-DEMO-NM-0190,2025-04-21,1
V-008829,E-DEMO-NM-0190,2025-06-27,1
V-008830,E-DEMO-NM-0190,2025-07-22,1
V-008831,E-DEMO-NM-0190,2025-08-20,1
V-008832,E-DEMO-NM-0190,2025-09-20,1
V-008833,E-DEMO-NM-0190,2025-12-21,1
V-008834,E-DEMO-NM-0191,2024-08-22,1
V-008835,E-DEMO-NM-0191,2024-09-22,1
V-008836,E-DEMO-NM-0191,2024-10-20,1
V-008837,E-DEMO-NM-0191,2024-11-19,1
V-008838,E-DEMO-NM-0191,2024-12-22,1
V-008839,E-DEMO-NM-0191,2025-01-04,1
V-008840,E-DEMO-NM-0191,2025-02-27,1
V-008841,E-DEMO-NM-0191,2025-03-06,1
V-008842,E-DEMO-NM-0192,2024-08-22,1
V-008843,E-DEMO-NM-0192,2024-09-24,1
V-008844,E-DEMO-NM-0192,2024-10-17,1
V-008845,E-DEMO-NM-0192,2024-11-24,1
V-008846,E-DEMO-NM-0192,2025-01-20,1
V-008847,E-DEMO-NM-0192,2025-02-06,1
V-008848,E-DEMO-NM-0192,2025-04-14,1
V-008849,E-DEMO-NM-0192,2025-05-31,1
V-008850,E-DEMO-NM-0192,2025-06-19,1
V-008851,E-DEMO-NM-0192,2025-08-25,1
V-008852,E-DEMO-NM-0192,2025-10-22,1
V-008853,E-DEMO-NM-0192,2025-12-28,1
V-008854,E-DEMO-NM-0193,2023-08-18,1
V-008855,E-DEMO-NM-0193,2023-10-06,1
V-008856,E-DEMO-NM-0194,2024-03-20,1
V-008857,E-DEMO-NM-0194,2024-04-07,1
V-008858,E-DEMO-NM-0194,2024-05-30,1
V-008859,E-DEMO-NM-0194,2024-06-19,1
V-008860,E-DEMO-NM-0194,2024-07-10,1
V-008861,E-DEMO-NM-0194,2024-08-31,1
V-008862,E-DEMO-NM-0194,2024-09-23,1
V-008863,E-DEMO-NM-0194,2024-10-11,1
V-008864,E-DEMO-NM-0194,2024-11-12,1
V-008865,E-DEMO-NM-0194,2024-12-16,1
V-008866,E-DEMO-NM-0194,2025-01-01,1
V-008867,E-DEMO-NM-0194,2025-02-24,1
V-008868,E-DEMO-NM-0194,2025-03-02,1
V-008869,E-DEMO-NM-0194,2025-04-26,1
V-008870,E-DEMO-NM-0194,2025-05-23,1
V-008871,E-DEMO-NM-0194,2025-06-15,1
V-008872,E-DEMO-NM-0194,2025-07-18,1
V-008873,E-DEMO-NM-0194,2025-08-08,1
V-008874,E-DEMO-NM-0194,2025-09-24,1
V-008875,E-DEMO-NM-0194,2025-10-01,1
V-008876,E-DEMO-NM-0194,2025-11-28,1
V-008877,E-DEMO-NM-0194,2025-12-12,1
V-008878,E-DEMO-NM-0195,2023-05-01,1
V-008879,E-DEMO-NM-0195,2023-06-05,1
V-008880,E-DEMO-NM-0195,2023-08-26,1
V-008881,E-DEMO-NM-0195,2023-09-04,1
V-008882,E-DEMO-NM-0196,2025-09-03,1
V-008883,E-DEMO-NM-0196,2025-10-28,1
V-008884,E-DEMO-NM-0196,2025-12-11,1
V-008885,E-DEMO-NM-0197,2023-02-15,1
V-008886,E-DEMO-NM-0197,2023-04-11,1
V-008887,E-DEMO-NM-0197,2023-07-08,1
V-008888,E-DEMO-NM-0197,2023-10-20,1
V-008889,E-DEMO-NM-0198,2023-10-17,1
V-008890,E-DEMO-NM-0198,2023-11-26,1
V-008891,E-DEMO-NM-0198,2023-12-26,1
V-008892,E-DEMO-NM-0198,2024-01-26,1
V-008893,E-DEMO-NM-0198,2024-02-20,1
V-008894,E-DEMO-NM-0198,2024-03-15,1
V-008895,E-DEMO-NM-0198,2024-04-21,1
V-008896,E-DEMO-NM-0198,2024-06-24,1
V-008897,E-DEMO-NM-0198,2024-07-28,1
V-008898,E-DEMO-NM-0198,2024-09-13,1
V-008899,E-DEMO-NM-0199,2024-02-19,1
V-008900,E-DEMO-NM-0199,2024-03-14,1
V-008901,E-DEMO-NM-0199,2024-04-04,1
V-008902,E-DEMO-NM-0199,2024-05-31,1
V-008903,E-DEMO-NM-0199,2024-06-02,1
V-008904,E-DEMO-NM-0199,2024-08-26,1
V-008905,E-DEMO-NM-0199,2024-09-22,1
V-008906,E-DEMO-NM-0199,2024-10-27,1
V-008907,E-DEMO-NM-0199,2025-01-18,1
V-008908,E-DEMO-NM-0199,2025-02-15,1
V-008909,E-DEMO-NM-0199,2025-03-01,1
V-008910,E-DEMO-NM-0199,2025-04-12,1
V-008911,E-DEMO-NM-0199,2025-05-06,1
V-008912,E-DEMO-NM-0199,2025-06-09,1
V-008913,E-DEMO-NM-0199,2025-07-21,1
V-008914,E-DEMO-NM-0199,2025-08-12,1
V-008915,E-DEMO-NM-0199,2025-09-10,1
V-008916,E-DEMO-NM-0200,2024-06-23,1
V-008917,E-DEMO-NM-0200,2024-07-31,1
V-008918,E-DEMO-NM-0200,2024-08-06,1
V-008919,E-DEMO-NM-0200,2024-09-17,1
V-008920,E-DEMO-NM-0200,2024-10-04,1
V-008921,E-DEMO-NM-0200,2024-12-20,1
V-008922,E-DEMO-NM-0200,2025-01-03,1
V-008923,E-DEMO-NM-0200,2025-02-11,1
V-008924,E-DEMO-NM-0200,2025-03-08,1
V-008925,E-DEMO-NM-0200,2025-06-01,1
V-008926,E-DEMO-NM-0200,2025-07-21,1
V-008927,E-DEMO-NM-0200,2025-09-03,1
V-008928,E-DEMO-NM-0200,2025-10-13,1
V-008929,E-DEMO-NM-0200,2025-11-20,1
V-008930,E-DEMO-NM-0200,2025-12-24,1
V-008931,E-DEMO-NM-0201,2025-09-15,1
V-008932,E-DEMO-NM-0201,2025-11-13,1
V-008933,E-DEMO-NM-0201,2025-12-17,1
V-008934,E-DEMO-NM-0202,2023-09-23,1
V-008935,E-DEMO-NM-0202,2023-10-11,1
V-008936,E-DEMO-NM-0202,2024-01-20,1
V-008937,E-DEMO-NM-0203,2023-07-27,1
V-008938,E-DEMO-NM-0203,2023-08-06,1
V-008939,E-DEMO-NM-0203,2023-09-14,1
V-008940,E-DEMO-NM-0203,2023-10-20,1
V-008941,E-DEMO-NM-0203,2023-11-23,1
V-008942,E-DEMO-NM-0203,2023-12-28,1
V-008943,E-DEMO-NM-0203,2024-02-07,1
V-008944,E-DEMO-NM-0203,2024-05-14,1
V-008945,E-DEMO-NM-0204,2025-05-30,1
V-008946,E-DEMO-NM-0204,2025-06-24,1
V-008947,E-DEMO-NM-0205,2025-06-03,1
V-008948,E-DEMO-NM-0205,2025-07-04,1
V-008949,E-DEMO-NM-0206,2024-11-19,1
V-008950,E-DEMO-NM-0206,2024-12-30,1
V-008951,E-DEMO-NM-0206,2025-01-27,1
V-008952,E-DEMO-NM-0206,2025-02-03,1
V-008953,E-DEMO-NM-0206,2025-03-27,1
V-008954,E-DEMO-NM-0206,2025-05-05,1
V-008955,E-DEMO-NM-0206,2025-06-07,1
V-008956,E-DEMO-NM-0206,2025-07-15,1
V-008957,E-DEMO-NM-0206,2025-08-10,1
V-008958,E-DEMO-NM-0206,2025-09-23,1
V-008959,E-DEMO-NM-0206,2025-10-31,1
V-008960,E-DEMO-NM-0206,2025-11-23,1
V-008961,E-DEMO-NM-0207,2025-07-28,1
V-008962,E-DEMO-NM-0207,2025-08-24,1
V-008963,E-DEMO-NM-0208,2024-03-27,1
V-008964,E-DEMO-NM-0208,2024-04-04,1
V-008965,E-DEMO-NM-0208,2024-05-02,1
V-008966,E-DEMO-NM-0208,2024-06-13,1
V-008967,E-DEMO-NM-0208,2024-07-30,1
V-008968,E-DEMO-NM-0208,2024-09-22,1
V-008969,E-DEMO-NM-0208,2024-10-29,1
V-008970,E-DEMO-NM-0208,2024-11-28,1
V-008971,E-DEMO-NM-0208,2024-12-15,1
V-008972,E-DEMO-NM-0208,2025-01-17,1
V-008973,E-DEMO-NM-0208,2025-02-18,1
V-008974,E-DEMO-NM-0208,2025-03-09,1
V-008975,E-DEMO-NM-0208,2025-04-27,1
V-008976,E-DEMO-NM-0208,2025-06-19,1
V-008977,E-DEMO-NM-0208,2025-09-08,1
V-008978,E-DEMO-NM-0209,2024-09-13,1
V-008979,E-DEMO-NM-0209,2024-10-14,1
V-008980,E-DEMO-NM-0209,2024-11-26,1
V-008981,E-DEMO-NM-0209,2024-12-06,1
V-008982,E-DEMO-NM-0209,2025-02-08,1
V-008983,E-DEMO-NM-0209,2025-03-13,1
V-008984,E-DEMO-NM-0209,2025-05-01,1
V-008985,E-DEMO-NM-0209,2025-07-21,1
V-008986,E-DEMO-NM-0209,2025-10-30,1
V-008987,E-DEMO-NM-0209,2025-12-15,1
V-008988,E-DEMO-NM-0210,2024-03-19,1
V-008989,E-DEMO-NM-0210,2024-04-06,1
V-008990,E-DEMO-NM-0211,2024-11-05,1
V-008991,E-DEMO-NM-0211,2024-12-27,1
V-008992,E-DEMO-NM-0211,2025-01-08,1
V-008993,E-DEMO-NM-0211,2025-03-29,1
V-008994,E-DEMO-NM-0211,2025-04-17,1
V-008995,E-DEMO-NM-0211,2025-06-03,1
V-008996,E-DEMO-NM-0211,2025-07-24,1
V-008997,E-DEMO-NM-0211,2025-08-19,1
V-008998,E-DEMO-NM-0211,2025-09-10,1
V-008999,E-DEMO-NM-0211,2025-11-20,1
V-009000,E-DEMO-NM-0211,2025-12-31,1
V-009001,E-DEMO-NM-0212,2023-03-02,1
V-009002,E-DEMO-NM-0212,2023-06-21,1
V-009003,E-DEMO-NM-0212,2023-07-07,1
V-009004,E-DEMO-NM-0212,2023-10-28,1
V-009005,E-DEMO-NM-0212,2023-11-20,1
V-009006,E-DEMO-NM-0212,2023-12-20,1
V-009007,E-DEMO-NM-0212,2024-02-04,1
V-009008,E-DEMO-NM-0212,2024-04-11,1
V-009009,E-DEMO-NM-0212,2024-07-27,1
V-009010,E-DEMO-NM-0212,2024-10-12,1
V-009011,E-DEMO-NM-0212,2024-11-02,1
V-009012,E-DEMO-NM-0212,2024-12-02,1
V-009013,E-DEMO-NM-0212,2025-01-04,1
V-009014,E-DEMO-NM-0213,2024-12-19,1
V-009015,E-DEMO-NM-0213,2025-01-01,1
V-009016,E-DEMO-NM-0213,2025-03-01,1
V-009017,E-DEMO-NM-0213,2025-05-19,1
V-009018,E-DEMO-NM-0213,2025-06-04,1
V-009019,E-DEMO-NM-0213,2025-07-29,1
V-009020,E-DEMO-NM-0213,2025-08-13,1
V-009021,E-DEMO-NM-0213,2025-10-27,1
V-009022,E-DEMO-NM-0213,2025-11-10,1
V-009023,E-DEMO-NM-0213,2025-12-13,1
V-009024,E-DEMO-NM-0214,2025-03-28,1
V-009025,E-DEMO-NM-0214,2025-04-06,1
V-009026,E-DEMO-NM-0214,2025-08-14,1
V-009027,E-DEMO-NM-0214,2025-10-25,1
V-009028,E-DEMO-NM-0214,2025-11-26,1
V-009029,E-DEMO-NM-0214,2025-12-26,1
V-009030,E-DEMO-NM-0215,2024-11-04,1
V-009031,E-DEMO-NM-0215,2025-01-09,1
V-009032,E-DEMO-NM-0215,2025-02-07,1
V-009033,E-DEMO-NM-0215,2025-03-22,1
V-009034,E-DEMO-NM-0215,2025-04-10,1
V-009035,E-DEMO-NM-0215,2025-05-18,1
V-009036,E-DEMO-NM-0215,2025-06-21,1
V-009037,E-DEMO-NM-0215,2025-07-19,1
V-009038,E-DEMO-NM-0215,2025-09-13,1
V-009039,E-DEMO-NM-0215,2025-10-22,1
V-009040,E-DEMO-NM-0216,2023-12-07,1
V-009041,E-DEMO-NM-0216,2024-01-11,1
V-009042,E-DEMO-NM-0216,2024-03-01,1
V-009043,E-DEMO-NM-0216,2024-04-16,1
V-009044,E-DEMO-NM-0216,2024-05-18,1
V-009045,E-DEMO-NM-0217,2025-06-20,1
V-009046,E-DEMO-NM-0217,2025-07-25,1
V-009047,E-DEMO-NM-0217,2025-08-10,1
V-009048,E-DEMO-NM-0217,2025-09-01,1
V-009049,E-DEMO-NM-0217,2025-10-28,1
V-009050,E-DEMO-NM-0218,2024-04-12,1
V-009051,E-DEMO-NM-0218,2024-05-07,1
V-009052,E-DEMO-NM-0218,2024-06-30,1
V-009053,E-DEMO-NM-0218,2024-07-09,1
V-009054,E-DEMO-NM-0218,2024-08-17,1
V-009055,E-DEMO-NM-0218,2024-09-10,1
V-009056,E-DEMO-NM-0218,2024-10-20,1
V-009057,E-DEMO-NM-0218,2024-11-24,1
V-009058,E-DEMO-NM-0218,2024-12-06,1
V-009059,E-DEMO-NM-0218,2025-01-19,1
V-009060,E-DEMO-NM-0218,2025-02-05,1
V-009061,E-DEMO-NM-0218,2025-03-01,1
V-009062,E-DEMO-NM-0218,2025-04-27,1
V-009063,E-DEMO-NM-0218,2025-05-26,1
V-009064,E-DEMO-NM-0218,2025-07-21,1
V-009065,E-DEMO-NM-0218,2025-08-23,1
V-009066,E-DEMO-NM-0218,2025-09-28,1
V-009067,E-DEMO-NM-0219,2023-02-19,1
V-009068,E-DEMO-NM-0219,2023-03-11,1
V-009069,E-DEMO-NM-0219,2023-04-06,1
V-009070,E-DEMO-NM-0219,2023-07-05,1
V-009071,E-DEMO-NM-0219,2023-09-18,1
V-009072,E-DEMO-NM-0219,2023-11-18,1
V-009073,E-DEMO-NM-0219,2023-12-20,1
V-009074,E-DEMO-NM-0219,2024-03-03,1
V-009075,E-DEMO-NM-0219,2024-05-29,1
V-009076,E-DEMO-NM-0220,2024-02-21,1
V-009077,E-DEMO-NM-0220,2024-03-14,1
V-009078,E-DEMO-NM-0220,2024-04-03,1
V-009079,E-DEMO-NM-0220,2024-05-15,1
V-009080,E-DEMO-NM-0220,2024-06-12,1
V-009081,E-DEMO-NM-0220,2024-07-31,1
V-009082,E-DEMO-NM-0220,2024-08-06,1
V-009083,E-DEMO-NM-0220,2024-09-19,1
V-009084,E-DEMO-NM-0220,2024-10-30,1
V-009085,E-DEMO-NM-0220,2024-11-16,1
V-009086,E-DEMO-NM-0220,2024-12-10,1
V-009087,E-DEMO-NM-0221,2025-02-28,1
V-009088,E-DEMO-NM-0221,2025-03-27,1
V-009089,E-DEMO-NM-0222,2025-05-17,1
V-009090,E-DEMO-NM-0222,2025-06-06,1
V-009091,E-DEMO-NM-0222,2025-07-22,1
V-009092,E-DEMO-NM-0222,2025-08-17,1
V-009093,E-DEMO-NM-0222,2025-09-16,1
V-009094,E-DEMO-NM-0222,2025-10-27,1
V-009095,E-DEMO-NM-0222,2025-12-19,1
V-009096,E-DEMO-NM-0223,2024-08-10,1
V-009097,E-DEMO-NM-0223,2024-09-29,1
V-009098,E-DEMO-NM-0223,2024-10-06,1
V-009099,E-DEMO-NM-0223,2024-11-24,1
V-009100,E-DEMO-NM-0223,2024-12-06,1
V-009101,E-DEMO-NM-0223,2025-01-19,1
V-009102,E-DEMO-NM-0223,2025-02-16,1
V-009103,E-DEMO-NM-0223,2025-03-24,1
V-009104,E-DEMO-NM-0223,2025-05-28,1
V-009105,E-DEMO-NM-0223,2025-07-29,1
V-009106,E-DEMO-NM-0224,2024-07-09,1
V-009107,E-DEMO-NM-0224,2024-08-21,1
V-009108,E-DEMO-NM-0224,2024-09-12,1
V-009109,E-DEMO-NM-0224,2025-01-01,1
V-009110,E-DEMO-NM-0225,2024-11-17,1
V-009111,E-DEMO-NM-0225,2025-01-17,1
V-009112,E-DEMO-NM-0225,2025-02-16,1
V-009113,E-DEMO-NM-0225,2025-03-05,1
V-009114,E-DEMO-NM-0225,2025-04-22,1
V-009115,E-DEMO-NM-0225,2025-05-19,1
V-009116,E-DEMO-NM-0225,2025-06-10,1
V-009117,E-DEMO-NM-0225,2025-07-15,1
V-009118,E-DEMO-NM-0226,2024-02-27,1
V-009119,E-DEMO-NM-0226,2024-03-31,1
V-009120,E-DEMO-NM-0226,2024-04-08,1
V-009121,E-DEMO-NM-0226,2024-05-14,1
V-009122,E-DEMO-NM-0226,2024-08-30,1
V-009123,E-DEMO-NM-0226,2024-09-11,1
V-009124,E-DEMO-NM-0226,2024-10-03,1
V-009125,E-DEMO-NM-0226,2024-11-25,1
V-009126,E-DEMO-NM-0227,2024-11-21,1
V-009127,E-DEMO-NM-0227,2024-12-14,1
V-009128,E-DEMO-NM-0227,2025-01-03,1
V-009129,E-DEMO-NM-0227,2025-02-01,1
V-009130,E-DEMO-NM-0227,2025-04-14,1
V-009131,E-DEMO-NM-0227,2025-06-07,1
V-009132,E-DEMO-NM-0227,2025-08-12,1
V-009133,E-DEMO-NM-0227,2025-10-27,1
V-009134,E-DEMO-NM-0227,2025-11-09,1
V-009135,E-DEMO-NM-0227,2025-12-29,1
V-009136,E-DEMO-NM-0228,2023-06-15,1
V-009137,E-DEMO-NM-0228,2023-09-06,1
V-009138,E-DEMO-NM-0228,2023-11-27,1
V-009139,E-DEMO-NM-0228,2023-12-15,1
V-009140,E-DEMO-NM-0228,2024-01-06,1
V-009141,E-DEMO-NM-0228,2024-03-14,1
V-009142,E-DEMO-NM-0228,2024-05-21,1
V-009143,E-DEMO-NM-0229,2024-09-12,1
V-009144,E-DEMO-NM-0229,2024-10-07,1
V-009145,E-DEMO-NM-0229,2024-12-24,1
V-009146,E-DEMO-NM-0229,2025-04-27,1
V-009147,E-DEMO-NM-0229,2025-05-02,1
V-009148,E-DEMO-NM-0229,2025-06-12,1
V-009149,E-DEMO-NM-0229,2025-07-07,1
V-009150,E-DEMO-NM-0229,2025-08-06,1
V-009151,E-DEMO-NM-0229,2025-09-19,1
V-009152,E-DEMO-NM-0229,2025-11-14,1
V-009153,E-DEMO-NM-0229,2025-12-13,1
V-009154,E-DEMO-NM-0230,2024-05-09,1
V-009155,E-DEMO-NM-0230,2024-06-27,1
V-009156,E-DEMO-NM-0230,2024-07-25,1
V-009157,E-DEMO-NM-0230,2024-09-26,1
V-009158,E-DEMO-NM-0231,2025-09-05,1
V-009159,E-DEMO-NM-0231,2025-10-04,1
V-009160,E-DEMO-NM-0231,2025-12-05,1
V-009161,E-DEMO-NM-0232,2024-07-27,1
V-009162,E-DEMO-NM-0232,2024-08-24,1
V-009163,E-DEMO-NM-0232,2024-10-30,1
V-009164,E-DEMO-NM-0232,2024-12-29,1
V-009165,E-DEMO-NM-0232,2025-01-30,1
V-009166,E-DEMO-NM-0232,2025-02-13,1
V-009167,E-DEMO-NM-0232,2025-03-28,1
V-009168,E-DEMO-NM-0232,2025-04-14,1
V-009169,E-DEMO-NM-0232,2025-08-02,1
V-009170,E-DEMO-NM-0232,2025-09-29,1
V-009171,E-DEMO-NM-0232,2025-10-29,1
V-009172,E-DEMO-NM-0232,2025-12-07,1
V-009173,E-DEMO-NM-0233,2024-04-17,1
V-009174,E-DEMO-NM-0233,2024-05-06,1
V-009175,E-DEMO-NM-0233,2024-07-04,1
V-009176,E-DEMO-NM-0233,2024-08-16,1
V-009177,E-DEMO-NM-0233,2024-09-04,1
V-009178,E-DEMO-NM-0233,2024-11-13,1
V-009179,E-DEMO-NM-0233,2025-02-13,1
V-009180,E-DEMO-NM-0233,2025-03-17,1
V-009181,E-DEMO-NM-0233,2025-04-14,1
V-009182,E-DEMO-NM-0233,2025-06-19,1
V-009183,E-DEMO-NM-0233,2025-08-20,1
V-009184,E-DEMO-NM-0233,2025-09-06,1
V-009185,E-DEMO-NM-0233,2025-10-07,1
V-009186,E-DEMO-NM-0233,2025-11-12,1
V-009187,E-DEMO-NM-0233,2025-12-03,1
V-009188,E-DEMO-NM-0234,2023-10-29,1
V-009189,E-DEMO-NM-0234,2023-11-11,1
V-009190,E-DEMO-NM-0234,2024-01-09,1
V-009191,E-DEMO-NM-0234,2024-04-28,1
V-009192,E-DEMO-NM-0234,2024-05-26,1
V-009193,E-DEMO-NM-0234,2024-06-10,1
V-009194,E-DEMO-NM-0234,2024-07-24,1
V-009195,E-DEMO-NM-0234,2024-08-15,1
V-009196,E-DEMO-NM-0234,2024-09-27,1
V-009197,E-DEMO-NM-0234,2024-11-03,1
V-009198,E-DEMO-NM-0234,2024-12-12,1
V-009199,E-DEMO-NM-0234,2025-01-17,1
V-009200,E-DEMO-NM-0234,2025-02-26,1
V-009201,E-DEMO-NM-0234,2025-04-20,1
V-009202,E-DEMO-NM-0234,2025-05-15,1
V-009203,E-DEMO-NM-0234,2025-06-13,1
V-009204,E-DEMO-NM-0234,2025-07-06,1
V-009205,E-DEMO-NM-0234,2025-08-16,1
V-009206,E-DEMO-NM-0235,2023-03-20,1
V-009207,E-DEMO-NM-0235,2023-04-19,1
V-009208,E-DEMO-NM-0235,2023-05-26,1
V-009209,E-DEMO-NM-0235,2023-07-05,1
V-009210,E-DEMO-NM-0235,2023-09-06,1
V-009211,E-DEMO-NM-0235,2023-10-25,1
V-009212,E-DEMO-NM-0235,2023-11-01,1
V-009213,E-DEMO-NM-0235,2024-02-15,1
V-009214,E-DEMO-NM-0235,2024-03-19,1
V-009215,E-DEMO-NM-0236,2023-07-31,1
V-009216,E-DEMO-NM-0236,2023-08-27,1
V-009217,E-DEMO-NM-0236,2023-10-23,1
V-009218,E-DEMO-NM-0236,2023-11-25,1
V-009219,E-DEMO-NM-0236,2023-12-12,1
V-009220,E-DEMO-NM-0236,2024-01-24,1
V-009221,E-DEMO-NM-0236,2024-02-28,1
V-009222,E-DEMO-NM-0236,2024-04-03,1
V-009223,E-DEMO-NM-0236,2024-05-12,1
V-009224,E-DEMO-NM-0236,2024-06-10,1
V-009225,E-DEMO-NM-0236,2024-07-19,1
V-009226,E-DEMO-NM-0236,2024-09-15,1
V-009227,E-DEMO-NM-0236,2024-10-08,1
V-009228,E-DEMO-NM-0236,2024-11-25,1
V-009229,E-DEMO-NM-0236,2025-01-25,1
V-009230,E-DEMO-NM-0236,2025-02-02,1
V-009231,E-DEMO-NM-0236,2025-04-03,1
V-009232,E-DEMO-NM-0236,2025-05-25,1
V-009233,E-DEMO-NM-0237,2024-04-11,1
V-009234,E-DEMO-NM-0237,2024-05-25,1
V-009235,E-DEMO-NM-0237,2024-06-22,1
V-009236,E-DEMO-NM-0237,2024-07-23,1
V-009237,E-DEMO-NM-0237,2024-09-15,1
V-009238,E-DEMO-NM-0237,2024-10-06,1
V-009239,E-DEMO-NM-0237,2024-12-18,1
V-009240,E-DEMO-NM-0238,2024-09-20,1
V-009241,E-DEMO-NM-0238,2024-10-02,1
V-009242,E-DEMO-NM-0238,2024-11-04,1
V-009243,E-DEMO-NM-0238,2025-03-22,1
V-009244,E-DEMO-NM-0238,2025-04-17,1
V-009245,E-DEMO-NM-0238,2025-05-31,1
V-009246,E-DEMO-NM-0238,2025-06-09,1
V-009247,E-DEMO-NM-0239,2025-09-20,1
V-009248,E-DEMO-NM-0239,2025-10-21,1
V-009249,E-DEMO-NM-0239,2025-11-20,1
V-009250,E-DEMO-NM-0240,2025-09-21,1
V-009251,E-DEMO-NM-0240,2025-10-11,1
V-009252,E-DEMO-NM-0240,2025-11-22,1
V-009253,E-DEMO-NM-0240,2025-12-25,1
V-009254,E-DEMO-NM-0241,2024-05-14,1
V-009255,E-DEMO-NM-0241,2024-06-06,1
V-009256,E-DEMO-NM-0241,2024-07-28,1
V-009257,E-DEMO-NM-0241,2024-08-23,1
V-009258,E-DEMO-NM-0241,2024-09-19,1
V-009259,E-DEMO-NM-0241,2024-10-08,1
V-009260,E-DEMO-NM-0241,2024-11-10,1
V-009261,E-DEMO-NM-0241,2024-12-04,1
V-009262,E-DEMO-NM-0241,2025-02-10,1
V-009263,E-DEMO-NM-0241,2025-03-24,1
V-009264,E-DEMO-NM-0241,2025-04-10,1
V-009265,E-DEMO-NM-0241,2025-05-14,1
V-009266,E-DEMO-NM-0242,2025-03-23,1
V-009267,E-DEMO-NM-0242,2025-05-06,1
V-009268,E-DEMO-NM-0242,2025-06-18,1
V-009269,E-DEMO-NM-0242,2025-07-16,1
V-009270,E-DEMO-NM-0242,2025-08-17,1
V-009271,E-DEMO-NM-0242,2025-09-26,1
V-009272,E-DEMO-NM-0242,2025-10-14,1
V-009273,E-DEMO-NM-0243,2023-02-09,1
V-009274,E-DEMO-NM-0243,2023-03-01,1
V-009275,E-DEMO-NM-0243,2023-04-15,1
V-009276,E-DEMO-NM-0243,2023-05-25,1
V-009277,E-DEMO-NM-0243,2023-06-05,1
V-009278,E-DEMO-NM-0243,2023-07-04,1
V-009279,E-DEMO-NM-0243,2023-09-30,1
V-009280,E-DEMO-NM-0243,2023-10-18,1
V-009281,E-DEMO-NM-0243,2023-11-20,1
V-009282,E-DEMO-NM-0243,2024-01-27,1
V-009283,E-DEMO-NM-0243,2024-03-31,1
V-009284,E-DEMO-NM-0243,2024-04-24,1
V-009285,E-DEMO-NM-0243,2024-05-05,1
V-009286,E-DEMO-NM-0243,2024-06-08,1
V-009287,E-DEMO-NM-0243,2024-07-27,1
V-009288,E-DEMO-NM-0243,2024-08-02,1
V-009289,E-DEMO-NM-0244,2023-01-26,1
V-009290,E-DEMO-NM-0244,2023-02-28,1
V-009291,E-DEMO-NM-0244,2023-03-05,1
V-009292,E-DEMO-NM-0244,2023-05-03,1
V-009293,E-DEMO-NM-0244,2023-07-31,1
V-009294,E-DEMO-NM-0244,2023-08-31,1
V-009295,E-DEMO-NM-0244,2023-09-05,1
V-009296,E-DEMO-NM-0244,2023-10-19,1
V-009297,E-DEMO-NM-0244,2023-11-11,1
V-009298,E-DEMO-NM-0244,2023-12-09,1
V-009299,E-DEMO-NM-0244,2024-01-23,1
V-009300,E-DEMO-NM-0244,2024-02-21,1
V-009301,E-DEMO-NM-0244,2024-03-30,1
V-009302,E-DEMO-NM-0244,2024-04-18,1
V-009303,E-DEMO-NM-0244,2024-05-13,1
V-009304,E-DEMO-NM-0244,2024-06-26,1
V-009305,E-DEMO-NM-0244,2024-07-25,1
V-009306,E-DEMO-NM-0244,2024-09-20,1
V-009307,E-DEMO-NM-0245,2023-06-15,1
V-009308,E-DEMO-NM-0245,2023-08-29,1
V-009309,E-DEMO-NM-0245,2023-09-12,1
V-009310,E-DEMO-NM-0245,2023-10-29,1
V-009311,E-DEMO-NM-0245,2023-12-05,1
V-009312,E-DEMO-NM-0245,2024-01-08,1
V-009313,E-DEMO-NM-0245,2024-03-11,1
V-009314,E-DEMO-NM-0245,2024-04-27,1
V-009315,E-DEMO-NM-0245,2024-05-24,1
V-009316,E-DEMO-NM-0245,2024-06-14,1
V-009317,E-DEMO-NM-0245,2024-07-04,1
V-009318,E-DEMO-NM-0245,2024-08-01,1
V-009319,E-DEMO-NM-0245,2024-10-29,1
V-009320,E-DEMO-NM-0245,2024-11-20,1
V-009321,E-DEMO-NM-0245,2024-12-14,1
V-009322,E-DEMO-NM-0245,2025-01-20,1
V-009323,E-DEMO-NM-0245,2025-03-29,1
V-009324,E-DEMO-NM-0245,2025-04-18,1
V-009325,E-DEMO-NM-0245,2025-05-21,1
V-009326,E-DEMO-NM-0245,2025-06-24,1
V-009327,E-DEMO-NM-0246,2025-09-11,1
V-009328,E-DEMO-NM-0246,2025-10-30,1
V-009329,E-DEMO-NM-0246,2025-12-23,1
V-009330,E-DEMO-NM-0247,2025-08-29,1
V-009331,E-DEMO-NM-0247,2025-09-20,1
V-009332,E-DEMO-NM-0247,2025-10-01,1
V-009333,E-DEMO-NM-0247,2025-11-02,1
V-009334,E-DEMO-NM-0247,2025-12-14,1
V-009335,E-DEMO-NM-0248,2023-08-06,1
V-009336,E-DEMO-NM-0248,2023-11-23,1
V-009337,E-DEMO-NM-0248,2024-01-20,1
V-009338,E-DEMO-NM-0248,2024-02-08,1
V-009339,E-DEMO-NM-0248,2024-03-25,1
V-009340,E-DEMO-NM-0248,2024-04-28,1
V-009341,E-DEMO-NM-0248,2024-05-03,1
V-009342,E-DEMO-NM-0248,2024-07-18,1
V-009343,E-DEMO-NM-0248,2024-08-29,1
V-009344,E-DEMO-NM-0248,2024-09-02,1
V-009345,E-DEMO-NM-0248,2024-11-30,1
V-009346,E-DEMO-NM-0248,2025-01-08,1
V-009347,E-DEMO-NM-0248,2025-02-09,1
V-009348,E-DEMO-NM-0248,2025-06-27,1
V-009349,E-DEMO-NM-0248,2025-07-15,1
V-009350,E-DEMO-NM-0249,2023-10-06,1
V-009351,E-DEMO-NM-0249,2023-11-08,1
V-009352,E-DEMO-NM-0249,2023-12-01,1
V-009353,E-DEMO-NM-0249,2024-01-26,1
V-009354,E-DEMO-NM-0249,2024-02-24,1
V-009355,E-DEMO-NM-0249,2024-04-25,1
V-009356,E-DEMO-NM-0249,2024-05-03,1
V-009357,E-DEMO-NM-0249,2024-09-13,1
V-009358,E-DEMO-NM-0249,2024-11-19,1
V-009359,E-DEMO-NM-0249,2024-12-04,1
V-009360,E-DEMO-NM-0250,2025-01-24,1
V-009361,E-DEMO-NM-0251,2024-07-29,1
V-009362,E-DEMO-NM-0251,2024-09-29,1
V-009363,E-DEMO-NM-0251,2024-11-29,1
V-009364,E-DEMO-NM-0251,2024-12-09,1
V-009365,E-DEMO-NM-0251,2025-01-03,1
V-009366,E-DEMO-NM-0251,2025-02-13,1
V-009367,E-DEMO-NM-0252,2025-08-28,1
V-009368,E-DEMO-NM-0252,2025-11-27,1
V-009369,E-DEMO-NM-0252,2025-12-11,1
V-009370,E-DEMO-NM-0253,2024-09-21,1
V-009371,E-DEMO-NM-0253,2024-11-30,1
V-009372,E-DEMO-NM-0254,2024-06-05,1
V-009373,E-DEMO-NM-0254,2024-08-16,1
V-009374,E-DEMO-NM-0254,2024-09-14,1
V-009375,E-DEMO-NM-0254,2024-10-02,1
V-009376,E-DEMO-NM-0254,2024-11-16,1
V-009377,E-DEMO-NM-0254,2024-12-03,1
V-009378,E-DEMO-NM-0254,2025-01-06,1
V-009379,E-DEMO-NM-0254,2025-02-22,1
V-009380,E-DEMO-NM-0254,2025-03-05,1
V-009381,E-DEMO-NM-0255,2025-05-05,1
V-009382,E-DEMO-NM-0255,2025-06-26,1
V-009383,E-DEMO-NM-0255,2025-08-04,1
V-009384,E-DEMO-NM-0255,2025-09-02,1
V-009385,E-DEMO-NM-0255,2025-10-02,1
V-009386,E-DEMO-NM-0255,2025-11-23,1
V-009387,E-DEMO-NM-0255,2025-12-28,1
V-009388,E-DEMO-NM-0256,2023-06-15,1
V-009389,E-DEMO-NM-0256,2023-07-03,1
V-009390,E-DEMO-NM-0256,2023-08-05,1
V-009391,E-DEMO-NM-0256,2023-09-22,1
V-009392,E-DEMO-NM-0256,2023-10-03,1
V-009393,E-DEMO-NM-0257,2023-11-26,1
V-009394,E-DEMO-NM-0257,2023-12-19,1
V-009395,E-DEMO-NM-0257,2024-01-29,1
V-009396,E-DEMO-NM-0257,2024-02-27,1
V-009397,E-DEMO-NM-0257,2024-04-04,1
V-009398,E-DEMO-NM-0257,2024-05-24,1
V-009399,E-DEMO-NM-0257,2024-07-22,1
V-009400,E-DEMO-NM-0257,2024-09-26,1
V-009401,E-DEMO-NM-0257,2024-10-04,1
V-009402,E-DEMO-NM-0257,2024-11-26,1
V-009403,E-DEMO-NM-0257,2024-12-15,1
V-009404,E-DEMO-NM-0257,2025-01-27,1
V-009405,E-DEMO-NM-0257,2025-04-17,1
V-009406,E-DEMO-NM-0257,2025-05-14,1
V-009407,E-DEMO-NM-0257,2025-06-04,1
V-009408,E-DEMO-NM-0257,2025-07-14,1
V-009409,E-DEMO-NM-0257,2025-08-06,1
V-009410,E-DEMO-NM-0258,2023-04-25,1
V-009411,E-DEMO-NM-0258,2023-05-18,1
V-009412,E-DEMO-NM-0258,2023-08-08,1
V-009413,E-DEMO-NM-0258,2023-09-03,1
V-009414,E-DEMO-NM-0258,2023-11-14,1
V-009415,E-DEMO-NM-0258,2023-12-05,1
V-009416,E-DEMO-NM-0258,2024-01-08,1
V-009417,E-DEMO-NM-0258,2024-03-10,1
V-009418,E-DEMO-NM-0258,2024-04-08,1
V-009419,E-DEMO-NM-0258,2024-05-01,1
V-009420,E-DEMO-NM-0258,2024-06-10,1
V-009421,E-DEMO-NM-0258,2024-07-25,1
V-009422,E-DEMO-NM-0258,2024-08-02,1
V-009423,E-DEMO-NM-0258,2024-12-01,1
V-009424,E-DEMO-NM-0259,2023-11-02,1
V-009425,E-DEMO-NM-0259,2024-01-08,1
V-009426,E-DEMO-NM-0260,2024-05-25,1
V-009427,E-DEMO-NM-0260,2024-06-15,1
V-009428,E-DEMO-NM-0260,2024-07-14,1
V-009429,E-DEMO-NM-0260,2024-09-07,1
V-009430,E-DEMO-NM-0260,2024-10-13,1
V-009431,E-DEMO-NM-0260,2024-11-16,1
V-009432,E-DEMO-NM-0260,2025-01-21,1
V-009433,E-DEMO-NM-0260,2025-03-14,1
V-009434,E-DEMO-NM-0260,2025-05-25,1
V-009435,E-DEMO-NM-0260,2025-06-29,1
V-009436,E-DEMO-NM-0260,2025-07-09,1
V-009437,E-DEMO-NM-0260,2025-08-20,1
V-009438,E-DEMO-NM-0260,2025-09-15,1
V-009439,E-DEMO-NM-0260,2025-10-19,1
V-009440,E-DEMO-NM-0260,2025-11-23,1
V-009441,E-DEMO-NM-0260,2025-12-16,1
V-009442,E-DEMO-NM-0261,2023-03-05,1
V-009443,E-DEMO-NM-0261,2023-04-21,1
V-009444,E-DEMO-NM-0261,2023-05-31,1
V-009445,E-DEMO-NM-0261,2023-06-11,1
V-009446,E-DEMO-NM-0261,2023-07-23,1
V-009447,E-DEMO-NM-0261,2023-08-09,1
V-009448,E-DEMO-NM-0261,2023-09-06,1
V-009449,E-DEMO-NM-0261,2023-10-06,1
V-009450,E-DEMO-NM-0261,2023-11-17,1
V-009451,E-DEMO-NM-0262,2025-05-01,1
V-009452,E-DEMO-NM-0262,2025-07-19,1
V-009453,E-DEMO-NM-0263,2024-03-18,1
V-009454,E-DEMO-NM-0263,2024-04-20,1
V-009455,E-DEMO-NM-0263,2024-05-04,1
V-009456,E-DEMO-NM-0263,2024-06-18,1
V-009457,E-DEMO-NM-0263,2024-07-21,1
V-009458,E-DEMO-NM-0263,2024-09-13,1
V-009459,E-DEMO-NM-0263,2024-10-10,1
V-009460,E-DEMO-NM-0263,2024-11-22,1
V-009461,E-DEMO-NM-0263,2024-12-26,1
V-009462,E-DEMO-NM-0263,2025-01-16,1
V-009463,E-DEMO-NM-0263,2025-02-09,1
V-009464,E-DEMO-NM-0263,2025-03-16,1
V-009465,E-DEMO-NM-0263,2025-04-02,1
V-009466,E-DEMO-NM-0263,2025-05-07,1
V-009467,E-DEMO-NM-0263,2025-06-10,1
V-009468,E-DEMO-NM-0263,2025-07-16,1
V-009469,E-DEMO-NM-0264,2024-08-11,1
V-009470,E-DEMO-NM-0264,2024-09-09,1
V-009471,E-DEMO-NM-0264,2024-10-05,1
V-009472,E-DEMO-NM-0264,2024-11-16,1
V-009473,E-DEMO-NM-0264,2024-12-13,1
V-009474,E-DEMO-NM-0264,2025-01-03,1
V-009475,E-DEMO-NM-0264,2025-02-05,1
V-009476,E-DEMO-NM-0264,2025-03-24,1
V-009477,E-DEMO-NM-0264,2025-05-09,1
V-009478,E-DEMO-NM-0264,2025-07-05,1
V-009479,E-DEMO-NM-0264,2025-08-16,1
V-009480,E-DEMO-NM-0264,2025-09-16,1
V-009481,E-DEMO-NM-0264,2025-10-02,1
V-009482,E-DEMO-NM-0264,2025-11-27,1
V-009483,E-DEMO-NM-0264,2025-12-01,1
V-009484,E-DEMO-NM-0265,2025-04-23,1
V-009485,E-DEMO-NM-0265,2025-05-03,1
V-009486,E-DEMO-NM-0265,2025-06-03,1
V-009487,E-DEMO-NM-0265,2025-07-04,1
V-009488,E-DEMO-NM-0265,2025-08-08,1
V-009489,E-DEMO-NM-0266,2025-05-18,1
V-009490,E-DEMO-NM-0267,2024-12-22,1
V-009491,E-DEMO-NM-0267,2025-01-07,1
V-009492,E-DEMO-NM-0267,2025-02-17,1
V-009493,E-DEMO-NM-0267,2025-03-24,1
V-009494,E-DEMO-NM-0267,2025-04-22,1
V-009495,E-DEMO-NM-0267,2025-05-10,1
V-009496,E-DEMO-NM-0267,2025-07-04,1
V-009497,E-DEMO-NM-0267,2025-08-04,1
V-009498,E-DEMO-NM-0267,2025-09-06,1
V-009499,E-DEMO-NM-0267,2025-10-10,1
V-009500,E-DEMO-NM-0267,2025-11-22,1
V-009501,E-DEMO-NM-0267,2025-12-23,1
V-009502,E-DEMO-NM-0268,2023-12-10,1
V-009503,E-DEMO-NM-0268,2024-02-26,1
V-009504,E-DEMO-NM-0268,2024-03-14,1
V-009505,E-DEMO-NM-0268,2024-05-03,1
V-009506,E-DEMO-NM-0268,2024-06-02,1
V-009507,E-DEMO-NM-0268,2024-07-06,1
V-009508,E-DEMO-NM-0268,2024-08-30,1
V-009509,E-DEMO-NM-0268,2024-09-02,1
V-009510,E-DEMO-NM-0268,2024-10-24,1
V-009511,E-DEMO-NM-0269,2024-10-25,1
V-009512,E-DEMO-NM-0269,2024-11-24,1
V-009513,E-DEMO-NM-0269,2024-12-30,1
V-009514,E-DEMO-NM-0269,2025-01-22,1
V-009515,E-DEMO-NM-0269,2025-02-22,1
V-009516,E-DEMO-NM-0269,2025-03-29,1
V-009517,E-DEMO-NM-0269,2025-04-17,1
V-009518,E-DEMO-NM-0269,2025-05-11,1
V-009519,E-DEMO-NM-0269,2025-06-04,1
V-009520,E-DEMO-NM-0269,2025-08-02,1
V-009521,E-DEMO-NM-0269,2025-09-05,1
V-009522,E-DEMO-NM-0269,2025-11-24,1
V-009523,E-DEMO-NM-0269,2025-12-10,1
V-009524,E-DEMO-NM-0270,2025-05-31,1
V-009525,E-DEMO-NM-0270,2025-08-11,1
V-009526,E-DEMO-NM-0270,2025-09-27,1
V-009527,E-DEMO-NM-0270,2025-10-13,1
V-009528,E-DEMO-NM-0270,2025-11-21,1
V-009529,E-DEMO-NM-0270,2025-12-26,1
V-009530,E-DEMO-NM-0271,2023-12-22,1
V-009531,E-DEMO-NM-0271,2024-01-01,1
V-009532,E-DEMO-NM-0271,2024-03-17,1
V-009533,E-DEMO-NM-0271,2024-04-09,1
V-009534,E-DEMO-NM-0271,2024-05-23,1
V-009535,E-DEMO-NM-0271,2024-06-07,1
V-009536,E-DEMO-NM-0271,2024-07-14,1
V-009537,E-DEMO-NM-0271,2024-08-04,1
V-009538,E-DEMO-NM-0271,2024-09-05,1
V-009539,E-DEMO-NM-0272,2024-06-23,1
V-009540,E-DEMO-NM-0272,2024-09-08,1
V-009541,E-DEMO-NM-0272,2024-10-03,1
V-009542,E-DEMO-NM-0272,2024-11-14,1
V-009543,E-DEMO-NM-0272,2024-12-08,1
V-009544,E-DEMO-NM-0272,2025-01-20,1
V-009545,E-DEMO-NM-0272,2025-02-02,1
V-009546,E-DEMO-NM-0272,2025-03-27,1
V-009547,E-DEMO-NM-0272,2025-11-24,1
V-009548,E-DEMO-NM-0272,2025-12-22,1
V-009549,E-DEMO-NM-0273,2024-11-23,1
V-009550,E-DEMO-NM-0273,2024-12-02,1
V-009551,E-DEMO-NM-0273,2025-01-10,1
V-009552,E-DEMO-NM-0273,2025-02-05,1
V-009553,E-DEMO-NM-0273,2025-04-23,1
V-009554,E-DEMO-NM-0273,2025-05-12,1
V-009555,E-DEMO-NM-0274,2023-02-19,1
V-009556,E-DEMO-NM-0274,2023-03-10,1
V-009557,E-DEMO-NM-0274,2023-05-14,1
V-009558,E-DEMO-NM-0274,2023-06-30,1
V-009559,E-DEMO-NM-0274,2023-07-31,1
V-009560,E-DEMO-NM-0274,2023-09-17,1
V-009561,E-DEMO-NM-0274,2023-10-16,1
V-009562,E-DEMO-NM-0274,2023-11-10,1
V-009563,E-DEMO-NM-0274,2023-12-05,1
V-009564,E-DEMO-NM-0274,2024-02-14,1
V-009565,E-DEMO-NM-0274,2024-03-27,1
V-009566,E-DEMO-NM-0274,2024-04-09,1
V-009567,E-DEMO-NM-0274,2024-05-18,1
V-009568,E-DEMO-NM-0274,2024-07-11,1
V-009569,E-DEMO-NM-0274,2024-10-14,1
V-009570,E-DEMO-NM-0275,2024-04-10,1
V-009571,E-DEMO-NM-0275,2024-06-10,1
V-009572,E-DEMO-NM-0275,2024-07-12,1
V-009573,E-DEMO-NM-0275,2024-08-26,1
V-009574,E-DEMO-NM-0275,2024-09-23,1
V-009575,E-DEMO-NM-0275,2024-10-03,1
V-009576,E-DEMO-NM-0275,2024-12-23,1
V-009577,E-DEMO-NM-0275,2025-01-26,1
V-009578,E-DEMO-NM-0275,2025-03-24,1
V-009579,E-DEMO-NM-0275,2025-04-05,1
V-009580,E-DEMO-NM-0275,2025-05-21,1
V-009581,E-DEMO-NM-0275,2025-08-13,1
V-009582,E-DEMO-NM-0275,2025-09-27,1
V-009583,E-DEMO-NM-0275,2025-10-08,1
V-009584,E-DEMO-NM-0275,2025-11-02,1
V-009585,E-DEMO-NM-0275,2025-12-30,1
V-009586,E-DEMO-NM-0276,2024-02-25,1
V-009587,E-DEMO-NM-0276,2024-03-20,1
V-009588,E-DEMO-NM-0276,2024-05-27,1
V-009589,E-DEMO-NM-0276,2024-06-20,1
V-009590,E-DEMO-NM-0276,2024-07-13,1
V-009591,E-DEMO-NM-0276,2024-09-22,1
V-009592,E-DEMO-NM-0276,2024-12-03,1
V-009593,E-DEMO-NM-0276,2025-02-25,1
V-009594,E-DEMO-NM-0276,2025-03-27,1
V-009595,E-DEMO-NM-0276,2025-04-16,1
V-009596,E-DEMO-NM-0276,2025-05-06,1
V-009597,E-DEMO-NM-0277,2024-10-25,1
V-009598,E-DEMO-NM-0277,2024-12-20,1
V-009599,E-DEMO-NM-0277,2025-01-26,1
V-009600,E-DEMO-NM-0277,2025-02-06,1
V-009601,E-DEMO-NM-0277,2025-03-19,1
V-009602,E-DEMO-NM-0278,2025-07-08,1
V-009603,E-DEMO-NM-0278,2025-09-24,1
V-009604,E-DEMO-NM-0278,2025-10-16,1
V-009605,E-DEMO-NM-0278,2025-12-21,1
V-009606,E-DEMO-NM-0279,2023-08-19,1
V-009607,E-DEMO-NM-0279,2023-09-20,1
V-009608,E-DEMO-NM-0279,2023-10-16,1
V-009609,E-DEMO-NM-0279,2023-11-08,1
V-009610,E-DEMO-NM-0279,2023-12-23,1
V-009611,E-DEMO-NM-0279,2024-02-08,1
V-009612,E-DEMO-NM-0279,2024-03-09,1
V-009613,E-DEMO-NM-0279,2024-04-11,1
V-009614,E-DEMO-NM-0279,2024-05-29,1
V-009615,E-DEMO-NM-0279,2024-06-26,1
V-009616,E-DEMO-NM-0279,2024-07-18,1
V-009617,E-DEMO-NM-0279,2024-08-01,1
V-009618,E-DEMO-NM-0279,2024-10-19,1
V-009619,E-DEMO-NM-0279,2024-11-28,1
V-009620,E-DEMO-NM-0279,2024-12-02,1
V-009621,E-DEMO-NM-0279,2025-01-28,1
V-009622,E-DEMO-NM-0279,2025-02-17,1
V-009623,E-DEMO-NM-0279,2025-03-19,1
V-009624,E-DEMO-NM-0279,2025-06-10,1
V-009625,E-DEMO-NM-0279,2025-07-18,1
V-009626,E-DEMO-NM-0279,2025-08-10,1
V-009627,E-DEMO-NM-0280,2025-08-22,1
V-009628,E-DEMO-NM-0280,2025-09-12,1
V-009629,E-DEMO-NM-0280,2025-11-28,1
V-009630,E-DEMO-NM-0281,2025-01-12,1
V-009631,E-DEMO-NM-0281,2025-02-05,1
V-009632,E-DEMO-NM-0281,2025-03-21,1
V-009633,E-DEMO-NM-0281,2025-05-02,1
V-009634,E-DEMO-NM-0281,2025-06-21,1
V-009635,E-DEMO-NM-0281,2025-07-07,1
V-009636,E-DEMO-NM-0281,2025-08-10,1
V-009637,E-DEMO-NM-0281,2025-09-18,1
V-009638,E-DEMO-NM-0281,2025-10-15,1
V-009639,E-DEMO-NM-0281,2025-11-03,1
V-009640,E-DEMO-NM-0281,2025-12-21,1
V-009641,E-DEMO-NM-0282,2024-10-29,1
V-009642,E-DEMO-NM-0282,2024-11-18,1
V-009643,E-DEMO-NM-0282,2024-12-13,1
V-009644,E-DEMO-NM-0282,2025-02-16,1
V-009645,E-DEMO-NM-0282,2025-03-19,1
V-009646,E-DEMO-NM-0282,2025-04-14,1
V-009647,E-DEMO-NM-0282,2025-05-09,1
V-009648,E-DEMO-NM-0282,2025-06-16,1
V-009649,E-DEMO-NM-0282,2025-08-18,1
V-009650,E-DEMO-NM-0283,2024-04-13,1
V-009651,E-DEMO-NM-0283,2024-05-22,1
V-009652,E-DEMO-NM-0283,2024-06-05,1
V-009653,E-DEMO-NM-0283,2024-07-07,1
V-009654,E-DEMO-NM-0283,2024-10-26,1
V-009655,E-DEMO-NM-0283,2024-11-19,1
V-009656,E-DEMO-NM-0283,2025-02-01,1
V-009657,E-DEMO-NM-0283,2025-03-11,1
V-009658,E-DEMO-NM-0283,2025-04-10,1
V-009659,E-DEMO-NM-0283,2025-07-30,1
V-009660,E-DEMO-NM-0283,2025-08-03,1
V-009661,E-DEMO-NM-0283,2025-09-23,1
V-009662,E-DEMO-NM-0283,2025-10-07,1
V-009663,E-DEMO-NM-0283,2025-11-11,1
V-009664,E-DEMO-NM-0284,2023-06-18,1
V-009665,E-DEMO-NM-0284,2023-09-02,1
V-009666,E-DEMO-NM-0284,2023-10-15,1
V-009667,E-DEMO-NM-0284,2023-12-30,1
V-009668,E-DEMO-NM-0284,2024-01-11,1
V-009669,E-DEMO-NM-0284,2024-02-16,1
V-009670,E-DEMO-NM-0284,2024-03-16,1
V-009671,E-DEMO-NM-0284,2024-04-09,1
V-009672,E-DEMO-NM-0284,2024-06-20,1
V-009673,E-DEMO-NM-0284,2024-07-24,1
V-009674,E-DEMO-NM-0284,2024-08-14,1
V-009675,E-DEMO-NM-0284,2024-09-16,1
V-009676,E-DEMO-NM-0284,2024-10-05,1
V-009677,E-DEMO-NM-0284,2024-11-26,1
V-009678,E-DEMO-NM-0284,2024-12-31,1
V-009679,E-DEMO-NM-0284,2025-01-30,1
V-009680,E-DEMO-NM-0284,2025-02-11,1
V-009681,E-DEMO-NM-0284,2025-03-22,1
V-009682,E-DEMO-NM-0284,2025-04-04,1
V-009683,E-DEMO-NM-0284,2025-05-25,1
V-009684,E-DEMO-NM-0284,2025-06-18,1
V-009685,E-DEMO-NM-0284,2025-07-26,1
V-009686,E-DEMO-NM-0284,2025-08-06,1
V-009687,E-DEMO-NM-0285,2025-04-30,1
V-009688,E-DEMO-NM-0285,2025-05-15,1
V-009689,E-DEMO-NM-0285,2025-07-03,1
V-009690,E-DEMO-NM-0285,2025-08-30,1
V-009691,E-DEMO-NM-0285,2025-09-22,1
V-009692,E-DEMO-NM-0285,2025-11-23,1
V-009693,E-DEMO-NM-0285,2025-12-03,1
V-009694,E-DEMO-NM-0286,2025-04-20,1
V-009695,E-DEMO-NM-0286,2025-05-14,1
V-009696,E-DEMO-NM-0286,2025-07-16,1
V-009697,E-DEMO-NM-0286,2025-08-14,1
V-009698,E-DEMO-NM-0286,2025-10-04,1
V-009699,E-DEMO-NM-0286,2025-11-19,1
V-009700,E-DEMO-NM-0286,2025-12-23,1
V-009701,E-DEMO-NM-0287,2024-01-25,1
V-009702,E-DEMO-NM-0287,2024-02-20,1
V-009703,E-DEMO-NM-0287,2024-03-28,1
V-009704,E-DEMO-NM-0287,2024-05-18,1
V-009705,E-DEMO-NM-0287,2024-06-15,1
V-009706,E-DEMO-NM-0287,2024-07-20,1
V-009707,E-DEMO-NM-0287,2024-08-13,1
V-009708,E-DEMO-NM-0287,2024-09-01,1
V-009709,E-DEMO-NM-0287,2024-11-05,1
V-009710,E-DEMO-NM-0287,2024-12-09,1
V-009711,E-DEMO-NM-0287,2025-01-26,1
V-009712,E-DEMO-NM-0287,2025-02-22,1
V-009713,E-DEMO-NM-0287,2025-03-21,1
V-009714,E-DEMO-NM-0287,2025-04-06,1
V-009715,E-DEMO-NM-0287,2025-05-22,1
V-009716,E-DEMO-NM-0287,2025-06-10,1
V-009717,E-DEMO-NM-0288,2023-10-21,1
V-009718,E-DEMO-NM-0288,2023-12-01,1
V-009719,E-DEMO-NM-0288,2024-02-17,1
V-009720,E-DEMO-NM-0288,2024-04-26,1
V-009721,E-DEMO-NM-0288,2024-05-21,1
V-009722,E-DEMO-NM-0288,2024-06-12,1
V-009723,E-DEMO-NM-0288,2024-09-13,1
V-009724,E-DEMO-NM-0288,2024-11-27,1
V-009725,E-DEMO-NM-0288,2024-12-30,1
V-009726,E-DEMO-NM-0288,2025-01-02,1
V-009727,E-DEMO-NM-0288,2025-02-05,1
V-009728,E-DEMO-NM-0288,2025-03-09,1
V-009729,E-DEMO-NM-0289,2024-02-13,1
V-009730,E-DEMO-NM-0289,2024-03-10,1
V-009731,E-DEMO-NM-0289,2024-04-21,1
V-009732,E-DEMO-NM-0289,2024-09-19,1
V-009733,E-DEMO-NM-0289,2024-10-19,1
V-009734,E-DEMO-NM-0289,2024-11-30,1
V-009735,E-DEMO-NM-0289,2024-12-24,1
V-009736,E-DEMO-NM-0290,2023-06-23,1
V-009737,E-DEMO-NM-0290,2023-08-09,1
V-009738,E-DEMO-NM-0290,2023-10-04,1
V-009739,E-DEMO-NM-0290,2023-11-02,1
V-009740,E-DEMO-NM-0290,2023-12-08,1
V-009741,E-DEMO-NM-0290,2024-01-07,1
V-009742,E-DEMO-NM-0290,2024-02-04,1
V-009743,E-DEMO-NM-0290,2024-03-01,1
V-009744,E-DEMO-NM-0290,2024-04-30,1
V-009745,E-DEMO-NM-0290,2024-06-16,1
V-009746,E-DEMO-NM-0290,2024-07-28,1
V-009747,E-DEMO-NM-0291,2023-12-17,1
V-009748,E-DEMO-NM-0291,2024-01-03,1
V-009749,E-DEMO-NM-0291,2024-04-07,1
V-009750,E-DEMO-NM-0291,2024-05-04,1
V-009751,E-DEMO-NM-0291,2024-06-14,1
V-009752,E-DEMO-NM-0291,2024-07-30,1
V-009753,E-DEMO-NM-0291,2024-08-15,1
V-009754,E-DEMO-NM-0291,2024-09-09,1
V-009755,E-DEMO-NM-0291,2024-10-16,1
V-009756,E-DEMO-NM-0291,2024-12-18,1
V-009757,E-DEMO-NM-0291,2025-01-13,1
V-009758,E-DEMO-NM-0291,2025-02-04,1
V-009759,E-DEMO-NM-0291,2025-03-12,1
V-009760,E-DEMO-NM-0291,2025-05-15,1
V-009761,E-DEMO-NM-0291,2025-06-16,1
V-009762,E-DEMO-NM-0292,2024-01-27,1
V-009763,E-DEMO-NM-0292,2024-03-01,1
V-009764,E-DEMO-NM-0292,2024-04-14,1
V-009765,E-DEMO-NM-0292,2024-05-23,1
V-009766,E-DEMO-NM-0292,2024-06-10,1
V-009767,E-DEMO-NM-0292,2024-07-10,1
V-009768,E-DEMO-NM-0292,2024-08-05,1
V-009769,E-DEMO-NM-0292,2024-11-19,1
V-009770,E-DEMO-NM-0292,2025-01-31,1
V-009771,E-DEMO-NM-0292,2025-02-12,1
V-009772,E-DEMO-NM-0292,2025-03-29,1
V-009773,E-DEMO-NM-0292,2025-04-25,1
V-009774,E-DEMO-NM-0292,2025-08-08,1
V-009775,E-DEMO-NM-0292,2025-09-01,1
V-009776,E-DEMO-NM-0292,2025-10-04,1
V-009777,E-DEMO-NM-0293,2023-06-28,1
V-009778,E-DEMO-NM-0293,2023-07-13,1
V-009779,E-DEMO-NM-0293,2023-08-06,1
V-009780,E-DEMO-NM-0293,2023-09-02,1
V-009781,E-DEMO-NM-0293,2023-11-15,1
V-009782,E-DEMO-NM-0293,2023-12-14,1
V-009783,E-DEMO-NM-0294,2025-08-14,1
V-009784,E-DEMO-NM-0294,2025-09-27,1
V-009785,E-DEMO-NM-0294,2025-11-30,1
V-009786,E-DEMO-NM-0294,2025-12-24,1
V-009787,E-DEMO-NM-0295,2025-01-31,1
V-009788,E-DEMO-NM-0295,2025-02-25,1
V-009789,E-DEMO-NM-0295,2025-03-09,1
V-009790,E-DEMO-NM-0295,2025-04-03,1
V-009791,E-DEMO-NM-0295,2025-05-09,1
V-009792,E-DEMO-NM-0295,2025-06-19,1
V-009793,E-DEMO-NM-0295,2025-07-06,1
V-009794,E-DEMO-NM-0295,2025-08-27,1
V-009795,E-DEMO-NM-0295,2025-09-03,1
V-009796,E-DEMO-NM-0295,2025-10-19,1
V-009797,E-DEMO-NM-0295,2025-11-27,1
V-009798,E-DEMO-NM-0295,2025-12-21,1
V-009799,E-DEMO-NM-0296,2024-05-07,1
V-009800,E-DEMO-NM-0296,2024-06-05,1
V-009801,E-DEMO-NM-0297,2024-08-20,1
V-009802,E-DEMO-NM-0297,2024-10-24,1
V-009803,E-DEMO-NM-0297,2024-11-03,1
V-009804,E-DEMO-NM-0297,2025-01-13,1
V-009805,E-DEMO-NM-0297,2025-02-10,1
V-009806,E-DEMO-NM-0297,2025-04-28,1
V-009807,E-DEMO-NM-0297,2025-05-13,1
V-009808,E-DEMO-NM-0298,2025-05-11,1
V-009809,E-DEMO-NM-0298,2025-06-01,1
V-009810,E-DEMO-NM-0298,2025-07-23,1
V-009811,E-DEMO-NM-0298,2025-08-15,1
V-009812,E-DEMO-NM-0299,2023-01-21,1
V-009813,E-DEMO-NM-0299,2023-03-26,1
V-009814,E-DEMO-NM-0299,2023-04-28,1
V-009815,E-DEMO-NM-0299,2023-06-13,1
V-009816,E-DEMO-NM-0299,2023-07-29,1
V-009817,E-DEMO-NM-0299,2023-09-07,1
V-009818,E-DEMO-NM-0299,2023-10-15,1
V-009819,E-DEMO-NM-0299,2023-11-21,1
V-009820,E-DEMO-NM-0301,2024-03-05,1
V-009821,E-DEMO-NM-0301,2024-05-04,1
V-009822,E-DEMO-NM-0301,2024-06-03,1
V-009823,E-DEMO-NM-0301,2024-07-10,1
V-009824,E-DEMO-NM-0301,2024-09-12,1
V-009825,E-DEMO-NM-0301,2024-10-15,1
V-009826,E-DEMO-NM-0301,2024-11-21,1
V-009827,E-DEMO-NM-0301,2024-12-08,1
V-009828,E-DEMO-NM-0301,2025-01-31,1
V-009829,E-DEMO-NM-0301,2025-02-25,1
V-009830,E-DEMO-NM-0301,2025-03-29,1
V-009831,E-DEMO-NM-0301,2025-05-20,1
V-009832,E-DEMO-NM-0301,2025-06-13,1
V-009833,E-DEMO-NM-0301,2025-07-31,1
V-009834,E-DEMO-NM-0301,2025-08-12,1
V-009835,E-DEMO-NM-0301,2025-09-08,1
V-009836,E-DEMO-NM-0301,2025-10-07,1
V-009837,E-DEMO-NM-0301,2025-11-27,1
V-009838,E-DEMO-NM-0301,2025-12-01,1
V-009839,E-DEMO-NM-0302,2024-03-01,1
V-009840,E-DEMO-NM-0302,2024-04-16,1
V-009841,E-DEMO-NM-0302,2024-05-29,1
V-009842,E-DEMO-NM-0302,2024-07-18,1
V-009843,E-DEMO-NM-0302,2024-09-25,1
V-009844,E-DEMO-NM-0303,2025-03-07,1
V-009845,E-DEMO-NM-0303,2025-04-25,1
V-009846,E-DEMO-NM-0303,2025-05-11,1
V-009847,E-DEMO-NM-0303,2025-07-02,1
V-009848,E-DEMO-NM-0303,2025-08-06,1
V-009849,E-DEMO-NM-0303,2025-10-08,1
V-009850,E-DEMO-NM-0303,2025-11-23,1
V-009851,E-DEMO-NM-0303,2025-12-31,1
V-009852,E-DEMO-NM-0304,2025-09-29,1
V-009853,E-DEMO-NM-0304,2025-10-28,1
V-009854,E-DEMO-NM-0304,2025-11-03,1
V-009855,E-DEMO-NM-0304,2025-12-20,1
V-009856,E-DEMO-NM-0305,2024-04-23,1
V-009857,E-DEMO-NM-0305,2024-06-20,1
V-009858,E-DEMO-NM-0305,2024-07-28,1
V-009859,E-DEMO-NM-0305,2024-08-30,1
V-009860,E-DEMO-NM-0305,2024-09-04,1
V-009861,E-DEMO-NM-0305,2024-10-10,1
V-009862,E-DEMO-NM-0305,2024-11-08,1
V-009863,E-DEMO-NM-0305,2024-12-18,1
V-009864,E-DEMO-NM-0305,2025-01-20,1
V-009865,E-DEMO-NM-0305,2025-03-26,1
V-009866,E-DEMO-NM-0305,2025-05-01,1
V-009867,E-DEMO-NM-0305,2025-06-02,1
V-009868,E-DEMO-NM-0305,2025-08-30,1
V-009869,E-DEMO-NM-0305,2025-09-29,1
V-009870,E-DEMO-NM-0306,2025-05-26,1
V-009871,E-DEMO-NM-0306,2025-08-25,1
V-009872,E-DEMO-NM-0306,2025-11-07,1
V-009873,E-DEMO-NM-0307,2025-09-03,1
V-009874,E-DEMO-NM-0307,2025-10-22,1
V-009875,E-DEMO-NM-0307,2025-11-27,1
V-009876,E-DEMO-NM-0307,2025-12-14,1
V-009877,E-DEMO-NM-0308,2025-07-24,1
V-009878,E-DEMO-NM-0308,2025-08-09,1
V-009879,E-DEMO-NM-0308,2025-09-08,1
V-009880,E-DEMO-NM-0308,2025-10-15,1
V-009881,E-DEMO-NM-0308,2025-11-15,1
V-009882,E-DEMO-NM-0308,2025-12-04,1
V-009883,E-DEMO-NM-0309,2023-11-25,1
V-009884,E-DEMO-NM-0309,2023-12-21,1
V-009885,E-DEMO-NM-0309,2024-01-31,1
V-009886,E-DEMO-NM-0309,2024-02-05,1
V-009887,E-DEMO-NM-0309,2024-03-13,1
V-009888,E-DEMO-NM-0309,2024-04-28,1
V-009889,E-DEMO-NM-0309,2024-05-05,1
V-009890,E-DEMO-NM-0309,2024-06-24,1
V-009891,E-DEMO-NM-0309,2024-07-17,1
V-009892,E-DEMO-NM-0309,2024-09-03,1
V-009893,E-DEMO-NM-0309,2024-10-01,1
V-009894,E-DEMO-NM-0309,2024-12-13,1
V-009895,E-DEMO-NM-0309,2025-02-06,1
V-009896,E-DEMO-NM-0309,2025-05-27,1
V-009897,E-DEMO-NM-0309,2025-06-17,1
V-009898,E-DEMO-NM-0309,2025-07-14,1
V-009899,E-DEMO-NM-0309,2025-09-05,1
V-009900,E-DEMO-NM-0309,2025-10-10,1
V-009901,E-DEMO-NM-0310,2023-04-10,1
V-009902,E-DEMO-NM-0310,2023-05-23,1
V-009903,E-DEMO-NM-0310,2023-07-02,1
V-009904,E-DEMO-NM-0310,2023-09-28,1
V-009905,E-DEMO-NM-0310,2023-10-19,1
V-009906,E-DEMO-NM-0310,2023-11-05,1
V-009907,E-DEMO-NM-0310,2023-12-27,1
V-009908,E-DEMO-NM-0311,2024-05-25,1
V-009909,E-DEMO-NM-0311,2024-06-24,1
V-009910,E-DEMO-NM-0311,2024-07-13,1
V-009911,E-DEMO-NM-0311,2024-10-03,1
V-009912,E-DEMO-NM-0311,2024-11-25,1
V-009913,E-DEMO-NM-0311,2025-01-22,1
V-009914,E-DEMO-NM-0311,2025-03-04,1
V-009915,E-DEMO-NM-0312,2023-10-06,1
V-009916,E-DEMO-NM-0312,2023-11-21,1
V-009917,E-DEMO-NM-0312,2024-01-24,1
V-009918,E-DEMO-NM-0312,2024-02-11,1
V-009919,E-DEMO-NM-0312,2024-03-25,1
V-009920,E-DEMO-NM-0312,2024-04-07,1
V-009921,E-DEMO-NM-0312,2024-05-22,1
V-009922,E-DEMO-NM-0312,2024-06-27,1
V-009923,E-DEMO-NM-0312,2024-07-30,1
V-009924,E-DEMO-NM-0312,2024-08-04,1
V-009925,E-DEMO-NM-0312,2024-09-23,1
V-009926,E-DEMO-NM-0312,2024-11-23,1
V-009927,E-DEMO-NM-0313,2024-05-23,1
V-009928,E-DEMO-NM-0313,2024-07-13,1
V-009929,E-DEMO-NM-0313,2024-09-21,1
V-009930,E-DEMO-NM-0313,2024-11-08,1
V-009931,E-DEMO-NM-0313,2024-12-12,1
V-009932,E-DEMO-NM-0314,2024-02-06,1
V-009933,E-DEMO-NM-0314,2024-03-08,1
V-009934,E-DEMO-NM-0314,2024-04-12,1
V-009935,E-DEMO-NM-0314,2024-05-29,1
V-009936,E-DEMO-NM-0314,2024-07-30,1
V-009937,E-DEMO-NM-0314,2024-08-02,1
V-009938,E-DEMO-NM-0314,2024-10-07,1
V-009939,E-DEMO-NM-0314,2024-12-02,1
V-009940,E-DEMO-NM-0314,2025-02-24,1
V-009941,E-DEMO-NM-0314,2025-03-26,1
V-009942,E-DEMO-NM-0314,2025-04-09,1
V-009943,E-DEMO-NM-0314,2025-05-08,1
V-009944,E-DEMO-NM-0314,2025-06-17,1
V-009945,E-DEMO-NM-0314,2025-07-21,1
V-009946,E-DEMO-NM-0314,2025-08-22,1
V-009947,E-DEMO-NM-0314,2025-09-29,1
V-009948,E-DEMO-NM-0314,2025-11-29,1
V-009949,E-DEMO-NM-0315,2024-07-01,1
V-009950,E-DEMO-NM-0315,2024-09-20,1
V-009951,E-DEMO-NM-0315,2024-11-03,1
V-009952,E-DEMO-NM-0316,2025-05-11,1
V-009953,E-DEMO-NM-0316,2025-06-28,1
V-009954,E-DEMO-NM-0316,2025-07-24,1
V-009955,E-DEMO-NM-0316,2025-09-07,1
V-009956,E-DEMO-NM-0316,2025-10-08,1
V-009957,E-DEMO-NM-0316,2025-11-22,1
V-009958,E-DEMO-NM-0317,2023-04-19,1
V-009959,E-DEMO-NM-0317,2023-05-05,1
V-009960,E-DEMO-NM-0317,2023-06-26,1
V-009961,E-DEMO-NM-0317,2023-07-06,1
V-009962,E-DEMO-NM-0317,2023-08-19,1
V-009963,E-DEMO-NM-0317,2023-09-08,1
V-009964,E-DEMO-NM-0317,2023-10-08,1
V-009965,E-DEMO-NM-0317,2023-11-15,1
V-009966,E-DEMO-NM-0317,2023-12-07,1
V-009967,E-DEMO-NM-0317,2024-05-02,1
V-009968,E-DEMO-NM-0317,2024-07-04,1
V-009969,E-DEMO-NM-0317,2024-08-28,1
V-009970,E-DEMO-NM-0317,2024-09-10,1
V-009971,E-DEMO-NM-0317,2024-10-09,1
V-009972,E-DEMO-NM-0318,2023-05-20,1
V-009973,E-DEMO-NM-0318,2023-06-06,1
V-009974,E-DEMO-NM-0318,2023-07-15,1
V-009975,E-DEMO-NM-0318,2023-08-12,1
V-009976,E-DEMO-NM-0318,2023-09-12,1
V-009977,E-DEMO-NM-0318,2023-10-03,1
V-009978,E-DEMO-NM-0318,2023-11-01,1
V-009979,E-DEMO-NM-0318,2024-01-18,1
V-009980,E-DEMO-NM-0318,2024-03-16,1
V-009981,E-DEMO-NM-0318,2024-05-08,1
V-009982,E-DEMO-NM-0318,2024-06-09,1
V-009983,E-DEMO-NM-0319,2025-09-21,1
V-009984,E-DEMO-NM-0319,2025-10-20,1
V-009985,E-DEMO-NM-0320,2024-09-17,1
V-009986,E-DEMO-NM-0320,2024-10-24,1
V-009987,E-DEMO-NM-0320,2024-11-29,1
V-009988,E-DEMO-NM-0320,2024-12-07,1
V-009989,E-DEMO-NM-0320,2025-01-19,1
V-009990,E-DEMO-NM-0320,2025-03-11,1
V-009991,E-DEMO-NM-0321,2024-05-20,1
V-009992,E-DEMO-NM-0321,2024-06-13,1
V-009993,E-DEMO-NM-0322,2024-05-01,1
V-009994,E-DEMO-NM-0323,2025-08-15,1
V-009995,E-DEMO-NM-0323,2025-09-02,1
V-009996,E-DEMO-NM-0323,2025-10-18,1
V-009997,E-DEMO-NM-0323,2025-11-04,1
V-009998,E-DEMO-NM-0323,2025-12-28,1
V-009999,E-DEMO-NM-0324,2024-03-18,1
V-010000,E-DEMO-NM-0324,2024-04-22,1
V-010001,E-DEMO-NM-0324,2024-07-02,1
V-010002,E-DEMO-NM-0325,2024-10-21,1
V-010003,E-DEMO-NM-0325,2024-11-13,1
V-010004,E-DEMO-NM-0325,2024-12-31,1
V-010005,E-DEMO-NM-0325,2025-01-04,1
V-010006,E-DEMO-NM-0325,2025-02-07,1
V-010007,E-DEMO-NM-0325,2025-04-14,1
V-010008,E-DEMO-NM-0325,2025-05-04,1
V-010009,E-DEMO-NM-0325,2025-07-26,1
V-010010,E-DEMO-NM-0325,2025-08-21,1
V-010011,E-DEMO-NM-0325,2025-10-19,1
V-010012,E-DEMO-NM-0325,2025-11-09,1
V-010013,E-DEMO-NM-0325,2025-12-05,1
V-010014,E-DEMO-NM-0326,2024-10-26,1
V-010015,E-DEMO-NM-0326,2024-11-13,1
V-010016,E-DEMO-NM-0326,2024-12-04,1
V-010017,E-DEMO-NM-0326,2025-01-17,1
V-010018,E-DEMO-NM-0326,2025-02-25,1
V-010019,E-DEMO-NM-0326,2025-03-22,1
V-010020,E-DEMO-NM-0326,2025-05-28,1
V-010021,E-DEMO-NM-0326,2025-07-16,1
V-010022,E-DEMO-NM-0326,2025-08-27,1
V-010023,E-DEMO-NM-0326,2025-10-05,1
V-010024,E-DEMO-NM-0326,2025-11-11,1
V-010025,E-DEMO-NM-0326,2025-12-09,1
V-010026,E-DEMO-NM-0327,2023-03-30,1
V-010027,E-DEMO-NM-0327,2023-04-12,1
V-010028,E-DEMO-NM-0327,2023-05-15,1
V-010029,E-DEMO-NM-0327,2023-06-21,1
V-010030,E-DEMO-NM-0327,2023-07-17,1
V-010031,E-DEMO-NM-0327,2023-10-21,1
V-010032,E-DEMO-NM-0327,2023-11-06,1
V-010033,E-DEMO-NM-0327,2023-12-28,1
V-010034,E-DEMO-NM-0327,2024-01-21,1
V-010035,E-DEMO-NM-0327,2024-02-13,1
V-010036,E-DEMO-NM-0327,2024-05-08,1
V-010037,E-DEMO-NM-0327,2024-06-22,1
V-010038,E-DEMO-NM-0327,2024-07-13,1
V-010039,E-DEMO-NM-0327,2024-08-02,1
V-010040,E-DEMO-NM-0327,2024-09-22,1
V-010041,E-DEMO-NM-0327,2024-10-11,1
V-010042,E-DEMO-NM-0328,2024-07-31,1
V-010043,E-DEMO-NM-0328,2024-08-31,1
V-010044,E-DEMO-NM-0328,2024-09-20,1
V-010045,E-DEMO-NM-0329,2025-03-08,1
V-010046,E-DEMO-NM-0329,2025-04-08,1
V-010047,E-DEMO-NM-0329,2025-05-17,1
V-010048,E-DEMO-NM-0329,2025-06-19,1
V-010049,E-DEMO-NM-0329,2025-07-13,1
V-010050,E-DEMO-NM-0329,2025-08-16,1
V-010051,E-DEMO-NM-0329,2025-09-29,1
V-010052,E-DEMO-NM-0329,2025-10-29,1
V-010053,E-DEMO-NM-0329,2025-11-10,1
V-010054,E-DEMO-NM-0330,2023-09-26,1
V-010055,E-DEMO-NM-0330,2023-11-12,1
V-010056,E-DEMO-NM-0330,2023-12-28,1
V-010057,E-DEMO-NM-0330,2024-01-15,1
V-010058,E-DEMO-NM-0330,2024-02-05,1
V-010059,E-DEMO-NM-0330,2024-03-10,1
V-010060,E-DEMO-NM-0330,2024-04-19,1
V-010061,E-DEMO-NM-0330,2024-05-20,1
V-010062,E-DEMO-NM-0330,2024-06-19,1
V-010063,E-DEMO-NM-0330,2024-07-10,1
V-010064,E-DEMO-NM-0330,2024-09-29,1
V-010065,E-DEMO-NM-0330,2024-10-12,1
V-010066,E-DEMO-NM-0330,2024-11-23,1
V-010067,E-DEMO-NM-0330,2024-12-11,1
V-010068,E-DEMO-NM-0330,2025-01-23,1
V-010069,E-DEMO-NM-0330,2025-02-06,1
V-010070,E-DEMO-NM-0330,2025-03-30,1
V-010071,E-DEMO-NM-0330,2025-04-10,1
V-010072,E-DEMO-NM-0331,2024-06-15,1
V-010073,E-DEMO-NM-0331,2024-08-15,1
V-010074,E-DEMO-NM-0331,2024-10-20,1
V-010075,E-DEMO-NM-0331,2024-12-04,1
V-010076,E-DEMO-NM-0331,2025-02-23,1
V-010077,E-DEMO-NM-0331,2025-05-13,1
V-010078,E-DEMO-NM-0331,2025-07-29,1
V-010079,E-DEMO-NM-0331,2025-08-31,1
V-010080,E-DEMO-NM-0331,2025-10-05,1
V-010081,E-DEMO-NM-0331,2025-11-30,1
V-010082,E-DEMO-NM-0332,2025-09-30,1
V-010083,E-DEMO-NM-0332,2025-10-13,1
V-010084,E-DEMO-NM-0332,2025-11-12,1
V-010085,E-DEMO-NM-0332,2025-12-22,1
V-010086,E-DEMO-NM-0333,2024-07-15,1
V-010087,E-DEMO-NM-0333,2024-09-20,1
V-010088,E-DEMO-NM-0333,2024-10-12,1
V-010089,E-DEMO-NM-0333,2024-11-26,1
V-010090,E-DEMO-NM-0333,2025-02-06,1
V-010091,E-DEMO-NM-0333,2025-03-24,1
V-010092,E-DEMO-NM-0333,2025-04-22,1
V-010093,E-DEMO-NM-0333,2025-05-29,1
V-010094,E-DEMO-NM-0333,2025-07-23,1
V-010095,E-DEMO-NM-0333,2025-09-11,1
V-010096,E-DEMO-NM-0333,2025-10-12,1
V-010097,E-DEMO-NM-0333,2025-11-01,1
V-010098,E-DEMO-NM-0333,2025-12-15,1
V-010099,E-DEMO-NM-0334,2023-06-26,1
V-010100,E-DEMO-NM-0334,2023-07-20,1
V-010101,E-DEMO-NM-0334,2023-08-28,1
V-010102,E-DEMO-NM-0335,2025-04-11,1
V-010103,E-DEMO-NM-0335,2025-05-12,1
V-010104,E-DEMO-NM-0335,2025-06-01,1
V-010105,E-DEMO-NM-0336,2023-05-17,1
V-010106,E-DEMO-NM-0336,2023-06-12,1
V-010107,E-DEMO-NM-0336,2023-07-22,1
V-010108,E-DEMO-NM-0336,2023-08-22,1
V-010109,E-DEMO-NM-0336,2023-09-12,1
V-010110,E-DEMO-NM-0336,2023-10-13,1
V-010111,E-DEMO-NM-0336,2024-01-30,1
V-010112,E-DEMO-NM-0336,2024-05-19,1
V-010113,E-DEMO-NM-0336,2024-06-30,1
V-010114,E-DEMO-NM-0336,2024-07-06,1
V-010115,E-DEMO-NM-0336,2024-08-01,1
V-010116,E-DEMO-NM-0337,2024-03-19,1
V-010117,E-DEMO-NM-0337,2024-04-12,1
V-010118,E-DEMO-NM-0338,2024-08-11,1
V-010119,E-DEMO-NM-0338,2024-09-16,1
V-010120,E-DEMO-NM-0338,2024-10-05,1
V-010121,E-DEMO-NM-0338,2024-12-25,1
V-010122,E-DEMO-NM-0338,2025-01-20,1
V-010123,E-DEMO-NM-0338,2025-02-07,1
V-010124,E-DEMO-NM-0338,2025-03-19,1
V-010125,E-DEMO-NM-0338,2025-04-22,1
V-010126,E-DEMO-NM-0338,2025-06-27,1
V-010127,E-DEMO-NM-0338,2025-07-03,1
V-010128,E-DEMO-NM-0338,2025-08-28,1
V-010129,E-DEMO-NM-0338,2025-10-01,1
V-010130,E-DEMO-NM-0338,2025-11-01,1
V-010131,E-DEMO-NM-0338,2025-12-24,1
V-010132,E-DEMO-NM-0339,2024-01-16,1
V-010133,E-DEMO-NM-0339,2024-02-19,1
V-010134,E-DEMO-NM-0339,2024-03-27,1
V-010135,E-DEMO-NM-0339,2024-04-15,1
V-010136,E-DEMO-NM-0339,2024-05-18,1
V-010137,E-DEMO-NM-0339,2024-06-03,1
V-010138,E-DEMO-NM-0339,2024-07-13,1
V-010139,E-DEMO-NM-0339,2024-09-15,1
V-010140,E-DEMO-NM-0339,2024-10-04,1
V-010141,E-DEMO-NM-0339,2024-12-18,1
V-010142,E-DEMO-NM-0339,2025-01-24,1
V-010143,E-DEMO-NM-0339,2025-03-14,1
V-010144,E-DEMO-NM-0339,2025-04-22,1
V-010145,E-DEMO-NM-0339,2025-05-17,1
V-010146,E-DEMO-NM-0339,2025-06-15,1
V-010147,E-DEMO-NM-0339,2025-07-30,1
V-010148,E-DEMO-NM-0340,2023-05-29,1
V-010149,E-DEMO-NM-0340,2023-06-21,1
V-010150,E-DEMO-NM-0340,2023-09-02,1
V-010151,E-DEMO-NM-0340,2023-10-01,1
V-010152,E-DEMO-NM-0340,2024-01-01,1
V-010153,E-DEMO-NM-0340,2024-02-11,1
V-010154,E-DEMO-NM-0340,2024-03-14,1
V-010155,E-DEMO-NM-0340,2024-04-25,1
V-010156,E-DEMO-NM-0340,2024-05-22,1
V-010157,E-DEMO-NM-0340,2024-06-15,1
V-010158,E-DEMO-NM-0340,2024-08-18,1
V-010159,E-DEMO-NM-0340,2024-09-08,1
V-010160,E-DEMO-NM-0340,2024-11-22,1
V-010161,E-DEMO-NM-0340,2025-01-07,1
V-010162,E-DEMO-NM-0340,2025-03-12,1
V-010163,E-DEMO-NM-0340,2025-04-15,1
V-010164,E-DEMO-NM-0341,2025-07-23,1
V-010165,E-DEMO-NM-0341,2025-09-17,1
V-010166,E-DEMO-NM-0341,2025-11-17,1
V-010167,E-DEMO-NM-0341,2025-12-22,1
V-010168,E-DEMO-NM-0342,2024-04-21,1
V-010169,E-DEMO-NM-0343,2024-09-01,1
V-010170,E-DEMO-NM-0343,2024-10-25,1
V-010171,E-DEMO-NM-0343,2024-12-14,1
V-010172,E-DEMO-NM-0343,2025-01-10,1
V-010173,E-DEMO-NM-0343,2025-02-27,1
V-010174,E-DEMO-NM-0343,2025-05-28,1
V-010175,E-DEMO-NM-0343,2025-07-15,1
V-010176,E-DEMO-NM-0343,2025-08-27,1
V-010177,E-DEMO-NM-0343,2025-09-25,1
V-010178,E-DEMO-NM-0343,2025-10-04,1
V-010179,E-DEMO-NM-0344,2024-04-18,1
V-010180,E-DEMO-NM-0344,2024-06-12,1
V-010181,E-DEMO-NM-0344,2024-07-17,1
V-010182,E-DEMO-NM-0344,2024-08-07,1
V-010183,E-DEMO-NM-0344,2024-10-20,1
V-010184,E-DEMO-NM-0344,2025-04-20,1
V-010185,E-DEMO-NM-0344,2025-05-29,1
V-010186,E-DEMO-NM-0345,2025-03-19,1
V-010187,E-DEMO-NM-0345,2025-04-29,1
V-010188,E-DEMO-NM-0345,2025-07-03,1
V-010189,E-DEMO-NM-0345,2025-08-29,1
V-010190,E-DEMO-NM-0345,2025-09-18,1
V-010191,E-DEMO-NM-0345,2025-10-13,1
V-010192,E-DEMO-NM-0345,2025-12-16,1
V-010193,E-DEMO-NM-0346,2025-02-18,1
V-010194,E-DEMO-NM-0346,2025-03-18,1
V-010195,E-DEMO-NM-0346,2025-05-12,1
V-010196,E-DEMO-NM-0346,2025-08-03,1
V-010197,E-DEMO-NM-0346,2025-09-30,1
V-010198,E-DEMO-NM-0346,2025-12-16,1
V-010199,E-DEMO-NM-0347,2023-12-16,1
V-010200,E-DEMO-NM-0347,2024-01-08,1
V-010201,E-DEMO-NM-0347,2024-02-22,1
V-010202,E-DEMO-NM-0347,2024-04-11,1
V-010203,E-DEMO-NM-0347,2024-05-05,1
V-010204,E-DEMO-NM-0347,2024-09-22,1
V-010205,E-DEMO-NM-0347,2024-10-25,1
V-010206,E-DEMO-NM-0347,2024-11-01,1
V-010207,E-DEMO-NM-0347,2025-01-11,1
V-010208,E-DEMO-NM-0347,2025-03-05,1
V-010209,E-DEMO-NM-0347,2025-04-06,1
V-010210,E-DEMO-NM-0347,2025-05-05,1
V-010211,E-DEMO-NM-0347,2025-06-09,1
V-010212,E-DEMO-NM-0347,2025-07-11,1
V-010213,E-DEMO-NM-0347,2025-08-18,1
V-010214,E-DEMO-NM-0347,2025-09-01,1
V-010215,E-DEMO-NM-0348,2023-11-19,1
V-010216,E-DEMO-NM-0348,2023-12-28,1
V-010217,E-DEMO-NM-0348,2024-02-16,1
V-010218,E-DEMO-NM-0348,2024-03-22,1
V-010219,E-DEMO-NM-0348,2024-04-19,1
V-010220,E-DEMO-NM-0348,2024-06-30,1
V-010221,E-DEMO-NM-0348,2024-07-19,1
V-010222,E-DEMO-NM-0348,2024-08-04,1
V-010223,E-DEMO-NM-0348,2024-09-26,1
V-010224,E-DEMO-NM-0349,2025-10-16,1
V-010225,E-DEMO-NM-0349,2025-11-08,1
V-010226,E-DEMO-NM-0349,2025-12-30,1
V-010227,E-DEMO-NM-0350,2024-11-22,1
V-010228,E-DEMO-NM-0350,2024-12-09,1
V-010229,E-DEMO-NM-0350,2025-01-27,1
V-010230,E-DEMO-NM-0350,2025-02-07,1
V-010231,E-DEMO-NM-0350,2025-04-17,1
V-010232,E-DEMO-NM-0350,2025-05-24,1
V-010233,E-DEMO-NM-0350,2025-06-01,1
V-010234,E-DEMO-NM-0350,2025-07-03,1
V-010235,E-DEMO-NM-0350,2025-08-12,1
V-010236,E-DEMO-NM-0350,2025-09-08,1
V-010237,E-DEMO-NM-0350,2025-10-31,1
V-010238,E-DEMO-NM-0350,2025-11-19,1
V-010239,E-DEMO-NM-0350,2025-12-14,1
V-010240,E-DEMO-NM-0351,2025-04-17,1
V-010241,E-DEMO-NM-0351,2025-05-03,1
V-010242,E-DEMO-NM-0351,2025-06-20,1
V-010243,E-DEMO-NM-0351,2025-07-12,1
V-010244,E-DEMO-NM-0351,2025-08-11,1
V-010245,E-DEMO-NM-0351,2025-11-14,1
V-010246,E-DEMO-NM-0351,2025-12-01,1
V-010247,E-DEMO-NM-0352,2023-07-14,1
V-010248,E-DEMO-NM-0352,2023-08-24,1
V-010249,E-DEMO-NM-0352,2023-10-10,1
V-010250,E-DEMO-NM-0352,2023-11-28,1
V-010251,E-DEMO-NM-0352,2023-12-20,1
V-010252,E-DEMO-NM-0352,2024-03-23,1
V-010253,E-DEMO-NM-0352,2024-04-11,1
V-010254,E-DEMO-NM-0352,2024-05-31,1
V-010255,E-DEMO-NM-0352,2024-06-30,1
V-010256,E-DEMO-NM-0352,2024-07-08,1
V-010257,E-DEMO-NM-0352,2024-08-18,1
V-010258,E-DEMO-NM-0352,2024-09-26,1
V-010259,E-DEMO-NM-0352,2024-10-15,1
V-010260,E-DEMO-NM-0352,2024-12-28,1
V-010261,E-DEMO-NM-0352,2025-01-01,1
V-010262,E-DEMO-NM-0352,2025-02-23,1
V-010263,E-DEMO-NM-0352,2025-04-02,1
V-010264,E-DEMO-NM-0353,2024-07-06,1
V-010265,E-DEMO-NM-0353,2024-08-19,1
V-010266,E-DEMO-NM-0353,2024-09-01,1
V-010267,E-DEMO-NM-0353,2024-10-27,1
V-010268,E-DEMO-NM-0353,2024-11-26,1
V-010269,E-DEMO-NM-0353,2024-12-30,1
V-010270,E-DEMO-NM-0353,2025-01-11,1
V-010271,E-DEMO-NM-0353,2025-04-27,1
V-010272,E-DEMO-NM-0354,2024-10-23,1
V-010273,E-DEMO-NM-0354,2024-12-13,1
V-010274,E-DEMO-NM-0354,2025-01-29,1
V-010275,E-DEMO-NM-0354,2025-02-02,1
V-010276,E-DEMO-NM-0354,2025-03-11,1
V-010277,E-DEMO-NM-0354,2025-04-05,1
V-010278,E-DEMO-NM-0354,2025-05-20,1
V-010279,E-DEMO-NM-0354,2025-06-02,1
V-010280,E-DEMO-NM-0354,2025-07-28,1
V-010281,E-DEMO-NM-0354,2025-08-17,1
V-010282,E-DEMO-NM-0354,2025-09-06,1
V-010283,E-DEMO-NM-0354,2025-10-01,1
V-010284,E-DEMO-NM-0354,2025-12-04,1
V-010285,E-DEMO-NM-0355,2023-03-30,1
V-010286,E-DEMO-NM-0355,2023-04-12,1
V-010287,E-DEMO-NM-0355,2023-06-21,1
V-010288,E-DEMO-NM-0355,2023-07-29,1
V-010289,E-DEMO-NM-0355,2023-09-29,1
V-010290,E-DEMO-NM-0355,2023-10-04,1
V-010291,E-DEMO-NM-0355,2023-11-04,1
V-010292,E-DEMO-NM-0355,2023-12-08,1
V-010293,E-DEMO-NM-0355,2024-01-26,1
V-010294,E-DEMO-NM-0355,2024-02-05,1
V-010295,E-DEMO-NM-0355,2024-03-01,1
V-010296,E-DEMO-NM-0355,2024-04-06,1
V-010297,E-DEMO-NM-0355,2024-06-16,1
V-010298,E-DEMO-NM-0355,2024-07-12,1
V-010299,E-DEMO-NM-0355,2024-08-28,1
V-010300,E-DEMO-NM-0355,2024-09-08,1
V-010301,E-DEMO-NM-0355,2024-11-07,1
V-010302,E-DEMO-NM-0355,2025-01-19,1
V-010303,E-DEMO-NM-0356,2023-02-22,1
V-010304,E-DEMO-NM-0356,2023-05-01,1
V-010305,E-DEMO-NM-0356,2023-06-08,1
V-010306,E-DEMO-NM-0356,2023-07-14,1
V-010307,E-DEMO-NM-0356,2023-08-26,1
V-010308,E-DEMO-NM-0356,2023-09-03,1
V-010309,E-DEMO-NM-0356,2023-11-17,1
V-010310,E-DEMO-NM-0356,2024-01-05,1
V-010311,E-DEMO-NM-0356,2024-02-09,1
V-010312,E-DEMO-NM-0356,2024-04-06,1
V-010313,E-DEMO-NM-0356,2024-05-14,1
V-010314,E-DEMO-NM-0356,2024-07-02,1
V-010315,E-DEMO-NM-0356,2024-09-09,1
V-010316,E-DEMO-NM-0356,2024-11-27,1
V-010317,E-DEMO-NM-0356,2024-12-07,1
V-010318,E-DEMO-NM-0357,2023-10-25,1
V-010319,E-DEMO-NM-0357,2023-11-25,1
V-010320,E-DEMO-NM-0357,2023-12-19,1
V-010321,E-DEMO-NM-0357,2024-01-11,1
V-010322,E-DEMO-NM-0357,2024-02-24,1
V-010323,E-DEMO-NM-0357,2024-04-01,1
V-010324,E-DEMO-NM-0357,2024-05-17,1
V-010325,E-DEMO-NM-0357,2024-06-27,1
V-010326,E-DEMO-NM-0357,2024-07-05,1
V-010327,E-DEMO-NM-0357,2024-08-30,1
V-010328,E-DEMO-NM-0357,2024-10-04,1
V-010329,E-DEMO-NM-0357,2024-12-05,1
V-010330,E-DEMO-NM-0357,2025-01-03,1
V-010331,E-DEMO-NM-0357,2025-02-19,1
V-010332,E-DEMO-NM-0357,2025-03-10,1
V-010333,E-DEMO-NM-0357,2025-04-13,1
V-010334,E-DEMO-NM-0357,2025-05-19,1
V-010335,E-DEMO-NM-0357,2025-06-02,1
V-010336,E-DEMO-NM-0357,2025-08-26,1
V-010337,E-DEMO-NM-0357,2025-09-28,1
V-010338,E-DEMO-NM-0357,2025-10-22,1
V-010339,E-DEMO-NM-0357,2025-11-09,1
V-010340,E-DEMO-NM-0358,2024-12-10,1
V-010341,E-DEMO-NM-0358,2025-01-13,1
V-010342,E-DEMO-NM-0358,2025-02-16,1
V-010343,E-DEMO-NM-0358,2025-03-12,1
V-010344,E-DEMO-NM-0359,2024-10-24,1
V-010345,E-DEMO-NM-0359,2024-11-23,1
V-010346,E-DEMO-NM-0360,2023-07-08,1
V-010347,E-DEMO-NM-0360,2023-09-03,1
V-010348,E-DEMO-NM-0360,2023-11-14,1
V-010349,E-DEMO-NM-0360,2023-12-11,1
V-010350,E-DEMO-NM-0360,2024-01-24,1
V-010351,E-DEMO-NM-0360,2024-03-17,1
V-010352,E-DEMO-NM-0360,2024-04-26,1
V-010353,E-DEMO-NM-0360,2024-05-22,1
V-010354,E-DEMO-NM-0360,2024-06-27,1
V-010355,E-DEMO-NM-0360,2024-07-21,1
V-010356,E-DEMO-NM-0360,2024-08-09,1
V-010357,E-DEMO-NM-0360,2024-10-21,1
V-010358,E-DEMO-NM-0360,2024-11-07,1
V-010359,E-DEMO-NM-0360,2024-12-21,1
V-010360,E-DEMO-NM-0360,2025-02-27,1
V-010361,E-DEMO-NM-0360,2025-03-03,1
V-010362,E-DEMO-NM-0360,2025-04-22,1
V-010363,E-DEMO-NM-0360,2025-05-20,1
V-010364,E-DEMO-NM-0360,2025-06-11,1
V-010365,E-DEMO-NM-0361,2023-02-28,1
V-010366,E-DEMO-NM-0361,2023-03-01,1
V-010367,E-DEMO-NM-0361,2023-07-15,1
V-010368,E-DEMO-NM-0361,2023-08-10,1
V-010369,E-DEMO-NM-0361,2023-10-15,1
V-010370,E-DEMO-NM-0361,2023-11-07,1
V-010371,E-DEMO-NM-0361,2023-12-19,1
V-010372,E-DEMO-NM-0361,2024-01-18,1
V-010373,E-DEMO-NM-0361,2024-02-27,1
V-010374,E-DEMO-NM-0361,2024-03-14,1
V-010375,E-DEMO-NM-0361,2024-04-27,1
V-010376,E-DEMO-NM-0361,2024-06-29,1
V-010377,E-DEMO-NM-0361,2024-07-14,1
V-010378,E-DEMO-NM-0361,2024-08-03,1
V-010379,E-DEMO-NM-0361,2024-09-05,1
V-010380,E-DEMO-NM-0361,2024-11-09,1
V-010381,E-DEMO-NM-0361,2024-12-29,1
V-010382,E-DEMO-NM-0361,2025-01-04,1
V-010383,E-DEMO-NM-0361,2025-04-10,1
V-010384,E-DEMO-NM-0361,2025-05-24,1
V-010385,E-DEMO-NM-0362,2024-12-15,1
V-010386,E-DEMO-NM-0362,2025-01-21,1
V-010387,E-DEMO-NM-0362,2025-02-12,1
V-010388,E-DEMO-NM-0362,2025-03-15,1
V-010389,E-DEMO-NM-0362,2025-05-09,1
V-010390,E-DEMO-NM-0362,2025-06-15,1
V-010391,E-DEMO-NM-0362,2025-08-06,1
V-010392,E-DEMO-NM-0362,2025-09-02,1
V-010393,E-DEMO-NM-0363,2025-10-02,1
V-010394,E-DEMO-NM-0363,2025-11-24,1
V-010395,E-DEMO-NM-0363,2025-12-26,1
V-010396,E-DEMO-NM-0364,2023-02-11,1
V-010397,E-DEMO-NM-0364,2023-03-25,1
V-010398,E-DEMO-NM-0364,2023-04-16,1
V-010399,E-DEMO-NM-0364,2023-05-11,1
V-010400,E-DEMO-NM-0365,2025-05-29,1
V-010401,E-DEMO-NM-0365,2025-06-11,1
V-010402,E-DEMO-NM-0365,2025-07-25,1
V-010403,E-DEMO-NM-0365,2025-08-24,1
V-010404,E-DEMO-NM-0365,2025-09-08,1
V-010405,E-DEMO-NM-0366,2025-08-06,1
V-010406,E-DEMO-NM-0367,2023-03-17,1
V-010407,E-DEMO-NM-0367,2023-06-25,1
V-010408,E-DEMO-NM-0367,2023-07-29,1
V-010409,E-DEMO-NM-0368,2023-07-05,1
V-010410,E-DEMO-NM-0368,2023-10-02,1
V-010411,E-DEMO-NM-0368,2023-11-11,1
V-010412,E-DEMO-NM-0368,2023-12-07,1
V-010413,E-DEMO-NM-0368,2024-01-18,1
V-010414,E-DEMO-NM-0368,2024-04-24,1
V-010415,E-DEMO-NM-0368,2024-05-20,1
V-010416,E-DEMO-NM-0368,2024-06-08,1
V-010417,E-DEMO-NM-0368,2024-07-19,1
V-010418,E-DEMO-NM-0368,2024-08-21,1
V-010419,E-DEMO-NM-0368,2024-09-22,1
V-010420,E-DEMO-NM-0369,2024-09-15,1
V-010421,E-DEMO-NM-0369,2024-10-29,1
V-010422,E-DEMO-NM-0369,2024-12-26,1
V-010423,E-DEMO-NM-0369,2025-01-13,1
V-010424,E-DEMO-NM-0369,2025-02-23,1
V-010425,E-DEMO-NM-0369,2025-03-25,1
V-010426,E-DEMO-NM-0369,2025-04-13,1
V-010427,E-DEMO-NM-0369,2025-05-02,1
V-010428,E-DEMO-NM-0369,2025-06-04,1
V-010429,E-DEMO-NM-0369,2025-07-10,1
V-010430,E-DEMO-NM-0369,2025-09-19,1
V-010431,E-DEMO-NM-0369,2025-10-29,1
V-010432,E-DEMO-NM-0369,2025-11-03,1
V-010433,E-DEMO-NM-0370,2023-06-10,1
V-010434,E-DEMO-NM-0370,2023-07-21,1
V-010435,E-DEMO-NM-0370,2023-08-06,1
V-010436,E-DEMO-NM-0370,2023-09-15,1
V-010437,E-DEMO-NM-0370,2023-10-11,1
V-010438,E-DEMO-NM-0370,2023-11-09,1
V-010439,E-DEMO-NM-0370,2024-02-16,1
V-010440,E-DEMO-NM-0370,2024-05-04,1
V-010441,E-DEMO-NM-0371,2023-07-15,1
V-010442,E-DEMO-NM-0371,2023-08-28,1
V-010443,E-DEMO-NM-0371,2023-09-29,1
V-010444,E-DEMO-NM-0371,2023-10-02,1
V-010445,E-DEMO-NM-0371,2023-11-30,1
V-010446,E-DEMO-NM-0371,2023-12-15,1
V-010447,E-DEMO-NM-0371,2024-01-22,1
V-010448,E-DEMO-NM-0371,2024-03-02,1
V-010449,E-DEMO-NM-0371,2024-04-05,1
V-010450,E-DEMO-NM-0371,2024-07-05,1
V-010451,E-DEMO-NM-0371,2024-08-05,1
V-010452,E-DEMO-NM-0371,2024-09-16,1
V-010453,E-DEMO-NM-0371,2024-10-14,1
V-010454,E-DEMO-NM-0371,2024-11-10,1
V-010455,E-DEMO-NM-0371,2024-12-21,1
V-010456,E-DEMO-NM-0371,2025-01-03,1
V-010457,E-DEMO-NM-0371,2025-02-27,1
V-010458,E-DEMO-NM-0371,2025-03-29,1
V-010459,E-DEMO-NM-0371,2025-04-22,1
V-010460,E-DEMO-NM-0371,2025-05-22,1
V-010461,E-DEMO-NM-0371,2025-06-12,1
V-010462,E-DEMO-NM-0372,2025-07-18,1
V-010463,E-DEMO-NM-0372,2025-08-20,1
V-010464,E-DEMO-NM-0372,2025-09-14,1
V-010465,E-DEMO-NM-0372,2025-10-06,1
V-010466,E-DEMO-NM-0372,2025-11-22,1
V-010467,E-DEMO-NM-0372,2025-12-26,1
V-010468,E-DEMO-NM-0373,2024-05-15,1
V-010469,E-DEMO-NM-0373,2024-06-14,1
V-010470,E-DEMO-NM-0373,2024-07-22,1
V-010471,E-DEMO-NM-0373,2024-08-23,1
V-010472,E-DEMO-NM-0373,2024-09-10,1
V-010473,E-DEMO-NM-0373,2024-10-17,1
V-010474,E-DEMO-NM-0373,2024-11-27,1
V-010475,E-DEMO-NM-0373,2024-12-23,1
V-010476,E-DEMO-NM-0373,2025-01-19,1
V-010477,E-DEMO-NM-0373,2025-04-29,1
V-010478,E-DEMO-NM-0373,2025-06-27,1
V-010479,E-DEMO-NM-0373,2025-07-26,1
V-010480,E-DEMO-NM-0374,2023-04-10,1
V-010481,E-DEMO-NM-0374,2023-08-26,1
V-010482,E-DEMO-NM-0374,2023-10-21,1
V-010483,E-DEMO-NM-0374,2023-11-07,1
V-010484,E-DEMO-NM-0375,2023-11-28,1
V-010485,E-DEMO-NM-0375,2023-12-27,1
V-010486,E-DEMO-NM-0375,2024-02-23,1
V-010487,E-DEMO-NM-0375,2024-03-07,1
V-010488,E-DEMO-NM-0375,2024-04-15,1
V-010489,E-DEMO-NM-0375,2024-05-27,1
V-010490,E-DEMO-NM-0375,2024-06-08,1
V-010491,E-DEMO-NM-0375,2024-07-12,1
V-010492,E-DEMO-NM-0375,2024-08-13,1
V-010493,E-DEMO-NM-0375,2024-09-10,1
V-010494,E-DEMO-NM-0375,2024-10-09,1
V-010495,E-DEMO-NM-0376,2023-04-27,1
V-010496,E-DEMO-NM-0376,2023-05-10,1
V-010497,E-DEMO-NM-0376,2023-09-08,1
V-010498,E-DEMO-NM-0376,2023-10-04,1
V-010499,E-DEMO-NM-0376,2023-11-15,1
V-010500,E-DEMO-NM-0376,2023-12-17,1
V-010501,E-DEMO-NM-0376,2024-01-24,1
V-010502,E-DEMO-NM-0376,2024-02-09,1
V-010503,E-DEMO-NM-0376,2024-05-21,1
V-010504,E-DEMO-NM-0376,2024-06-25,1
V-010505,E-DEMO-NM-0376,2024-07-16,1
V-010506,E-DEMO-NM-0376,2024-08-12,1
V-010507,E-DEMO-NM-0376,2024-10-15,1
V-010508,E-DEMO-NM-0376,2024-11-11,1
V-010509,E-DEMO-NM-0376,2024-12-17,1
V-010510,E-DEMO-NM-0376,2025-01-31,1
V-010511,E-DEMO-NM-0377,2023-05-10,1
V-010512,E-DEMO-NM-0377,2023-07-24,1
V-010513,E-DEMO-NM-0377,2023-09-23,1
V-010514,E-DEMO-NM-0377,2023-11-26,1
V-010515,E-DEMO-NM-0377,2023-12-23,1
V-010516,E-DEMO-NM-0377,2024-04-04,1
V-010517,E-DEMO-NM-0377,2024-06-18,1
V-010518,E-DEMO-NM-0377,2024-07-02,1
V-010519,E-DEMO-NM-0377,2024-08-10,1
V-010520,E-DEMO-NM-0377,2024-10-14,1
V-010521,E-DEMO-NM-0377,2024-11-23,1
V-010522,E-DEMO-NM-0377,2025-02-02,1
V-010523,E-DEMO-NM-0377,2025-03-20,1
V-010524,E-DEMO-NM-0377,2025-04-04,1
V-010525,E-DEMO-NM-0377,2025-05-14,1
V-010526,E-DEMO-NM-0377,2025-06-22,1
V-010527,E-DEMO-NM-0378,2023-09-29,1
V-010528,E-DEMO-NM-0379,2023-09-14,1
V-010529,E-DEMO-NM-0379,2023-10-05,1
V-010530,E-DEMO-NM-0379,2023-11-15,1
V-010531,E-DEMO-NM-0379,2024-01-07,1
V-010532,E-DEMO-NM-0379,2024-03-04,1
V-010533,E-DEMO-NM-0379,2024-05-06,1
V-010534,E-DEMO-NM-0380,2025-05-10,1
V-010535,E-DEMO-NM-0380,2025-06-23,1
V-010536,E-DEMO-NM-0380,2025-08-29,1
V-010537,E-DEMO-NM-0380,2025-09-24,1
V-010538,E-DEMO-NM-0380,2025-10-28,1
V-010539,E-DEMO-NM-0380,2025-11-11,1
V-010540,E-DEMO-NM-0381,2023-01-17,1
V-010541,E-DEMO-NM-0381,2023-04-21,1
V-010542,E-DEMO-NM-0381,2023-05-05,1
V-010543,E-DEMO-NM-0381,2023-06-02,1
V-010544,E-DEMO-NM-0381,2023-08-28,1
V-010545,E-DEMO-NM-0381,2023-09-17,1
V-010546,E-DEMO-NM-0381,2023-10-10,1
V-010547,E-DEMO-NM-0381,2023-11-24,1
V-010548,E-DEMO-NM-0381,2023-12-09,1
V-010549,E-DEMO-NM-0381,2024-01-25,1
V-010550,E-DEMO-NM-0381,2024-02-22,1
V-010551,E-DEMO-NM-0381,2024-03-06,1
V-010552,E-DEMO-NM-0381,2024-04-09,1
V-010553,E-DEMO-NM-0381,2024-05-04,1
V-010554,E-DEMO-NM-0382,2023-03-04,1
V-010555,E-DEMO-NM-0382,2023-04-13,1
V-010556,E-DEMO-NM-0383,2024-10-29,1
V-010557,E-DEMO-NM-0383,2024-11-24,1
V-010558,E-DEMO-NM-0383,2025-03-10,1
V-010559,E-DEMO-NM-0383,2025-04-12,1
V-010560,E-DEMO-NM-0383,2025-05-06,1
V-010561,E-DEMO-NM-0383,2025-06-11,1
V-010562,E-DEMO-NM-0383,2025-07-12,1
V-010563,E-DEMO-NM-0383,2025-08-26,1
V-010564,E-DEMO-NM-0383,2025-09-09,1
V-010565,E-DEMO-NM-0384,2024-07-06,1
V-010566,E-DEMO-NM-0384,2024-08-06,1
V-010567,E-DEMO-NM-0384,2024-09-16,1
V-010568,E-DEMO-NM-0384,2024-10-09,1
V-010569,E-DEMO-NM-0384,2024-11-04,1
V-010570,E-DEMO-NM-0384,2024-12-31,1
V-010571,E-DEMO-NM-0384,2025-03-27,1
V-010572,E-DEMO-NM-0384,2025-04-14,1
V-010573,E-DEMO-NM-0384,2025-06-07,1
V-010574,E-DEMO-NM-0384,2025-08-04,1
V-010575,E-DEMO-NM-0384,2025-10-21,1
V-010576,E-DEMO-NM-0384,2025-11-08,1
V-010577,E-DEMO-NM-0384,2025-12-16,1
V-010578,E-DEMO-NM-0385,2023-04-26,1
V-010579,E-DEMO-NM-0385,2023-06-11,1
V-010580,E-DEMO-NM-0385,2023-09-20,1
V-010581,E-DEMO-NM-0385,2023-11-04,1
V-010582,E-DEMO-NM-0385,2023-12-20,1
V-010583,E-DEMO-NM-0386,2025-06-07,1
V-010584,E-DEMO-NM-0386,2025-08-31,1
V-010585,E-DEMO-NM-0386,2025-12-07,1
V-010586,E-DEMO-NM-0387,2024-12-01,1
V-010587,E-DEMO-NM-0387,2025-01-04,1
V-010588,E-DEMO-NM-0387,2025-02-13,1
V-010589,E-DEMO-NM-0387,2025-03-13,1
V-010590,E-DEMO-NM-0387,2025-04-30,1
V-010591,E-DEMO-NM-0387,2025-05-22,1
V-010592,E-DEMO-NM-0387,2025-06-15,1
V-010593,E-DEMO-NM-0387,2025-07-10,1
V-010594,E-DEMO-NM-0387,2025-08-09,1
V-010595,E-DEMO-NM-0387,2025-09-18,1
V-010596,E-DEMO-NM-0387,2025-10-20,1
V-010597,E-DEMO-NM-0387,2025-11-04,1
V-010598,E-DEMO-NM-0388,2024-03-10,1
V-010599,E-DEMO-NM-0388,2024-06-17,1
V-010600,E-DEMO-NM-0388,2024-07-23,1
V-010601,E-DEMO-NM-0388,2024-11-14,1
V-010602,E-DEMO-NM-0388,2025-01-18,1
V-010603,E-DEMO-NM-0388,2025-02-04,1
V-010604,E-DEMO-NM-0388,2025-04-15,1
V-010605,E-DEMO-NM-0388,2025-06-23,1
V-010606,E-DEMO-NM-0388,2025-07-24,1
V-010607,E-DEMO-NM-0388,2025-09-12,1
V-010608,E-DEMO-NM-0389,2025-04-22,1
V-010609,E-DEMO-NM-0389,2025-05-10,1
V-010610,E-DEMO-NM-0389,2025-06-22,1
V-010611,E-DEMO-NM-0389,2025-07-31,1
V-010612,E-DEMO-NM-0390,2025-10-03,1
V-010613,E-DEMO-NM-0390,2025-11-20,1
V-010614,E-DEMO-NM-0390,2025-12-01,1
V-010615,E-DEMO-NM-0391,2024-05-07,1
V-010616,E-DEMO-NM-0391,2024-06-19,1
V-010617,E-DEMO-NM-0391,2024-09-17,1
V-010618,E-DEMO-NM-0391,2024-10-20,1
V-010619,E-DEMO-NM-0391,2024-11-16,1
V-010620,E-DEMO-NM-0391,2024-12-23,1
V-010621,E-DEMO-NM-0391,2025-03-31,1
V-010622,E-DEMO-NM-0391,2025-04-14,1
V-010623,E-DEMO-NM-0391,2025-05-01,1
V-010624,E-DEMO-NM-0391,2025-06-01,1
V-010625,E-DEMO-NM-0391,2025-08-19,1
V-010626,E-DEMO-NM-0391,2025-09-10,1
V-010627,E-DEMO-NM-0391,2025-11-25,1
V-010628,E-DEMO-NM-0391,2025-12-02,1
V-010629,E-DEMO-NM-0392,2025-03-05,1
V-010630,E-DEMO-NM-0392,2025-04-23,1
V-010631,E-DEMO-NM-0392,2025-05-02,1
V-010632,E-DEMO-NM-0393,2024-03-31,1
V-010633,E-DEMO-NM-0393,2024-05-20,1
V-010634,E-DEMO-NM-0394,2023-10-18,1
V-010635,E-DEMO-NM-0394,2023-12-17,1
V-010636,E-DEMO-NM-0394,2024-02-17,1
V-010637,E-DEMO-NM-0394,2024-04-29,1
V-010638,E-DEMO-NM-0394,2024-05-20,1
V-010639,E-DEMO-NM-0394,2024-07-22,1
V-010640,E-DEMO-NM-0394,2024-08-03,1
V-010641,E-DEMO-NM-0394,2024-09-08,1
V-010642,E-DEMO-NM-0394,2024-10-01,1
V-010643,E-DEMO-NM-0395,2024-01-02,1
V-010644,E-DEMO-NM-0395,2024-02-21,1
V-010645,E-DEMO-NM-0396,2025-04-25,1
V-010646,E-DEMO-NM-0396,2025-06-13,1
V-010647,E-DEMO-NM-0396,2025-07-07,1
V-010648,E-DEMO-NM-0396,2025-09-23,1
V-010649,E-DEMO-NM-0396,2025-10-21,1
V-010650,E-DEMO-NM-0396,2025-11-11,1
V-010651,E-DEMO-NM-0397,2025-08-22,1
V-010652,E-DEMO-NM-0397,2025-09-01,1
V-010653,E-DEMO-NM-0397,2025-11-24,1
V-010654,E-DEMO-NM-0397,2025-12-06,1
V-010655,E-DEMO-NM-0398,2024-06-18,1
V-010656,E-DEMO-NM-0398,2024-07-29,1
V-010657,E-DEMO-NM-0398,2024-08-24,1
V-010658,E-DEMO-NM-0398,2024-09-27,1
V-010659,E-DEMO-NM-0398,2024-10-27,1
V-010660,E-DEMO-NM-0398,2024-11-08,1
V-010661,E-DEMO-NM-0398,2024-12-26,1
V-010662,E-DEMO-NM-0398,2025-03-06,1
V-010663,E-DEMO-NM-0398,2025-04-15,1
V-010664,E-DEMO-NM-0399,2025-09-25,1
V-010665,E-DEMO-NM-0399,2025-10-17,1
V-010666,E-DEMO-NM-0399,2025-11-09,1
V-010667,E-DEMO-NM-0399,2025-12-18,1
V-010668,E-DEMO-NM-0400,2024-02-25,1
V-010669,E-DEMO-NM-0400,2024-04-24,1
V-010670,E-DEMO-NM-0400,2024-05-19,1
V-010671,E-DEMO-NM-0400,2024-06-22,1
V-010672,E-DEMO-NM-0400,2024-07-13,1
V-010673,E-DEMO-NM-0400,2024-08-15,1
V-010674,E-DEMO-NM-0400,2024-09-02,1
V-010675,E-DEMO-TX-0001,2023-11-28,1
V-010676,E-DEMO-TX-0001,2023-12-26,1
V-010677,E-DEMO-TX-0001,2024-01-21,1
V-010678,E-DEMO-TX-0001,2024-02-19,1
V-010679,E-DEMO-TX-0001,2024-03-11,1
V-010680,E-DEMO-TX-0001,2024-04-24,1
V-010681,E-DEMO-TX-0001,2024-06-03,1
V-010682,E-DEMO-TX-0001,2024-08-09,1
V-010683,E-DEMO-TX-0001,2024-09-09,1
V-010684,E-DEMO-TX-0001,2024-10-09,1
V-010685,E-DEMO-TX-0001,2024-11-07,1
V-010686,E-DEMO-TX-0001,2024-12-04,1
V-010687,E-DEMO-TX-0001,2025-01-17,1
V-010688,E-DEMO-TX-0001,2025-02-23,1
V-010689,E-DEMO-TX-0001,2025-03-25,1
V-010690,E-DEMO-TX-0001,2025-04-27,1
V-010691,E-DEMO-TX-0001,2025-06-21,1
V-010692,E-DEMO-TX-0001,2025-07-05,1
V-010693,E-DEMO-TX-0001,2025-08-06,1
V-010694,E-DEMO-TX-0001,2025-09-05,1
V-010695,E-DEMO-TX-0001,2025-10-08,1
V-010696,E-DEMO-TX-0002,2023-08-21,1
V-010697,E-DEMO-TX-0002,2023-09-22,1
V-010698,E-DEMO-TX-0002,2023-10-26,1
V-010699,E-DEMO-TX-0002,2023-11-06,1
V-010700,E-DEMO-TX-0002,2023-12-31,1
V-010701,E-DEMO-TX-0002,2024-02-18,1
V-010702,E-DEMO-TX-0002,2024-03-27,1
V-010703,E-DEMO-TX-0002,2024-04-18,1
V-010704,E-DEMO-TX-0002,2024-05-27,1
V-010705,E-DEMO-TX-0002,2024-07-25,1
V-010706,E-DEMO-TX-0002,2024-09-03,1
V-010707,E-DEMO-TX-0002,2024-10-14,1
V-010708,E-DEMO-TX-0002,2024-11-11,1
V-010709,E-DEMO-TX-0002,2024-12-04,1
V-010710,E-DEMO-TX-0002,2025-01-19,1
V-010711,E-DEMO-TX-0003,2023-04-14,1
V-010712,E-DEMO-TX-0003,2023-07-25,1
V-010713,E-DEMO-TX-0003,2023-08-08,1
V-010714,E-DEMO-TX-0003,2023-09-05,1
V-010715,E-DEMO-TX-0004,2023-09-16,1
V-010716,E-DEMO-TX-0004,2023-10-10,1
V-010717,E-DEMO-TX-0004,2023-12-01,1
V-010718,E-DEMO-TX-0004,2024-01-13,1
V-010719,E-DEMO-TX-0004,2024-02-21,1
V-010720,E-DEMO-TX-0004,2024-03-27,1
V-010721,E-DEMO-TX-0004,2024-04-02,1
V-010722,E-DEMO-TX-0004,2024-06-27,1
V-010723,E-DEMO-TX-0004,2024-07-02,1
V-010724,E-DEMO-TX-0004,2024-08-16,1
V-010725,E-DEMO-TX-0004,2024-09-28,1
V-010726,E-DEMO-TX-0004,2024-11-19,1
V-010727,E-DEMO-TX-0004,2024-12-21,1
V-010728,E-DEMO-TX-0004,2025-01-30,1
V-010729,E-DEMO-TX-0005,2023-08-17,1
V-010730,E-DEMO-TX-0005,2023-11-22,1
V-010731,E-DEMO-TX-0005,2024-01-20,1
V-010732,E-DEMO-TX-0005,2024-03-10,1
V-010733,E-DEMO-TX-0005,2024-04-28,1
V-010734,E-DEMO-TX-0005,2024-05-21,1
V-010735,E-DEMO-TX-0005,2024-06-08,1
V-010736,E-DEMO-TX-0005,2024-07-17,1
V-010737,E-DEMO-TX-0005,2024-08-28,1
V-010738,E-DEMO-TX-0005,2024-09-01,1
V-010739,E-DEMO-TX-0005,2024-10-30,1
V-010740,E-DEMO-TX-0005,2024-11-15,1
V-010741,E-DEMO-TX-0005,2024-12-18,1
V-010742,E-DEMO-TX-0005,2025-02-04,1
V-010743,E-DEMO-TX-0005,2025-04-15,1
V-010744,E-DEMO-TX-0006,2023-05-20,1
V-010745,E-DEMO-TX-0006,2023-06-17,1
V-010746,E-DEMO-TX-0006,2023-07-27,1
V-010747,E-DEMO-TX-0006,2023-08-24,1
V-010748,E-DEMO-TX-0006,2023-09-06,1
V-010749,E-DEMO-TX-0006,2023-10-05,1
V-010750,E-DEMO-TX-0006,2024-01-12,1
V-010751,E-DEMO-TX-0007,2025-07-24,1
V-010752,E-DEMO-TX-0007,2025-08-10,1
V-010753,E-DEMO-TX-0007,2025-10-15,1
V-010754,E-DEMO-TX-0007,2025-11-30,1
V-010755,E-DEMO-TX-0007,2025-12-14,1
V-010756,E-DEMO-TX-0008,2025-10-22,1
V-010757,E-DEMO-TX-0008,2025-11-11,1
V-010758,E-DEMO-TX-0008,2025-12-13,1
V-010759,E-DEMO-TX-0009,2024-01-15,1
V-010760,E-DEMO-TX-0010,2023-08-04,1
V-010761,E-DEMO-TX-0010,2023-09-21,1
V-010762,E-DEMO-TX-0010,2023-11-13,1
V-010763,E-DEMO-TX-0010,2023-12-01,1
V-010764,E-DEMO-TX-0010,2024-01-14,1
V-010765,E-DEMO-TX-0010,2024-02-04,1
V-010766,E-DEMO-TX-0010,2024-03-03,1
V-010767,E-DEMO-TX-0011,2024-04-05,1
V-010768,E-DEMO-TX-0011,2024-05-19,1
V-010769,E-DEMO-TX-0011,2024-06-26,1
V-010770,E-DEMO-TX-0011,2024-07-06,1
V-010771,E-DEMO-TX-0011,2024-08-22,1
V-010772,E-DEMO-TX-0011,2024-11-10,1
V-010773,E-DEMO-TX-0011,2024-12-28,1
V-010774,E-DEMO-TX-0011,2025-01-11,1
V-010775,E-DEMO-TX-0011,2025-02-11,1
V-010776,E-DEMO-TX-0011,2025-03-17,1
V-010777,E-DEMO-TX-0011,2025-04-07,1
V-010778,E-DEMO-TX-0011,2025-05-07,1
V-010779,E-DEMO-TX-0011,2025-06-14,1
V-010780,E-DEMO-TX-0011,2025-07-10,1
V-010781,E-DEMO-TX-0011,2025-10-13,1
V-010782,E-DEMO-TX-0011,2025-11-29,1
V-010783,E-DEMO-TX-0011,2025-12-10,1
V-010784,E-DEMO-TX-0012,2023-06-06,1
V-010785,E-DEMO-TX-0012,2023-07-11,1
V-010786,E-DEMO-TX-0013,2023-12-21,1
V-010787,E-DEMO-TX-0013,2024-01-11,1
V-010788,E-DEMO-TX-0013,2024-02-02,1
V-010789,E-DEMO-TX-0013,2024-04-16,1
V-010790,E-DEMO-TX-0013,2024-05-18,1
V-010791,E-DEMO-TX-0013,2024-07-12,1
V-010792,E-DEMO-TX-0013,2024-09-09,1
V-010793,E-DEMO-TX-0013,2024-10-30,1
V-010794,E-DEMO-TX-0013,2024-11-29,1
V-010795,E-DEMO-TX-0014,2024-01-09,1
V-010796,E-DEMO-TX-0014,2024-02-17,1
V-010797,E-DEMO-TX-0014,2024-03-27,1
V-010798,E-DEMO-TX-0014,2024-05-17,1
V-010799,E-DEMO-TX-0014,2024-09-13,1
V-010800,E-DEMO-TX-0014,2024-10-19,1
V-010801,E-DEMO-TX-0014,2024-11-04,1
V-010802,E-DEMO-TX-0014,2024-12-24,1
V-010803,E-DEMO-TX-0014,2025-01-31,1
V-010804,E-DEMO-TX-0014,2025-03-26,1
V-010805,E-DEMO-TX-0014,2025-04-17,1
V-010806,E-DEMO-TX-0014,2025-05-04,1
V-010807,E-DEMO-TX-0014,2025-06-25,1
V-010808,E-DEMO-TX-0014,2025-07-18,1
V-010809,E-DEMO-TX-0014,2025-09-09,1
V-010810,E-DEMO-TX-0015,2024-02-25,1
V-010811,E-DEMO-TX-0015,2024-03-10,1
V-010812,E-DEMO-TX-0015,2024-05-21,1
V-010813,E-DEMO-TX-0015,2024-06-23,1
V-010814,E-DEMO-TX-0015,2024-07-08,1
V-010815,E-DEMO-TX-0015,2024-08-05,1
V-010816,E-DEMO-TX-0015,2024-09-18,1
V-010817,E-DEMO-TX-0015,2024-11-14,1
V-010818,E-DEMO-TX-0015,2024-12-04,1
V-010819,E-DEMO-TX-0015,2025-01-01,1
V-010820,E-DEMO-TX-0015,2025-02-08,1
V-010821,E-DEMO-TX-0015,2025-04-15,1
V-010822,E-DEMO-TX-0015,2025-05-20,1
V-010823,E-DEMO-TX-0015,2025-06-18,1
V-010824,E-DEMO-TX-0015,2025-07-20,1
V-010825,E-DEMO-TX-0015,2025-08-31,1
V-010826,E-DEMO-TX-0015,2025-09-04,1
V-010827,E-DEMO-TX-0015,2025-11-04,1
V-010828,E-DEMO-TX-0016,2023-04-05,1
V-010829,E-DEMO-TX-0016,2023-05-16,1
V-010830,E-DEMO-TX-0016,2023-07-29,1
V-010831,E-DEMO-TX-0017,2023-03-30,1
V-010832,E-DEMO-TX-0017,2023-04-19,1
V-010833,E-DEMO-TX-0017,2023-07-11,1
V-010834,E-DEMO-TX-0017,2023-08-08,1
V-010835,E-DEMO-TX-0017,2023-09-17,1
V-010836,E-DEMO-TX-0017,2023-11-01,1
V-010837,E-DEMO-TX-0017,2023-12-19,1
V-010838,E-DEMO-TX-0018,2023-07-01,1
V-010839,E-DEMO-TX-0018,2023-08-14,1
V-010840,E-DEMO-TX-0018,2023-09-05,1
V-010841,E-DEMO-TX-0018,2023-10-14,1
V-010842,E-DEMO-TX-0018,2023-11-17,1
V-010843,E-DEMO-TX-0019,2024-12-23,1
V-010844,E-DEMO-TX-0019,2025-01-22,1
V-010845,E-DEMO-TX-0019,2025-03-19,1
V-010846,E-DEMO-TX-0019,2025-04-16,1
V-010847,E-DEMO-TX-0019,2025-06-01,1
V-010848,E-DEMO-TX-0019,2025-09-27,1
V-010849,E-DEMO-TX-0019,2025-10-03,1
V-010850,E-DEMO-TX-0020,2024-03-20,1
V-010851,E-DEMO-TX-0020,2024-05-24,1
V-010852,E-DEMO-TX-0020,2024-06-16,1
V-010853,E-DEMO-TX-0020,2024-07-23,1
V-010854,E-DEMO-TX-0020,2024-08-30,1
V-010855,E-DEMO-TX-0020,2024-09-20,1
V-010856,E-DEMO-TX-0020,2024-10-25,1
V-010857,E-DEMO-TX-0020,2024-11-17,1
V-010858,E-DEMO-TX-0020,2024-12-23,1
V-010859,E-DEMO-TX-0020,2025-01-04,1
V-010860,E-DEMO-TX-0020,2025-02-25,1
V-010861,E-DEMO-TX-0020,2025-03-11,1
V-010862,E-DEMO-TX-0020,2025-04-03,1
V-010863,E-DEMO-TX-0020,2025-05-03,1
V-010864,E-DEMO-TX-0020,2025-06-20,1
V-010865,E-DEMO-TX-0020,2025-07-04,1
V-010866,E-DEMO-TX-0020,2025-08-20,1
V-010867,E-DEMO-TX-0021,2024-03-16,1
V-010868,E-DEMO-TX-0021,2024-05-04,1
V-010869,E-DEMO-TX-0021,2024-06-21,1
V-010870,E-DEMO-TX-0021,2024-07-05,1
V-010871,E-DEMO-TX-0021,2024-09-01,1
V-010872,E-DEMO-TX-0021,2024-11-17,1
V-010873,E-DEMO-TX-0021,2024-12-21,1
V-010874,E-DEMO-TX-0021,2025-02-25,1
V-010875,E-DEMO-TX-0021,2025-03-16,1
V-010876,E-DEMO-TX-0022,2024-03-10,1
V-010877,E-DEMO-TX-0022,2024-04-12,1
V-010878,E-DEMO-TX-0022,2024-05-27,1
V-010879,E-DEMO-TX-0022,2024-06-12,1
V-010880,E-DEMO-TX-0022,2024-07-14,1
V-010881,E-DEMO-TX-0022,2024-08-15,1
V-010882,E-DEMO-TX-0022,2024-09-24,1
V-010883,E-DEMO-TX-0022,2024-10-28,1
V-010884,E-DEMO-TX-0022,2024-11-29,1
V-010885,E-DEMO-TX-0022,2024-12-15,1
V-010886,E-DEMO-TX-0022,2025-01-24,1
V-010887,E-DEMO-TX-0022,2025-02-23,1
V-010888,E-DEMO-TX-0022,2025-03-17,1
V-010889,E-DEMO-TX-0022,2025-04-30,1
V-010890,E-DEMO-TX-0022,2025-05-28,1
V-010891,E-DEMO-TX-0022,2025-06-12,1
V-010892,E-DEMO-TX-0022,2025-09-02,1
V-010893,E-DEMO-TX-0023,2024-08-04,1
V-010894,E-DEMO-TX-0023,2024-09-03,1
V-010895,E-DEMO-TX-0023,2024-10-04,1
V-010896,E-DEMO-TX-0023,2024-11-17,1
V-010897,E-DEMO-TX-0023,2025-01-20,1
V-010898,E-DEMO-TX-0023,2025-02-23,1
V-010899,E-DEMO-TX-0023,2025-03-13,1
V-010900,E-DEMO-TX-0023,2025-04-05,1
V-010901,E-DEMO-TX-0023,2025-07-22,1
V-010902,E-DEMO-TX-0023,2025-08-14,1
V-010903,E-DEMO-TX-0024,2025-08-21,1
V-010904,E-DEMO-TX-0024,2025-09-22,1
V-010905,E-DEMO-TX-0024,2025-10-20,1
V-010906,E-DEMO-TX-0024,2025-11-15,1
V-010907,E-DEMO-TX-0025,2023-11-26,1
V-010908,E-DEMO-TX-0025,2023-12-20,1
V-010909,E-DEMO-TX-0025,2024-01-20,1
V-010910,E-DEMO-TX-0025,2024-02-07,1
V-010911,E-DEMO-TX-0025,2024-03-21,1
V-010912,E-DEMO-TX-0025,2024-04-19,1
V-010913,E-DEMO-TX-0025,2024-05-11,1
V-010914,E-DEMO-TX-0025,2024-06-22,1
V-010915,E-DEMO-TX-0025,2024-07-05,1
V-010916,E-DEMO-TX-0025,2024-08-27,1
V-010917,E-DEMO-TX-0025,2024-09-21,1
V-010918,E-DEMO-TX-0025,2024-11-17,1
V-010919,E-DEMO-TX-0025,2025-01-11,1
V-010920,E-DEMO-TX-0025,2025-02-23,1
V-010921,E-DEMO-TX-0025,2025-03-30,1
V-010922,E-DEMO-TX-0025,2025-04-02,1
V-010923,E-DEMO-TX-0025,2025-05-21,1
V-010924,E-DEMO-TX-0025,2025-06-21,1
V-010925,E-DEMO-TX-0025,2025-07-07,1
V-010926,E-DEMO-TX-0025,2025-08-06,1
V-010927,E-DEMO-TX-0025,2025-09-02,1
V-010928,E-DEMO-TX-0025,2025-10-12,1
V-010929,E-DEMO-TX-0026,2023-07-21,1
V-010930,E-DEMO-TX-0026,2023-08-19,1
V-010931,E-DEMO-TX-0026,2023-09-09,1
V-010932,E-DEMO-TX-0026,2023-10-16,1
V-010933,E-DEMO-TX-0026,2023-11-19,1
V-010934,E-DEMO-TX-0026,2024-01-11,1
V-010935,E-DEMO-TX-0026,2024-02-25,1
V-010936,E-DEMO-TX-0026,2024-03-30,1
V-010937,E-DEMO-TX-0026,2024-04-06,1
V-010938,E-DEMO-TX-0026,2024-05-09,1
V-010939,E-DEMO-TX-0026,2024-06-06,1
V-010940,E-DEMO-TX-0026,2024-07-23,1
V-010941,E-DEMO-TX-0027,2024-05-12,1
V-010942,E-DEMO-TX-0027,2024-06-18,1
V-010943,E-DEMO-TX-0027,2024-07-21,1
V-010944,E-DEMO-TX-0027,2024-08-11,1
V-010945,E-DEMO-TX-0028,2024-02-18,1
V-010946,E-DEMO-TX-0028,2024-03-20,1
V-010947,E-DEMO-TX-0028,2024-04-09,1
V-010948,E-DEMO-TX-0028,2024-05-15,1
V-010949,E-DEMO-TX-0028,2024-06-12,1
V-010950,E-DEMO-TX-0028,2024-07-05,1
V-010951,E-DEMO-TX-0028,2024-08-31,1
V-010952,E-DEMO-TX-0028,2024-09-09,1
V-010953,E-DEMO-TX-0028,2024-10-15,1
V-010954,E-DEMO-TX-0028,2024-11-29,1
V-010955,E-DEMO-TX-0028,2025-01-21,1
V-010956,E-DEMO-TX-0028,2025-04-11,1
V-010957,E-DEMO-TX-0028,2025-06-21,1
V-010958,E-DEMO-TX-0028,2025-08-02,1
V-010959,E-DEMO-TX-0028,2025-09-21,1
V-010960,E-DEMO-TX-0028,2025-10-11,1
V-010961,E-DEMO-TX-0029,2023-01-27,1
V-010962,E-DEMO-TX-0029,2023-02-27,1
V-010963,E-DEMO-TX-0029,2023-03-08,1
V-010964,E-DEMO-TX-0029,2023-05-12,1
V-010965,E-DEMO-TX-0029,2023-06-22,1
V-010966,E-DEMO-TX-0029,2023-08-25,1
V-010967,E-DEMO-TX-0029,2023-09-06,1
V-010968,E-DEMO-TX-0029,2023-10-14,1
V-010969,E-DEMO-TX-0029,2023-11-22,1
V-010970,E-DEMO-TX-0029,2023-12-25,1
V-010971,E-DEMO-TX-0029,2024-02-02,1
V-010972,E-DEMO-TX-0030,2024-02-29,1
V-010973,E-DEMO-TX-0030,2024-05-20,1
V-010974,E-DEMO-TX-0030,2024-06-12,1
V-010975,E-DEMO-TX-0030,2024-07-03,1
V-010976,E-DEMO-TX-0031,2025-03-25,1
V-010977,E-DEMO-TX-0031,2025-04-15,1
V-010978,E-DEMO-TX-0031,2025-05-02,1
V-010979,E-DEMO-TX-0031,2025-06-15,1
V-010980,E-DEMO-TX-0031,2025-07-19,1
V-010981,E-DEMO-TX-0031,2025-08-22,1
V-010982,E-DEMO-TX-0031,2025-09-15,1
V-010983,E-DEMO-TX-0031,2025-10-05,1
V-010984,E-DEMO-TX-0031,2025-11-25,1
V-010985,E-DEMO-TX-0032,2023-11-03,1
V-010986,E-DEMO-TX-0032,2024-01-01,1
V-010987,E-DEMO-TX-0032,2024-02-01,1
V-010988,E-DEMO-TX-0032,2024-03-16,1
V-010989,E-DEMO-TX-0032,2024-04-10,1
V-010990,E-DEMO-TX-0032,2024-05-20,1
V-010991,E-DEMO-TX-0032,2024-06-27,1
V-010992,E-DEMO-TX-0032,2024-07-05,1
V-010993,E-DEMO-TX-0032,2024-08-03,1
V-010994,E-DEMO-TX-0032,2024-09-08,1
V-010995,E-DEMO-TX-0032,2024-10-14,1
V-010996,E-DEMO-TX-0032,2024-11-13,1
V-010997,E-DEMO-TX-0032,2024-12-15,1
V-010998,E-DEMO-TX-0032,2025-02-21,1
V-010999,E-DEMO-TX-0032,2025-03-09,1
V-011000,E-DEMO-TX-0032,2025-04-24,1
V-011001,E-DEMO-TX-0032,2025-05-06,1
V-011002,E-DEMO-TX-0032,2025-06-13,1
V-011003,E-DEMO-TX-0032,2025-07-05,1
V-011004,E-DEMO-TX-0032,2025-08-01,1
V-011005,E-DEMO-TX-0032,2025-09-05,1
V-011006,E-DEMO-TX-0032,2025-10-20,1
V-011007,E-DEMO-TX-0033,2024-08-02,1
V-011008,E-DEMO-TX-0033,2024-09-11,1
V-011009,E-DEMO-TX-0033,2024-10-10,1
V-011010,E-DEMO-TX-0033,2025-01-29,1
V-011011,E-DEMO-TX-0033,2025-02-08,1
V-011012,E-DEMO-TX-0034,2024-01-29,1
V-011013,E-DEMO-TX-0034,2024-02-26,1
V-011014,E-DEMO-TX-0034,2024-03-23,1
V-011015,E-DEMO-TX-0034,2024-04-25,1
V-011016,E-DEMO-TX-0035,2025-09-11,1
V-011017,E-DEMO-TX-0035,2025-10-27,1
V-011018,E-DEMO-TX-0035,2025-11-03,1
V-011019,E-DEMO-TX-0035,2025-12-10,1
V-011020,E-DEMO-TX-0036,2024-09-25,1
V-011021,E-DEMO-TX-0036,2024-10-24,1
V-011022,E-DEMO-TX-0036,2024-11-10,1
V-011023,E-DEMO-TX-0036,2024-12-19,1
V-011024,E-DEMO-TX-0036,2025-01-23,1
V-011025,E-DEMO-TX-0036,2025-03-25,1
V-011026,E-DEMO-TX-0036,2025-04-07,1
V-011027,E-DEMO-TX-0036,2025-05-28,1
V-011028,E-DEMO-TX-0036,2025-06-22,1
V-011029,E-DEMO-TX-0036,2025-07-18,1
V-011030,E-DEMO-TX-0036,2025-08-31,1
V-011031,E-DEMO-TX-0036,2025-11-06,1
V-011032,E-DEMO-TX-0036,2025-12-23,1
V-011033,E-DEMO-TX-0037,2025-09-23,1
V-011034,E-DEMO-TX-0037,2025-10-27,1
V-011035,E-DEMO-TX-0037,2025-11-15,1
V-011036,E-DEMO-TX-0037,2025-12-17,1
V-011037,E-DEMO-TX-0038,2024-12-10,1
V-011038,E-DEMO-TX-0038,2025-01-09,1
V-011039,E-DEMO-TX-0038,2025-02-10,1
V-011040,E-DEMO-TX-0038,2025-05-02,1
V-011041,E-DEMO-TX-0038,2025-06-14,1
V-011042,E-DEMO-TX-0038,2025-07-14,1
V-011043,E-DEMO-TX-0038,2025-09-04,1
V-011044,E-DEMO-TX-0038,2025-12-10,1
V-011045,E-DEMO-TX-0039,2025-06-29,1
V-011046,E-DEMO-TX-0039,2025-07-25,1
V-011047,E-DEMO-TX-0039,2025-08-14,1
V-011048,E-DEMO-TX-0039,2025-09-14,1
V-011049,E-DEMO-TX-0039,2025-10-12,1
V-011050,E-DEMO-TX-0039,2025-11-02,1
V-011051,E-DEMO-TX-0040,2023-04-27,1
V-011052,E-DEMO-TX-0040,2023-05-10,1
V-011053,E-DEMO-TX-0040,2023-06-14,1
V-011054,E-DEMO-TX-0040,2023-07-03,1
V-011055,E-DEMO-TX-0040,2023-09-14,1
V-011056,E-DEMO-TX-0040,2023-10-15,1
V-011057,E-DEMO-TX-0040,2023-11-04,1
V-011058,E-DEMO-TX-0040,2023-12-12,1
V-011059,E-DEMO-TX-0040,2024-01-27,1
V-011060,E-DEMO-TX-0040,2024-03-17,1
V-011061,E-DEMO-TX-0040,2024-04-20,1
V-011062,E-DEMO-TX-0040,2024-05-31,1
V-011063,E-DEMO-TX-0041,2023-05-31,1
V-011064,E-DEMO-TX-0041,2023-07-27,1
V-011065,E-DEMO-TX-0041,2023-09-23,1
V-011066,E-DEMO-TX-0041,2023-10-30,1
V-011067,E-DEMO-TX-0041,2023-11-25,1
V-011068,E-DEMO-TX-0041,2023-12-12,1
V-011069,E-DEMO-TX-0041,2024-02-14,1
V-011070,E-DEMO-TX-0041,2024-04-05,1
V-011071,E-DEMO-TX-0041,2024-05-04,1
V-011072,E-DEMO-TX-0041,2024-06-05,1
V-011073,E-DEMO-TX-0041,2024-07-18,1
V-011074,E-DEMO-TX-0041,2024-08-26,1
V-011075,E-DEMO-TX-0041,2024-10-04,1
V-011076,E-DEMO-TX-0041,2024-12-25,1
V-011077,E-DEMO-TX-0041,2025-01-02,1
V-011078,E-DEMO-TX-0041,2025-02-05,1
V-011079,E-DEMO-TX-0041,2025-04-06,1
V-011080,E-DEMO-TX-0041,2025-05-06,1
V-011081,E-DEMO-TX-0041,2025-07-31,1
V-011082,E-DEMO-TX-0042,2024-04-09,1
V-011083,E-DEMO-TX-0042,2024-05-29,1
V-011084,E-DEMO-TX-0042,2024-06-08,1
V-011085,E-DEMO-TX-0042,2024-09-04,1
V-011086,E-DEMO-TX-0042,2024-10-12,1
V-011087,E-DEMO-TX-0042,2024-11-26,1
V-011088,E-DEMO-TX-0042,2024-12-30,1
V-011089,E-DEMO-TX-0042,2025-01-03,1
V-011090,E-DEMO-TX-0042,2025-02-28,1
V-011091,E-DEMO-TX-0042,2025-04-22,1
V-011092,E-DEMO-TX-0042,2025-05-24,1
V-011093,E-DEMO-TX-0042,2025-06-27,1
V-011094,E-DEMO-TX-0042,2025-07-17,1
V-011095,E-DEMO-TX-0042,2025-09-18,1
V-011096,E-DEMO-TX-0042,2025-10-06,1
V-011097,E-DEMO-TX-0042,2025-11-03,1
V-011098,E-DEMO-TX-0042,2025-12-12,1
V-011099,E-DEMO-TX-0043,2024-07-21,1
V-011100,E-DEMO-TX-0043,2024-10-04,1
V-011101,E-DEMO-TX-0043,2024-11-06,1
V-011102,E-DEMO-TX-0043,2025-02-21,1
V-011103,E-DEMO-TX-0043,2025-03-04,1
V-011104,E-DEMO-TX-0043,2025-04-11,1
V-011105,E-DEMO-TX-0043,2025-05-09,1
V-011106,E-DEMO-TX-0043,2025-06-18,1
V-011107,E-DEMO-TX-0043,2025-07-30,1
V-011108,E-DEMO-TX-0043,2025-08-19,1
V-011109,E-DEMO-TX-0043,2025-09-05,1
V-011110,E-DEMO-TX-0043,2025-11-01,1
V-011111,E-DEMO-TX-0043,2025-12-14,1
V-011112,E-DEMO-TX-0044,2024-09-24,1
V-011113,E-DEMO-TX-0044,2024-10-09,1
V-011114,E-DEMO-TX-0044,2024-11-15,1
V-011115,E-DEMO-TX-0044,2025-01-13,1
V-011116,E-DEMO-TX-0044,2025-02-16,1
V-011117,E-DEMO-TX-0044,2025-03-02,1
V-011118,E-DEMO-TX-0044,2025-04-05,1
V-011119,E-DEMO-TX-0044,2025-05-08,1
V-011120,E-DEMO-TX-0044,2025-07-07,1
V-011121,E-DEMO-TX-0045,2024-01-30,1
V-011122,E-DEMO-TX-0045,2024-02-21,1
V-011123,E-DEMO-TX-0045,2024-03-03,1
V-011124,E-DEMO-TX-0045,2024-04-30,1
V-011125,E-DEMO-TX-0045,2024-05-16,1
V-011126,E-DEMO-TX-0045,2024-06-19,1
V-011127,E-DEMO-TX-0045,2024-07-30,1
V-011128,E-DEMO-TX-0045,2024-08-11,1
V-011129,E-DEMO-TX-0045,2024-09-15,1
V-011130,E-DEMO-TX-0045,2024-10-08,1
V-011131,E-DEMO-TX-0046,2024-08-26,1
V-011132,E-DEMO-TX-0046,2024-09-05,1
V-011133,E-DEMO-TX-0046,2024-10-14,1
V-011134,E-DEMO-TX-0046,2024-11-01,1
V-011135,E-DEMO-TX-0046,2024-12-20,1
V-011136,E-DEMO-TX-0046,2025-03-20,1
V-011137,E-DEMO-TX-0046,2025-04-21,1
V-011138,E-DEMO-TX-0046,2025-05-02,1
V-011139,E-DEMO-TX-0046,2025-06-27,1
V-011140,E-DEMO-TX-0046,2025-07-04,1
V-011141,E-DEMO-TX-0046,2025-08-28,1
V-011142,E-DEMO-TX-0046,2025-10-05,1
V-011143,E-DEMO-TX-0046,2025-11-06,1
V-011144,E-DEMO-TX-0046,2025-12-02,1
V-011145,E-DEMO-TX-0047,2024-07-27,1
V-011146,E-DEMO-TX-0047,2024-08-24,1
V-011147,E-DEMO-TX-0047,2024-09-20,1
V-011148,E-DEMO-TX-0047,2024-11-03,1
V-011149,E-DEMO-TX-0048,2023-07-20,1
V-011150,E-DEMO-TX-0048,2023-09-13,1
V-011151,E-DEMO-TX-0049,2023-04-20,1
V-011152,E-DEMO-TX-0049,2023-05-29,1
V-011153,E-DEMO-TX-0049,2023-06-05,1
V-011154,E-DEMO-TX-0049,2023-08-23,1
V-011155,E-DEMO-TX-0049,2023-09-24,1
V-011156,E-DEMO-TX-0049,2023-11-15,1
V-011157,E-DEMO-TX-0049,2023-12-27,1
V-011158,E-DEMO-TX-0049,2024-02-28,1
V-011159,E-DEMO-TX-0049,2024-03-13,1
V-011160,E-DEMO-TX-0050,2023-09-28,1
V-011161,E-DEMO-TX-0050,2023-10-25,1
V-011162,E-DEMO-TX-0050,2023-12-30,1
V-011163,E-DEMO-TX-0050,2024-01-28,1
V-011164,E-DEMO-TX-0051,2023-08-13,1
V-011165,E-DEMO-TX-0051,2023-09-21,1
V-011166,E-DEMO-TX-0051,2023-10-18,1
V-011167,E-DEMO-TX-0051,2023-11-20,1
V-011168,E-DEMO-TX-0051,2024-01-11,1
V-011169,E-DEMO-TX-0052,2024-01-23,1
V-011170,E-DEMO-TX-0052,2024-02-20,1
V-011171,E-DEMO-TX-0052,2024-03-11,1
V-011172,E-DEMO-TX-0052,2024-04-18,1
V-011173,E-DEMO-TX-0052,2024-05-14,1
V-011174,E-DEMO-TX-0052,2024-06-28,1
V-011175,E-DEMO-TX-0052,2024-07-16,1
V-011176,E-DEMO-TX-0052,2024-08-04,1
V-011177,E-DEMO-TX-0052,2024-09-13,1
V-011178,E-DEMO-TX-0052,2024-10-31,1
V-011179,E-DEMO-TX-0052,2024-11-19,1
V-011180,E-DEMO-TX-0052,2024-12-02,1
V-011181,E-DEMO-TX-0052,2025-01-06,1
V-011182,E-DEMO-TX-0052,2025-03-08,1
V-011183,E-DEMO-TX-0052,2025-04-22,1
V-011184,E-DEMO-TX-0052,2025-05-18,1
V-011185,E-DEMO-TX-0053,2024-08-24,1
V-011186,E-DEMO-TX-0053,2024-10-30,1
V-011187,E-DEMO-TX-0053,2024-11-03,1
V-011188,E-DEMO-TX-0054,2025-03-27,1
V-011189,E-DEMO-TX-0054,2025-04-16,1
V-011190,E-DEMO-TX-0054,2025-05-31,1
V-011191,E-DEMO-TX-0054,2025-06-28,1
V-011192,E-DEMO-TX-0054,2025-08-02,1
V-011193,E-DEMO-TX-0054,2025-09-24,1
V-011194,E-DEMO-TX-0054,2025-12-05,1
V-011195,E-DEMO-TX-0055,2024-10-08,1
V-011196,E-DEMO-TX-0055,2024-11-24,1
V-011197,E-DEMO-TX-0055,2024-12-19,1
V-011198,E-DEMO-TX-0055,2025-02-03,1
V-011199,E-DEMO-TX-0055,2025-03-24,1
V-011200,E-DEMO-TX-0055,2025-04-16,1
V-011201,E-DEMO-TX-0055,2025-05-15,1
V-011202,E-DEMO-TX-0055,2025-06-23,1
V-011203,E-DEMO-TX-0055,2025-07-29,1
V-011204,E-DEMO-TX-0055,2025-08-28,1
V-011205,E-DEMO-TX-0055,2025-09-07,1
V-011206,E-DEMO-TX-0055,2025-10-13,1
V-011207,E-DEMO-TX-0056,2023-04-14,1
V-011208,E-DEMO-TX-0056,2023-07-13,1
V-011209,E-DEMO-TX-0056,2023-08-07,1
V-011210,E-DEMO-TX-0056,2023-09-22,1
V-011211,E-DEMO-TX-0056,2023-10-18,1
V-011212,E-DEMO-TX-0056,2023-11-01,1
V-011213,E-DEMO-TX-0057,2024-06-04,1
V-011214,E-DEMO-TX-0057,2024-08-11,1
V-011215,E-DEMO-TX-0057,2025-01-20,1
V-011216,E-DEMO-TX-0057,2025-02-25,1
V-011217,E-DEMO-TX-0057,2025-03-12,1
V-011218,E-DEMO-TX-0057,2025-04-03,1
V-011219,E-DEMO-TX-0057,2025-05-25,1
V-011220,E-DEMO-TX-0057,2025-06-22,1
V-011221,E-DEMO-TX-0057,2025-07-21,1
V-011222,E-DEMO-TX-0057,2025-08-20,1
V-011223,E-DEMO-TX-0057,2025-09-13,1
V-011224,E-DEMO-TX-0058,2024-09-22,1
V-011225,E-DEMO-TX-0058,2024-12-20,1
V-011226,E-DEMO-TX-0058,2025-01-21,1
V-011227,E-DEMO-TX-0058,2025-02-01,1
V-011228,E-DEMO-TX-0058,2025-03-02,1
V-011229,E-DEMO-TX-0058,2025-04-23,1
V-011230,E-DEMO-TX-0058,2025-06-15,1
V-011231,E-DEMO-TX-0058,2025-07-08,1
V-011232,E-DEMO-TX-0058,2025-08-09,1
V-011233,E-DEMO-TX-0058,2025-09-09,1
V-011234,E-DEMO-TX-0058,2025-10-23,1
V-011235,E-DEMO-TX-0058,2025-11-07,1
V-011236,E-DEMO-TX-0058,2025-12-26,1
V-011237,E-DEMO-TX-0059,2024-02-21,1
V-011238,E-DEMO-TX-0059,2024-03-05,1
V-011239,E-DEMO-TX-0059,2024-04-09,1
V-011240,E-DEMO-TX-0059,2024-05-14,1
V-011241,E-DEMO-TX-0059,2024-07-17,1
V-011242,E-DEMO-TX-0059,2024-09-25,1
V-011243,E-DEMO-TX-0059,2024-10-27,1
V-011244,E-DEMO-TX-0059,2024-11-10,1
V-011245,E-DEMO-TX-0061,2023-11-05,1
V-011246,E-DEMO-TX-0061,2023-12-30,1
V-011247,E-DEMO-TX-0062,2023-05-21,1
V-011248,E-DEMO-TX-0062,2023-06-26,1
V-011249,E-DEMO-TX-0062,2023-07-06,1
V-011250,E-DEMO-TX-0062,2023-08-17,1
V-011251,E-DEMO-TX-0062,2023-09-12,1
V-011252,E-DEMO-TX-0062,2023-10-26,1
V-011253,E-DEMO-TX-0062,2023-11-21,1
V-011254,E-DEMO-TX-0062,2023-12-20,1
V-011255,E-DEMO-TX-0062,2024-02-11,1
V-011256,E-DEMO-TX-0062,2024-03-25,1
V-011257,E-DEMO-TX-0062,2024-04-05,1
V-011258,E-DEMO-TX-0062,2024-05-09,1
V-011259,E-DEMO-TX-0062,2024-07-19,1
V-011260,E-DEMO-TX-0062,2024-08-11,1
V-011261,E-DEMO-TX-0062,2024-09-28,1
V-011262,E-DEMO-TX-0062,2024-10-23,1
V-011263,E-DEMO-TX-0062,2024-11-23,1
V-011264,E-DEMO-TX-0062,2025-03-01,1
V-011265,E-DEMO-TX-0062,2025-04-03,1
V-011266,E-DEMO-TX-0062,2025-06-19,1
V-011267,E-DEMO-TX-0062,2025-07-21,1
V-011268,E-DEMO-TX-0062,2025-08-05,1
V-011269,E-DEMO-TX-0063,2024-12-13,1
V-011270,E-DEMO-TX-0063,2025-01-11,1
V-011271,E-DEMO-TX-0063,2025-02-01,1
V-011272,E-DEMO-TX-0064,2024-02-19,1
V-011273,E-DEMO-TX-0064,2024-03-13,1
V-011274,E-DEMO-TX-0064,2024-04-25,1
V-011275,E-DEMO-TX-0064,2024-05-30,1
V-011276,E-DEMO-TX-0064,2024-06-14,1
V-011277,E-DEMO-TX-0064,2024-07-16,1
V-011278,E-DEMO-TX-0064,2024-08-26,1
V-011279,E-DEMO-TX-0064,2024-09-24,1
V-011280,E-DEMO-TX-0064,2024-10-31,1
V-011281,E-DEMO-TX-0064,2024-11-11,1
V-011282,E-DEMO-TX-0064,2024-12-04,1
V-011283,E-DEMO-TX-0064,2025-01-19,1
V-011284,E-DEMO-TX-0064,2025-03-09,1
V-011285,E-DEMO-TX-0064,2025-04-12,1
V-011286,E-DEMO-TX-0064,2025-05-29,1
V-011287,E-DEMO-TX-0065,2024-05-04,1
V-011288,E-DEMO-TX-0066,2024-09-19,1
V-011289,E-DEMO-TX-0067,2024-10-12,1
V-011290,E-DEMO-TX-0067,2024-11-07,1
V-011291,E-DEMO-TX-0067,2024-12-21,1
V-011292,E-DEMO-TX-0067,2025-02-18,1
V-011293,E-DEMO-TX-0067,2025-03-01,1
V-011294,E-DEMO-TX-0067,2025-05-28,1
V-011295,E-DEMO-TX-0067,2025-06-15,1
V-011296,E-DEMO-TX-0068,2025-01-21,1
V-011297,E-DEMO-TX-0068,2025-05-26,1
V-011298,E-DEMO-TX-0068,2025-06-03,1
V-011299,E-DEMO-TX-0068,2025-07-27,1
V-011300,E-DEMO-TX-0068,2025-09-19,1
V-011301,E-DEMO-TX-0068,2025-10-17,1
V-011302,E-DEMO-TX-0068,2025-12-29,1
V-011303,E-DEMO-TX-0069,2023-10-23,1
V-011304,E-DEMO-TX-0069,2023-12-05,1
V-011305,E-DEMO-TX-0069,2024-02-18,1
V-011306,E-DEMO-TX-0069,2024-04-24,1
V-011307,E-DEMO-TX-0069,2024-06-22,1
V-011308,E-DEMO-TX-0069,2024-07-13,1
V-011309,E-DEMO-TX-0069,2024-08-31,1
V-011310,E-DEMO-TX-0069,2024-09-20,1
V-011311,E-DEMO-TX-0069,2024-10-12,1
V-011312,E-DEMO-TX-0069,2024-12-14,1
V-011313,E-DEMO-TX-0069,2025-01-01,1
V-011314,E-DEMO-TX-0069,2025-02-05,1
V-011315,E-DEMO-TX-0069,2025-03-27,1
V-011316,E-DEMO-TX-0069,2025-04-01,1
V-011317,E-DEMO-TX-0069,2025-05-15,1
V-011318,E-DEMO-TX-0070,2023-08-04,1
V-011319,E-DEMO-TX-0070,2023-09-29,1
V-011320,E-DEMO-TX-0070,2023-10-11,1
V-011321,E-DEMO-TX-0070,2023-11-20,1
V-011322,E-DEMO-TX-0070,2023-12-10,1
V-011323,E-DEMO-TX-0070,2024-01-22,1
V-011324,E-DEMO-TX-0070,2024-02-06,1
V-011325,E-DEMO-TX-0070,2024-04-02,1
V-011326,E-DEMO-TX-0070,2024-05-19,1
V-011327,E-DEMO-TX-0070,2024-07-01,1
V-011328,E-DEMO-TX-0070,2024-08-26,1
V-011329,E-DEMO-TX-0070,2024-09-14,1
V-011330,E-DEMO-TX-0070,2024-10-28,1
V-011331,E-DEMO-TX-0070,2024-11-28,1
V-011332,E-DEMO-TX-0070,2024-12-16,1
V-011333,E-DEMO-TX-0070,2025-01-22,1
V-011334,E-DEMO-TX-0070,2025-02-08,1
V-011335,E-DEMO-TX-0070,2025-04-19,1
V-011336,E-DEMO-TX-0071,2023-10-20,1
V-011337,E-DEMO-TX-0071,2023-12-09,1
V-011338,E-DEMO-TX-0071,2024-01-06,1
V-011339,E-DEMO-TX-0071,2024-02-09,1
V-011340,E-DEMO-TX-0071,2024-03-10,1
V-011341,E-DEMO-TX-0071,2024-04-27,1
V-011342,E-DEMO-TX-0071,2024-05-28,1
V-011343,E-DEMO-TX-0071,2024-06-06,1
V-011344,E-DEMO-TX-0071,2024-07-20,1
V-011345,E-DEMO-TX-0071,2024-08-31,1
V-011346,E-DEMO-TX-0071,2024-10-25,1
V-011347,E-DEMO-TX-0071,2024-11-21,1
V-011348,E-DEMO-TX-0071,2024-12-03,1
V-011349,E-DEMO-TX-0071,2025-01-14,1
V-011350,E-DEMO-TX-0071,2025-02-20,1
V-011351,E-DEMO-TX-0071,2025-03-27,1
V-011352,E-DEMO-TX-0071,2025-04-07,1
V-011353,E-DEMO-TX-0071,2025-05-16,1
V-011354,E-DEMO-TX-0071,2025-06-30,1
V-011355,E-DEMO-TX-0071,2025-09-14,1
V-011356,E-DEMO-TX-0071,2025-10-19,1
V-011357,E-DEMO-TX-0071,2025-11-03,1
V-011358,E-DEMO-TX-0071,2025-12-07,1
V-011359,E-DEMO-TX-0072,2025-07-27,1
V-011360,E-DEMO-TX-0072,2025-08-22,1
V-011361,E-DEMO-TX-0072,2025-09-28,1
V-011362,E-DEMO-TX-0072,2025-10-09,1
V-011363,E-DEMO-TX-0072,2025-11-05,1
V-011364,E-DEMO-TX-0072,2025-12-23,1
V-011365,E-DEMO-TX-0073,2023-08-04,1
V-011366,E-DEMO-TX-0073,2023-09-24,1
V-011367,E-DEMO-TX-0073,2023-10-09,1
V-011368,E-DEMO-TX-0073,2023-12-13,1
V-011369,E-DEMO-TX-0073,2024-01-07,1
V-011370,E-DEMO-TX-0073,2024-02-14,1
V-011371,E-DEMO-TX-0073,2024-03-12,1
V-011372,E-DEMO-TX-0073,2024-05-23,1
V-011373,E-DEMO-TX-0073,2024-06-14,1
V-011374,E-DEMO-TX-0073,2024-07-03,1
V-011375,E-DEMO-TX-0074,2023-12-20,1
V-011376,E-DEMO-TX-0074,2024-01-25,1
V-011377,E-DEMO-TX-0074,2024-03-05,1
V-011378,E-DEMO-TX-0074,2024-04-19,1
V-011379,E-DEMO-TX-0074,2024-05-18,1
V-011380,E-DEMO-TX-0074,2024-06-26,1
V-011381,E-DEMO-TX-0074,2024-07-07,1
V-011382,E-DEMO-TX-0074,2024-09-20,1
V-011383,E-DEMO-TX-0074,2024-10-01,1
V-011384,E-DEMO-TX-0074,2024-11-15,1
V-011385,E-DEMO-TX-0074,2025-01-25,1
V-011386,E-DEMO-TX-0074,2025-02-23,1
V-011387,E-DEMO-TX-0074,2025-03-27,1
V-011388,E-DEMO-TX-0074,2025-04-10,1
V-011389,E-DEMO-TX-0074,2025-06-04,1
V-011390,E-DEMO-TX-0074,2025-07-15,1
V-011391,E-DEMO-TX-0074,2025-09-13,1
V-011392,E-DEMO-TX-0074,2025-10-29,1
V-011393,E-DEMO-TX-0074,2025-11-14,1
V-011394,E-DEMO-TX-0074,2025-12-04,1
V-011395,E-DEMO-TX-0075,2025-09-05,1
V-011396,E-DEMO-TX-0075,2025-10-27,1
V-011397,E-DEMO-TX-0075,2025-12-14,1
V-011398,E-DEMO-TX-0076,2024-05-23,1
V-011399,E-DEMO-TX-0076,2024-06-13,1
V-011400,E-DEMO-TX-0076,2024-09-06,1
V-011401,E-DEMO-TX-0076,2024-10-12,1
V-011402,E-DEMO-TX-0076,2024-11-20,1
V-011403,E-DEMO-TX-0076,2024-12-16,1
V-011404,E-DEMO-TX-0076,2025-01-27,1
V-011405,E-DEMO-TX-0076,2025-02-17,1
V-011406,E-DEMO-TX-0076,2025-03-02,1
V-011407,E-DEMO-TX-0076,2025-05-12,1
V-011408,E-DEMO-TX-0077,2023-02-10,1
V-011409,E-DEMO-TX-0077,2023-03-19,1
V-011410,E-DEMO-TX-0077,2023-04-21,1
V-011411,E-DEMO-TX-0077,2023-05-22,1
V-011412,E-DEMO-TX-0077,2023-06-25,1
V-011413,E-DEMO-TX-0077,2023-08-30,1
V-011414,E-DEMO-TX-0077,2023-09-09,1
V-011415,E-DEMO-TX-0077,2023-11-17,1
V-011416,E-DEMO-TX-0078,2023-09-02,1
V-011417,E-DEMO-TX-0078,2023-10-18,1
V-011418,E-DEMO-TX-0078,2023-11-21,1
V-011419,E-DEMO-TX-0078,2023-12-05,1
V-011420,E-DEMO-TX-0078,2024-01-19,1
V-011421,E-DEMO-TX-0078,2024-03-24,1
V-011422,E-DEMO-TX-0078,2024-04-26,1
V-011423,E-DEMO-TX-0078,2024-05-14,1
V-011424,E-DEMO-TX-0078,2024-06-13,1
V-011425,E-DEMO-TX-0078,2024-07-02,1
V-011426,E-DEMO-TX-0078,2024-08-12,1
V-011427,E-DEMO-TX-0078,2024-09-19,1
V-011428,E-DEMO-TX-0078,2024-10-13,1
V-011429,E-DEMO-TX-0078,2025-01-13,1
V-011430,E-DEMO-TX-0078,2025-02-23,1
V-011431,E-DEMO-TX-0078,2025-03-18,1
V-011432,E-DEMO-TX-0078,2025-04-08,1
V-011433,E-DEMO-TX-0079,2025-04-14,1
V-011434,E-DEMO-TX-0079,2025-07-26,1
V-011435,E-DEMO-TX-0079,2025-08-22,1
V-011436,E-DEMO-TX-0079,2025-09-03,1
V-011437,E-DEMO-TX-0079,2025-10-12,1
V-011438,E-DEMO-TX-0079,2025-11-23,1
V-011439,E-DEMO-TX-0079,2025-12-28,1
V-011440,E-DEMO-TX-0080,2024-04-26,1
V-011441,E-DEMO-TX-0080,2024-05-16,1
V-011442,E-DEMO-TX-0080,2024-06-18,1
V-011443,E-DEMO-TX-0080,2024-07-12,1
V-011444,E-DEMO-TX-0080,2024-08-30,1
V-011445,E-DEMO-TX-0080,2024-09-17,1
V-011446,E-DEMO-TX-0080,2024-11-25,1
V-011447,E-DEMO-TX-0080,2024-12-07,1
V-011448,E-DEMO-TX-0080,2025-01-24,1
V-011449,E-DEMO-TX-0080,2025-02-26,1
V-011450,E-DEMO-TX-0080,2025-03-17,1
V-011451,E-DEMO-TX-0080,2025-04-11,1
V-011452,E-DEMO-TX-0080,2025-05-28,1
V-011453,E-DEMO-TX-0080,2025-06-16,1
V-011454,E-DEMO-TX-0080,2025-07-22,1
V-011455,E-DEMO-TX-0080,2025-09-02,1
V-011456,E-DEMO-TX-0080,2025-11-08,1
V-011457,E-DEMO-TX-0081,2023-02-21,1
V-011458,E-DEMO-TX-0081,2023-03-16,1
V-011459,E-DEMO-TX-0081,2023-04-01,1
V-011460,E-DEMO-TX-0081,2023-05-26,1
V-011461,E-DEMO-TX-0081,2023-06-25,1
V-011462,E-DEMO-TX-0081,2023-07-01,1
V-011463,E-DEMO-TX-0081,2023-08-15,1
V-011464,E-DEMO-TX-0081,2023-09-05,1
V-011465,E-DEMO-TX-0081,2023-10-25,1
V-011466,E-DEMO-TX-0081,2023-11-27,1
V-011467,E-DEMO-TX-0081,2023-12-17,1
V-011468,E-DEMO-TX-0081,2024-01-27,1
V-011469,E-DEMO-TX-0081,2024-02-22,1
V-011470,E-DEMO-TX-0081,2024-03-28,1
V-011471,E-DEMO-TX-0081,2024-04-26,1
V-011472,E-DEMO-TX-0081,2024-05-09,1
V-011473,E-DEMO-TX-0081,2024-09-30,1
V-011474,E-DEMO-TX-0081,2024-10-10,1
V-011475,E-DEMO-TX-0081,2024-11-09,1
V-011476,E-DEMO-TX-0081,2025-01-06,1
V-011477,E-DEMO-TX-0082,2025-01-26,1
V-011478,E-DEMO-TX-0082,2025-02-11,1
V-011479,E-DEMO-TX-0082,2025-03-23,1
V-011480,E-DEMO-TX-0082,2025-04-20,1
V-011481,E-DEMO-TX-0082,2025-05-12,1
V-011482,E-DEMO-TX-0082,2025-06-08,1
V-011483,E-DEMO-TX-0082,2025-07-06,1
V-011484,E-DEMO-TX-0082,2025-08-21,1
V-011485,E-DEMO-TX-0082,2025-09-03,1
V-011486,E-DEMO-TX-0083,2025-06-11,1
V-011487,E-DEMO-TX-0083,2025-07-13,1
V-011488,E-DEMO-TX-0083,2025-09-24,1
V-011489,E-DEMO-TX-0083,2025-10-01,1
V-011490,E-DEMO-TX-0083,2025-11-07,1
V-011491,E-DEMO-TX-0083,2025-12-16,1
V-011492,E-DEMO-TX-0084,2023-09-24,1
V-011493,E-DEMO-TX-0084,2023-10-13,1
V-011494,E-DEMO-TX-0084,2023-12-22,1
V-011495,E-DEMO-TX-0084,2024-01-17,1
V-011496,E-DEMO-TX-0084,2024-02-22,1
V-011497,E-DEMO-TX-0084,2024-03-09,1
V-011498,E-DEMO-TX-0084,2024-04-24,1
V-011499,E-DEMO-TX-0084,2024-05-31,1
V-011500,E-DEMO-TX-0084,2024-06-21,1
V-011501,E-DEMO-TX-0084,2024-07-15,1
V-011502,E-DEMO-TX-0084,2024-08-04,1
V-011503,E-DEMO-TX-0085,2024-11-24,1
V-011504,E-DEMO-TX-0085,2025-01-16,1
V-011505,E-DEMO-TX-0085,2025-02-19,1
V-011506,E-DEMO-TX-0085,2025-03-08,1
V-011507,E-DEMO-TX-0085,2025-04-15,1
V-011508,E-DEMO-TX-0085,2025-05-30,1
V-011509,E-DEMO-TX-0085,2025-06-13,1
V-011510,E-DEMO-TX-0085,2025-07-16,1
V-011511,E-DEMO-TX-0085,2025-08-31,1
V-011512,E-DEMO-TX-0085,2025-09-20,1
V-011513,E-DEMO-TX-0085,2025-10-18,1
V-011514,E-DEMO-TX-0085,2025-11-15,1
V-011515,E-DEMO-TX-0085,2025-12-22,1
V-011516,E-DEMO-TX-0086,2023-03-07,1
V-011517,E-DEMO-TX-0086,2023-04-29,1
V-011518,E-DEMO-TX-0086,2023-05-24,1
V-011519,E-DEMO-TX-0086,2023-08-06,1
V-011520,E-DEMO-TX-0087,2024-01-08,1
V-011521,E-DEMO-TX-0087,2024-02-29,1
V-011522,E-DEMO-TX-0087,2024-04-28,1
V-011523,E-DEMO-TX-0087,2024-05-12,1
V-011524,E-DEMO-TX-0087,2024-06-11,1
V-011525,E-DEMO-TX-0087,2024-07-30,1
V-011526,E-DEMO-TX-0087,2024-08-03,1
V-011527,E-DEMO-TX-0087,2024-10-09,1
V-011528,E-DEMO-TX-0087,2024-11-09,1
V-011529,E-DEMO-TX-0087,2024-12-15,1
V-011530,E-DEMO-TX-0087,2025-02-28,1
V-011531,E-DEMO-TX-0087,2025-03-15,1
V-011532,E-DEMO-TX-0087,2025-04-02,1
V-011533,E-DEMO-TX-0088,2023-05-09,1
V-011534,E-DEMO-TX-0088,2023-06-16,1
V-011535,E-DEMO-TX-0088,2023-07-28,1
V-011536,E-DEMO-TX-0088,2023-08-09,1
V-011537,E-DEMO-TX-0088,2023-09-10,1
V-011538,E-DEMO-TX-0088,2023-10-12,1
V-011539,E-DEMO-TX-0088,2023-11-25,1
V-011540,E-DEMO-TX-0088,2023-12-08,1
V-011541,E-DEMO-TX-0088,2024-02-05,1
V-011542,E-DEMO-TX-0089,2025-09-26,1
V-011543,E-DEMO-TX-0089,2025-10-13,1
V-011544,E-DEMO-TX-0089,2025-11-27,1
V-011545,E-DEMO-TX-0090,2025-05-20,1
V-011546,E-DEMO-TX-0090,2025-06-18,1
V-011547,E-DEMO-TX-0090,2025-07-26,1
V-011548,E-DEMO-TX-0090,2025-08-07,1
V-011549,E-DEMO-TX-0090,2025-09-19,1
V-011550,E-DEMO-TX-0090,2025-10-06,1
V-011551,E-DEMO-TX-0090,2025-11-23,1
V-011552,E-DEMO-TX-0090,2025-12-25,1
V-011553,E-DEMO-TX-0091,2025-06-23,1
V-011554,E-DEMO-TX-0091,2025-08-06,1
V-011555,E-DEMO-TX-0091,2025-10-16,1
V-011556,E-DEMO-TX-0092,2025-07-24,1
V-011557,E-DEMO-TX-0092,2025-08-04,1
V-011558,E-DEMO-TX-0092,2025-09-26,1
V-011559,E-DEMO-TX-0093,2024-02-07,1
V-011560,E-DEMO-TX-0093,2024-03-03,1
V-011561,E-DEMO-TX-0094,2024-01-12,1
V-011562,E-DEMO-TX-0094,2024-02-22,1
V-011563,E-DEMO-TX-0094,2024-03-03,1
V-011564,E-DEMO-TX-0094,2024-04-08,1
V-011565,E-DEMO-TX-0094,2024-05-22,1
V-011566,E-DEMO-TX-0094,2024-07-11,1
V-011567,E-DEMO-TX-0094,2024-08-23,1
V-011568,E-DEMO-TX-0094,2024-09-23,1
V-011569,E-DEMO-TX-0094,2024-10-13,1
V-011570,E-DEMO-TX-0094,2024-11-12,1
V-011571,E-DEMO-TX-0094,2024-12-26,1
V-011572,E-DEMO-TX-0094,2025-01-19,1
V-011573,E-DEMO-TX-0094,2025-02-21,1
V-011574,E-DEMO-TX-0094,2025-03-11,1
V-011575,E-DEMO-TX-0094,2025-04-24,1
V-011576,E-DEMO-TX-0094,2025-05-04,1
V-011577,E-DEMO-TX-0095,2024-12-16,1
V-011578,E-DEMO-TX-0095,2025-01-26,1
V-011579,E-DEMO-TX-0095,2025-02-27,1
V-011580,E-DEMO-TX-0095,2025-03-19,1
V-011581,E-DEMO-TX-0095,2025-04-13,1
V-011582,E-DEMO-TX-0095,2025-05-17,1
V-011583,E-DEMO-TX-0096,2023-07-28,1
V-011584,E-DEMO-TX-0096,2023-08-17,1
V-011585,E-DEMO-TX-0096,2023-09-06,1
V-011586,E-DEMO-TX-0096,2023-10-24,1
V-011587,E-DEMO-TX-0096,2023-11-04,1
V-011588,E-DEMO-TX-0096,2023-12-15,1
V-011589,E-DEMO-TX-0096,2024-01-11,1
V-011590,E-DEMO-TX-0096,2024-02-23,1
V-011591,E-DEMO-TX-0096,2024-04-20,1
V-011592,E-DEMO-TX-0096,2024-05-31,1
V-011593,E-DEMO-TX-0096,2024-07-26,1
V-011594,E-DEMO-TX-0096,2024-08-13,1
V-011595,E-DEMO-TX-0096,2024-09-14,1
V-011596,E-DEMO-TX-0096,2024-10-27,1
V-011597,E-DEMO-TX-0096,2024-11-21,1
V-011598,E-DEMO-TX-0096,2024-12-11,1
V-011599,E-DEMO-TX-0096,2025-02-11,1
V-011600,E-DEMO-TX-0096,2025-03-17,1
V-011601,E-DEMO-TX-0096,2025-04-24,1
V-011602,E-DEMO-TX-0096,2025-05-20,1
V-011603,E-DEMO-TX-0097,2024-04-13,1
V-011604,E-DEMO-TX-0097,2024-05-24,1
V-011605,E-DEMO-TX-0097,2024-06-20,1
V-011606,E-DEMO-TX-0097,2024-07-25,1
V-011607,E-DEMO-TX-0097,2024-09-25,1
V-011608,E-DEMO-TX-0097,2024-10-13,1
V-011609,E-DEMO-TX-0097,2024-11-29,1
V-011610,E-DEMO-TX-0097,2025-01-25,1
V-011611,E-DEMO-TX-0097,2025-03-11,1
V-011612,E-DEMO-TX-0098,2023-05-10,1
V-011613,E-DEMO-TX-0098,2023-06-26,1
V-011614,E-DEMO-TX-0098,2023-07-14,1
V-011615,E-DEMO-TX-0098,2023-09-10,1
V-011616,E-DEMO-TX-0098,2023-10-30,1
V-011617,E-DEMO-TX-0098,2023-11-17,1
V-011618,E-DEMO-TX-0099,2023-06-28,1
V-011619,E-DEMO-TX-0099,2023-07-12,1
V-011620,E-DEMO-TX-0099,2023-08-04,1
V-011621,E-DEMO-TX-0099,2023-09-29,1
V-011622,E-DEMO-TX-0099,2023-10-18,1
V-011623,E-DEMO-TX-0099,2023-11-06,1
V-011624,E-DEMO-TX-0099,2024-01-15,1
V-011625,E-DEMO-TX-0099,2024-02-18,1
V-011626,E-DEMO-TX-0099,2024-03-07,1
V-011627,E-DEMO-TX-0099,2024-04-21,1
V-011628,E-DEMO-TX-0099,2024-06-05,1
V-011629,E-DEMO-TX-0099,2024-07-31,1
V-011630,E-DEMO-TX-0099,2024-08-06,1
V-011631,E-DEMO-TX-0100,2025-02-25,1
V-011632,E-DEMO-TX-0100,2025-04-14,1
V-011633,E-DEMO-TX-0100,2025-05-10,1
V-011634,E-DEMO-TX-0100,2025-06-27,1
V-011635,E-DEMO-TX-0100,2025-07-08,1
V-011636,E-DEMO-TX-0100,2025-08-28,1
V-011637,E-DEMO-TX-0100,2025-09-05,1
V-011638,E-DEMO-TX-0100,2025-10-07,1
V-011639,E-DEMO-TX-0100,2025-11-13,1
V-011640,E-DEMO-TX-0101,2024-11-03,1
V-011641,E-DEMO-TX-0101,2024-12-26,1
V-011642,E-DEMO-TX-0101,2025-01-21,1
V-011643,E-DEMO-TX-0101,2025-02-15,1
V-011644,E-DEMO-TX-0101,2025-03-31,1
V-011645,E-DEMO-TX-0101,2025-04-22,1
V-011646,E-DEMO-TX-0102,2023-10-26,1
V-011647,E-DEMO-TX-0102,2023-11-22,1
V-011648,E-DEMO-TX-0102,2023-12-08,1
V-011649,E-DEMO-TX-0102,2024-01-12,1
V-011650,E-DEMO-TX-0102,2024-02-26,1
V-011651,E-DEMO-TX-0102,2024-03-06,1
V-011652,E-DEMO-TX-0102,2024-04-14,1
V-011653,E-DEMO-TX-0102,2024-06-23,1
V-011654,E-DEMO-TX-0102,2024-07-25,1
V-011655,E-DEMO-TX-0102,2024-08-20,1
V-011656,E-DEMO-TX-0102,2024-09-16,1
V-011657,E-DEMO-TX-0102,2024-10-04,1
V-011658,E-DEMO-TX-0102,2024-11-08,1
V-011659,E-DEMO-TX-0102,2024-12-20,1
V-011660,E-DEMO-TX-0102,2025-01-24,1
V-011661,E-DEMO-TX-0103,2024-06-28,1
V-011662,E-DEMO-TX-0103,2024-07-11,1
V-011663,E-DEMO-TX-0103,2024-08-12,1
V-011664,E-DEMO-TX-0103,2024-09-13,1
V-011665,E-DEMO-TX-0103,2024-10-12,1
V-011666,E-DEMO-TX-0103,2024-11-15,1
V-011667,E-DEMO-TX-0103,2024-12-27,1
V-011668,E-DEMO-TX-0103,2025-01-10,1
V-011669,E-DEMO-TX-0103,2025-02-25,1
V-011670,E-DEMO-TX-0103,2025-04-16,1
V-011671,E-DEMO-TX-0103,2025-05-25,1
V-011672,E-DEMO-TX-0103,2025-06-04,1
V-011673,E-DEMO-TX-0103,2025-07-02,1
V-011674,E-DEMO-TX-0103,2025-08-03,1
V-011675,E-DEMO-TX-0103,2025-09-16,1
V-011676,E-DEMO-TX-0103,2025-10-06,1
V-011677,E-DEMO-TX-0103,2025-11-22,1
V-011678,E-DEMO-TX-0103,2025-12-02,1
V-011679,E-DEMO-TX-0104,2023-11-07,1
V-011680,E-DEMO-TX-0104,2023-12-10,1
V-011681,E-DEMO-TX-0104,2024-01-02,1
V-011682,E-DEMO-TX-0104,2024-02-09,1
V-011683,E-DEMO-TX-0104,2024-03-30,1
V-011684,E-DEMO-TX-0104,2024-04-15,1
V-011685,E-DEMO-TX-0104,2024-05-05,1
V-011686,E-DEMO-TX-0104,2024-06-24,1
V-011687,E-DEMO-TX-0104,2024-07-12,1
V-011688,E-DEMO-TX-0104,2024-09-23,1
V-011689,E-DEMO-TX-0104,2024-10-26,1
V-011690,E-DEMO-TX-0104,2024-11-15,1
V-011691,E-DEMO-TX-0104,2024-12-27,1
V-011692,E-DEMO-TX-0104,2025-01-20,1
V-011693,E-DEMO-TX-0104,2025-02-25,1
V-011694,E-DEMO-TX-0104,2025-03-25,1
V-011695,E-DEMO-TX-0104,2025-04-24,1
V-011696,E-DEMO-TX-0104,2025-05-28,1
V-011697,E-DEMO-TX-0104,2025-06-09,1
V-011698,E-DEMO-TX-0104,2025-07-25,1
V-011699,E-DEMO-TX-0104,2025-08-06,1
V-011700,E-DEMO-TX-0105,2023-02-08,1
V-011701,E-DEMO-TX-0105,2023-03-06,1
V-011702,E-DEMO-TX-0105,2023-04-02,1
V-011703,E-DEMO-TX-0105,2023-05-30,1
V-011704,E-DEMO-TX-0105,2023-07-26,1
V-011705,E-DEMO-TX-0105,2023-08-16,1
V-011706,E-DEMO-TX-0105,2023-09-22,1
V-011707,E-DEMO-TX-0105,2023-10-14,1
V-011708,E-DEMO-TX-0105,2023-11-16,1
V-011709,E-DEMO-TX-0105,2024-02-27,1
V-011710,E-DEMO-TX-0105,2024-03-22,1
V-011711,E-DEMO-TX-0105,2024-06-01,1
V-011712,E-DEMO-TX-0105,2024-07-26,1
V-011713,E-DEMO-TX-0105,2024-08-15,1
V-011714,E-DEMO-TX-0106,2023-02-27,1
V-011715,E-DEMO-TX-0106,2023-03-05,1
V-011716,E-DEMO-TX-0106,2023-04-04,1
V-011717,E-DEMO-TX-0106,2023-05-20,1
V-011718,E-DEMO-TX-0106,2023-06-05,1
V-011719,E-DEMO-TX-0106,2023-08-18,1
V-011720,E-DEMO-TX-0106,2023-10-13,1
V-011721,E-DEMO-TX-0106,2023-11-10,1
V-011722,E-DEMO-TX-0106,2024-01-15,1
V-011723,E-DEMO-TX-0106,2024-02-12,1
V-011724,E-DEMO-TX-0107,2024-09-15,1
V-011725,E-DEMO-TX-0107,2024-11-16,1
V-011726,E-DEMO-TX-0107,2024-12-09,1
V-011727,E-DEMO-TX-0107,2025-01-17,1
V-011728,E-DEMO-TX-0107,2025-02-10,1
V-011729,E-DEMO-TX-0107,2025-03-11,1
V-011730,E-DEMO-TX-0107,2025-05-20,1
V-011731,E-DEMO-TX-0107,2025-06-02,1
V-011732,E-DEMO-TX-0107,2025-08-20,1
V-011733,E-DEMO-TX-0107,2025-09-09,1
V-011734,E-DEMO-TX-0107,2025-10-07,1
V-011735,E-DEMO-TX-0107,2025-11-08,1
V-011736,E-DEMO-TX-0108,2023-10-25,1
V-011737,E-DEMO-TX-0108,2023-11-04,1
V-011738,E-DEMO-TX-0108,2023-12-25,1
V-011739,E-DEMO-TX-0108,2024-02-09,1
V-011740,E-DEMO-TX-0108,2024-03-10,1
V-011741,E-DEMO-TX-0108,2024-04-16,1
V-011742,E-DEMO-TX-0108,2024-06-19,1
V-011743,E-DEMO-TX-0108,2024-07-05,1
V-011744,E-DEMO-TX-0108,2024-08-23,1
V-011745,E-DEMO-TX-0108,2024-09-20,1
V-011746,E-DEMO-TX-0108,2024-10-10,1
V-011747,E-DEMO-TX-0108,2024-11-30,1
V-011748,E-DEMO-TX-0109,2025-10-24,1
V-011749,E-DEMO-TX-0110,2024-01-06,1
V-011750,E-DEMO-TX-0110,2024-03-27,1
V-011751,E-DEMO-TX-0110,2024-04-26,1
V-011752,E-DEMO-TX-0111,2024-02-18,1
V-011753,E-DEMO-TX-0111,2024-03-02,1
V-011754,E-DEMO-TX-0111,2024-05-23,1
V-011755,E-DEMO-TX-0111,2024-06-04,1
V-011756,E-DEMO-TX-0111,2024-07-22,1
V-011757,E-DEMO-TX-0111,2024-08-14,1
V-011758,E-DEMO-TX-0111,2024-09-13,1
V-011759,E-DEMO-TX-0111,2024-10-31,1
V-011760,E-DEMO-TX-0111,2024-11-06,1
V-011761,E-DEMO-TX-0111,2024-12-19,1
V-011762,E-DEMO-TX-0112,2024-11-28,1
V-011763,E-DEMO-TX-0112,2024-12-21,1
V-011764,E-DEMO-TX-0112,2025-02-13,1
V-011765,E-DEMO-TX-0112,2025-03-16,1
V-011766,E-DEMO-TX-0112,2025-04-27,1
V-011767,E-DEMO-TX-0112,2025-05-28,1
V-011768,E-DEMO-TX-0112,2025-06-02,1
V-011769,E-DEMO-TX-0112,2025-07-31,1
V-011770,E-DEMO-TX-0112,2025-08-03,1
V-011771,E-DEMO-TX-0112,2025-09-30,1
V-011772,E-DEMO-TX-0112,2025-10-31,1
V-011773,E-DEMO-TX-0112,2025-11-24,1
V-011774,E-DEMO-TX-0112,2025-12-18,1
V-011775,E-DEMO-TX-0113,2024-06-08,1
V-011776,E-DEMO-TX-0113,2024-07-07,1
V-011777,E-DEMO-TX-0113,2024-08-29,1
V-011778,E-DEMO-TX-0113,2024-09-16,1
V-011779,E-DEMO-TX-0113,2024-12-12,1
V-011780,E-DEMO-TX-0113,2025-01-11,1
V-011781,E-DEMO-TX-0113,2025-02-05,1
V-011782,E-DEMO-TX-0113,2025-03-26,1
V-011783,E-DEMO-TX-0113,2025-04-02,1
V-011784,E-DEMO-TX-0113,2025-05-29,1
V-011785,E-DEMO-TX-0113,2025-06-05,1
V-011786,E-DEMO-TX-0113,2025-07-27,1
V-011787,E-DEMO-TX-0113,2025-08-24,1
V-011788,E-DEMO-TX-0113,2025-09-06,1
V-011789,E-DEMO-TX-0113,2025-10-31,1
V-011790,E-DEMO-TX-0113,2025-11-17,1
V-011791,E-DEMO-TX-0113,2025-12-16,1
V-011792,E-DEMO-TX-0114,2023-09-18,1
V-011793,E-DEMO-TX-0114,2023-10-17,1
V-011794,E-DEMO-TX-0114,2023-11-06,1
V-011795,E-DEMO-TX-0114,2023-12-30,1
V-011796,E-DEMO-TX-0114,2024-01-15,1
V-011797,E-DEMO-TX-0115,2023-03-17,1
V-011798,E-DEMO-TX-0115,2023-04-15,1
V-011799,E-DEMO-TX-0115,2023-05-08,1
V-011800,E-DEMO-TX-0115,2023-06-21,1
V-011801,E-DEMO-TX-0115,2023-07-26,1
V-011802,E-DEMO-TX-0115,2023-09-06,1
V-011803,E-DEMO-TX-0115,2023-10-17,1
V-011804,E-DEMO-TX-0115,2023-11-03,1
V-011805,E-DEMO-TX-0115,2023-12-09,1
V-011806,E-DEMO-TX-0115,2024-01-05,1
V-011807,E-DEMO-TX-0115,2024-02-08,1
V-011808,E-DEMO-TX-0115,2024-03-18,1
V-011809,E-DEMO-TX-0115,2024-04-18,1
V-011810,E-DEMO-TX-0115,2024-05-15,1
V-011811,E-DEMO-TX-0115,2024-07-26,1
V-011812,E-DEMO-TX-0115,2024-08-05,1
V-011813,E-DEMO-TX-0115,2024-09-07,1
V-011814,E-DEMO-TX-0115,2024-10-26,1
V-011815,E-DEMO-TX-0115,2024-12-02,1
V-011816,E-DEMO-TX-0115,2025-01-16,1
V-011817,E-DEMO-TX-0115,2025-02-17,1
V-011818,E-DEMO-TX-0115,2025-03-21,1
V-011819,E-DEMO-TX-0116,2025-01-05,1
V-011820,E-DEMO-TX-0116,2025-03-05,1
V-011821,E-DEMO-TX-0116,2025-04-19,1
V-011822,E-DEMO-TX-0116,2025-06-14,1
V-011823,E-DEMO-TX-0116,2025-07-11,1
V-011824,E-DEMO-TX-0116,2025-08-16,1
V-011825,E-DEMO-TX-0116,2025-09-06,1
V-011826,E-DEMO-TX-0116,2025-10-01,1
V-011827,E-DEMO-TX-0116,2025-11-02,1
V-011828,E-DEMO-TX-0116,2025-12-26,1
V-011829,E-DEMO-TX-0117,2025-08-27,1
V-011830,E-DEMO-TX-0117,2025-09-20,1
V-011831,E-DEMO-TX-0117,2025-10-16,1
V-011832,E-DEMO-TX-0117,2025-11-16,1
V-011833,E-DEMO-TX-0117,2025-12-16,1
V-011834,E-DEMO-TX-0118,2023-11-21,1
V-011835,E-DEMO-TX-0118,2023-12-09,1
V-011836,E-DEMO-TX-0119,2023-11-04,1
V-011837,E-DEMO-TX-0119,2023-12-18,1
V-011838,E-DEMO-TX-0119,2024-02-23,1
V-011839,E-DEMO-TX-0119,2024-03-12,1
V-011840,E-DEMO-TX-0119,2024-04-17,1
V-011841,E-DEMO-TX-0119,2024-05-07,1
V-011842,E-DEMO-TX-0119,2024-06-16,1
V-011843,E-DEMO-TX-0119,2024-08-07,1
V-011844,E-DEMO-TX-0119,2024-09-25,1
V-011845,E-DEMO-TX-0120,2025-09-12,1
V-011846,E-DEMO-TX-0120,2025-11-08,1
V-011847,E-DEMO-TX-0120,2025-12-13,1
V-011848,E-DEMO-TX-0121,2025-03-12,1
V-011849,E-DEMO-TX-0121,2025-04-24,1
V-011850,E-DEMO-TX-0121,2025-06-21,1
V-011851,E-DEMO-TX-0121,2025-07-29,1
V-011852,E-DEMO-TX-0121,2025-10-02,1
V-011853,E-DEMO-TX-0121,2025-12-18,1
V-011854,E-DEMO-TX-0122,2024-04-29,1
V-011855,E-DEMO-TX-0122,2024-05-29,1
V-011856,E-DEMO-TX-0123,2024-10-18,1
V-011857,E-DEMO-TX-0123,2024-11-07,1
V-011858,E-DEMO-TX-0123,2024-12-23,1
V-011859,E-DEMO-TX-0123,2025-01-03,1
V-011860,E-DEMO-TX-0123,2025-02-17,1
V-011861,E-DEMO-TX-0123,2025-03-03,1
V-011862,E-DEMO-TX-0123,2025-04-24,1
V-011863,E-DEMO-TX-0123,2025-05-16,1
V-011864,E-DEMO-TX-0123,2025-06-01,1
V-011865,E-DEMO-TX-0123,2025-07-20,1
V-011866,E-DEMO-TX-0123,2025-08-26,1
V-011867,E-DEMO-TX-0124,2025-01-16,1
V-011868,E-DEMO-TX-0124,2025-02-11,1
V-011869,E-DEMO-TX-0124,2025-03-20,1
V-011870,E-DEMO-TX-0124,2025-04-21,1
V-011871,E-DEMO-TX-0124,2025-05-29,1
V-011872,E-DEMO-TX-0124,2025-06-25,1
V-011873,E-DEMO-TX-0124,2025-08-27,1
V-011874,E-DEMO-TX-0124,2025-09-28,1
V-011875,E-DEMO-TX-0124,2025-11-01,1
V-011876,E-DEMO-TX-0125,2023-03-20,1
V-011877,E-DEMO-TX-0125,2023-05-28,1
V-011878,E-DEMO-TX-0125,2023-06-08,1
V-011879,E-DEMO-TX-0125,2023-07-15,1
V-011880,E-DEMO-TX-0125,2023-08-06,1
V-011881,E-DEMO-TX-0125,2023-09-14,1
V-011882,E-DEMO-TX-0125,2023-10-10,1
V-011883,E-DEMO-TX-0125,2023-11-01,1
V-011884,E-DEMO-TX-0125,2023-12-15,1
V-011885,E-DEMO-TX-0125,2024-01-09,1
V-011886,E-DEMO-TX-0125,2024-02-12,1
V-011887,E-DEMO-TX-0125,2024-03-15,1
V-011888,E-DEMO-TX-0125,2024-04-13,1
V-011889,E-DEMO-TX-0126,2023-11-14,1
V-011890,E-DEMO-TX-0126,2023-12-15,1
V-011891,E-DEMO-TX-0126,2024-02-25,1
V-011892,E-DEMO-TX-0126,2024-04-01,1
V-011893,E-DEMO-TX-0126,2024-05-02,1
V-011894,E-DEMO-TX-0127,2023-07-27,1
V-011895,E-DEMO-TX-0127,2023-08-17,1
V-011896,E-DEMO-TX-0127,2023-09-07,1
V-011897,E-DEMO-TX-0127,2023-10-02,1
V-011898,E-DEMO-TX-0127,2023-11-16,1
V-011899,E-DEMO-TX-0127,2023-12-09,1
V-011900,E-DEMO-TX-0127,2024-01-15,1
V-011901,E-DEMO-TX-0127,2024-02-12,1
V-011902,E-DEMO-TX-0127,2024-03-06,1
V-011903,E-DEMO-TX-0127,2024-05-19,1
V-011904,E-DEMO-TX-0127,2024-06-10,1
V-011905,E-DEMO-TX-0127,2024-08-14,1
V-011906,E-DEMO-TX-0127,2024-09-27,1
V-011907,E-DEMO-TX-0127,2024-10-08,1
V-011908,E-DEMO-TX-0127,2024-11-22,1
V-011909,E-DEMO-TX-0127,2024-12-29,1
V-011910,E-DEMO-TX-0127,2025-02-24,1
V-011911,E-DEMO-TX-0127,2025-03-30,1
V-011912,E-DEMO-TX-0127,2025-04-18,1
V-011913,E-DEMO-TX-0127,2025-06-01,1
V-011914,E-DEMO-TX-0127,2025-07-16,1
V-011915,E-DEMO-TX-0128,2023-08-16,1
V-011916,E-DEMO-TX-0129,2023-06-06,1
V-011917,E-DEMO-TX-0129,2023-07-30,1
V-011918,E-DEMO-TX-0129,2023-08-29,1
V-011919,E-DEMO-TX-0129,2023-10-07,1
V-011920,E-DEMO-TX-0129,2023-11-24,1
V-011921,E-DEMO-TX-0129,2024-01-21,1
V-011922,E-DEMO-TX-0129,2024-02-15,1
V-011923,E-DEMO-TX-0129,2024-03-06,1
V-011924,E-DEMO-TX-0129,2024-05-26,1
V-011925,E-DEMO-TX-0129,2024-06-04,1
V-011926,E-DEMO-TX-0129,2024-07-24,1
V-011927,E-DEMO-TX-0129,2024-08-23,1
V-011928,E-DEMO-TX-0129,2024-09-25,1
V-011929,E-DEMO-TX-0129,2024-10-22,1
V-011930,E-DEMO-TX-0129,2024-11-27,1
V-011931,E-DEMO-TX-0129,2024-12-12,1
V-011932,E-DEMO-TX-0129,2025-01-21,1
V-011933,E-DEMO-TX-0129,2025-03-20,1
V-011934,E-DEMO-TX-0129,2025-05-09,1
V-011935,E-DEMO-TX-0129,2025-06-24,1
V-011936,E-DEMO-TX-0129,2025-07-19,1
V-011937,E-DEMO-TX-0130,2025-07-04,1
V-011938,E-DEMO-TX-0130,2025-08-18,1
V-011939,E-DEMO-TX-0130,2025-09-01,1
V-011940,E-DEMO-TX-0130,2025-11-07,1
V-011941,E-DEMO-TX-0130,2025-12-30,1
V-011942,E-DEMO-TX-0131,2024-07-15,1
V-011943,E-DEMO-TX-0131,2024-08-19,1
V-011944,E-DEMO-TX-0131,2024-09-09,1
V-011945,E-DEMO-TX-0131,2024-11-24,1
V-011946,E-DEMO-TX-0131,2025-02-04,1
V-011947,E-DEMO-TX-0131,2025-03-30,1
V-011948,E-DEMO-TX-0131,2025-04-06,1
V-011949,E-DEMO-TX-0131,2025-05-18,1
V-011950,E-DEMO-TX-0131,2025-07-21,1
V-011951,E-DEMO-TX-0131,2025-08-14,1
V-011952,E-DEMO-TX-0131,2025-09-05,1
V-011953,E-DEMO-TX-0131,2025-10-19,1
V-011954,E-DEMO-TX-0131,2025-11-04,1
V-011955,E-DEMO-TX-0131,2025-12-10,1
V-011956,E-DEMO-TX-0132,2025-03-28,1
V-011957,E-DEMO-TX-0132,2025-04-02,1
V-011958,E-DEMO-TX-0132,2025-05-20,1
V-011959,E-DEMO-TX-0132,2025-06-21,1
V-011960,E-DEMO-TX-0132,2025-07-08,1
V-011961,E-DEMO-TX-0132,2025-09-12,1
V-011962,E-DEMO-TX-0132,2025-10-26,1
V-011963,E-DEMO-TX-0132,2025-11-01,1
V-011964,E-DEMO-TX-0133,2025-06-23,1
V-011965,E-DEMO-TX-0133,2025-07-10,1
V-011966,E-DEMO-TX-0133,2025-10-16,1
V-011967,E-DEMO-TX-0134,2023-01-24,1
V-011968,E-DEMO-TX-0134,2023-02-07,1
V-011969,E-DEMO-TX-0134,2023-03-28,1
V-011970,E-DEMO-TX-0134,2023-04-02,1
V-011971,E-DEMO-TX-0134,2023-05-30,1
V-011972,E-DEMO-TX-0134,2023-06-30,1
V-011973,E-DEMO-TX-0134,2023-08-09,1
V-011974,E-DEMO-TX-0134,2023-09-03,1
V-011975,E-DEMO-TX-0134,2023-10-18,1
V-011976,E-DEMO-TX-0134,2023-11-29,1
V-011977,E-DEMO-TX-0134,2024-01-22,1
V-011978,E-DEMO-TX-0134,2024-02-21,1
V-011979,E-DEMO-TX-0135,2023-09-28,1
V-011980,E-DEMO-TX-0135,2023-10-11,1
V-011981,E-DEMO-TX-0135,2023-11-05,1
V-011982,E-DEMO-TX-0135,2023-12-14,1
V-011983,E-DEMO-TX-0135,2024-01-08,1
V-011984,E-DEMO-TX-0135,2024-02-19,1
V-011985,E-DEMO-TX-0135,2024-04-08,1
V-011986,E-DEMO-TX-0135,2024-05-13,1
V-011987,E-DEMO-TX-0135,2024-06-25,1
V-011988,E-DEMO-TX-0135,2024-07-27,1
V-011989,E-DEMO-TX-0135,2024-08-23,1
V-011990,E-DEMO-TX-0135,2024-09-25,1
V-011991,E-DEMO-TX-0135,2024-10-16,1
V-011992,E-DEMO-TX-0135,2024-11-05,1
V-011993,E-DEMO-TX-0135,2024-12-20,1
V-011994,E-DEMO-TX-0135,2025-01-26,1
V-011995,E-DEMO-TX-0135,2025-02-14,1
V-011996,E-DEMO-TX-0135,2025-03-24,1
V-011997,E-DEMO-TX-0135,2025-04-03,1
V-011998,E-DEMO-TX-0136,2023-03-27,1
V-011999,E-DEMO-TX-0136,2023-06-27,1
V-012000,E-DEMO-TX-0136,2023-08-23,1
V-012001,E-DEMO-TX-0136,2023-09-29,1
V-012002,E-DEMO-TX-0136,2023-10-23,1
V-012003,E-DEMO-TX-0136,2023-12-11,1
V-012004,E-DEMO-TX-0136,2024-01-07,1
V-012005,E-DEMO-TX-0136,2024-02-27,1
V-012006,E-DEMO-TX-0136,2024-03-10,1
V-012007,E-DEMO-TX-0136,2024-04-07,1
V-012008,E-DEMO-TX-0136,2024-05-21,1
V-012009,E-DEMO-TX-0136,2024-06-25,1
V-012010,E-DEMO-TX-0136,2024-07-26,1
V-012011,E-DEMO-TX-0136,2024-08-11,1
V-012012,E-DEMO-TX-0136,2024-09-03,1
V-012013,E-DEMO-TX-0137,2025-04-18,1
V-012014,E-DEMO-TX-0137,2025-06-13,1
V-012015,E-DEMO-TX-0137,2025-07-07,1
V-012016,E-DEMO-TX-0137,2025-08-31,1
V-012017,E-DEMO-TX-0137,2025-09-27,1
V-012018,E-DEMO-TX-0137,2025-10-27,1
V-012019,E-DEMO-TX-0137,2025-11-29,1
V-012020,E-DEMO-TX-0137,2025-12-29,1
V-012021,E-DEMO-TX-0138,2023-07-25,1
V-012022,E-DEMO-TX-0138,2023-08-09,1
V-012023,E-DEMO-TX-0138,2023-09-16,1
V-012024,E-DEMO-TX-0138,2023-10-19,1
V-012025,E-DEMO-TX-0138,2023-11-25,1
V-012026,E-DEMO-TX-0138,2023-12-06,1
V-012027,E-DEMO-TX-0138,2024-02-07,1
V-012028,E-DEMO-TX-0138,2024-03-12,1
V-012029,E-DEMO-TX-0138,2024-04-05,1
V-012030,E-DEMO-TX-0139,2025-01-27,1
V-012031,E-DEMO-TX-0139,2025-02-25,1
V-012032,E-DEMO-TX-0139,2025-03-28,1
V-012033,E-DEMO-TX-0139,2025-04-14,1
V-012034,E-DEMO-TX-0139,2025-05-06,1
V-012035,E-DEMO-TX-0139,2025-08-01,1
V-012036,E-DEMO-TX-0139,2025-09-01,1
V-012037,E-DEMO-TX-0139,2025-10-29,1
V-012038,E-DEMO-TX-0139,2025-11-09,1
V-012039,E-DEMO-TX-0140,2024-07-28,1
V-012040,E-DEMO-TX-0140,2024-08-31,1
V-012041,E-DEMO-TX-0140,2024-09-28,1
V-012042,E-DEMO-TX-0140,2024-10-01,1
V-012043,E-DEMO-TX-0140,2024-11-09,1
V-012044,E-DEMO-TX-0140,2024-12-01,1
V-012045,E-DEMO-TX-0140,2025-01-07,1
V-012046,E-DEMO-TX-0140,2025-02-23,1
V-012047,E-DEMO-TX-0141,2025-11-24,1
V-012048,E-DEMO-TX-0141,2025-12-28,1
V-012049,E-DEMO-TX-0142,2023-06-06,1
V-012050,E-DEMO-TX-0142,2023-07-08,1
V-012051,E-DEMO-TX-0142,2023-08-22,1
V-012052,E-DEMO-TX-0142,2023-09-27,1
V-012053,E-DEMO-TX-0142,2023-10-06,1
V-012054,E-DEMO-TX-0142,2023-12-15,1
V-012055,E-DEMO-TX-0142,2024-01-24,1
V-012056,E-DEMO-TX-0142,2024-02-11,1
V-012057,E-DEMO-TX-0142,2024-03-12,1
V-012058,E-DEMO-TX-0142,2024-04-26,1
V-012059,E-DEMO-TX-0142,2024-05-27,1
V-012060,E-DEMO-TX-0142,2024-06-30,1
V-012061,E-DEMO-TX-0142,2024-07-18,1
V-012062,E-DEMO-TX-0142,2024-08-16,1
V-012063,E-DEMO-TX-0142,2024-11-01,1
V-012064,E-DEMO-TX-0143,2023-05-10,1
V-012065,E-DEMO-TX-0143,2023-06-01,1
V-012066,E-DEMO-TX-0143,2023-07-18,1
V-012067,E-DEMO-TX-0143,2023-08-08,1
V-012068,E-DEMO-TX-0143,2023-10-14,1
V-012069,E-DEMO-TX-0143,2023-11-17,1
V-012070,E-DEMO-TX-0143,2024-01-05,1
V-012071,E-DEMO-TX-0143,2024-02-21,1
V-012072,E-DEMO-TX-0143,2024-03-29,1
V-012073,E-DEMO-TX-0143,2024-05-03,1
V-012074,E-DEMO-TX-0143,2024-06-24,1
V-012075,E-DEMO-TX-0143,2024-07-14,1
V-012076,E-DEMO-TX-0144,2023-03-30,1
V-012077,E-DEMO-TX-0144,2023-05-06,1
V-012078,E-DEMO-TX-0144,2023-06-21,1
V-012079,E-DEMO-TX-0144,2023-07-13,1
V-012080,E-DEMO-TX-0144,2023-08-30,1
V-012081,E-DEMO-TX-0145,2024-11-04,1
V-012082,E-DEMO-TX-0145,2024-12-25,1
V-012083,E-DEMO-TX-0145,2025-02-23,1
V-012084,E-DEMO-TX-0145,2025-03-09,1
V-012085,E-DEMO-TX-0145,2025-04-26,1
V-012086,E-DEMO-TX-0145,2025-05-25,1
V-012087,E-DEMO-TX-0145,2025-06-30,1
V-012088,E-DEMO-TX-0145,2025-07-06,1
V-012089,E-DEMO-TX-0146,2023-01-10,1
V-012090,E-DEMO-TX-0146,2023-02-23,1
V-012091,E-DEMO-TX-0146,2023-04-30,1
V-012092,E-DEMO-TX-0146,2023-05-13,1
V-012093,E-DEMO-TX-0146,2023-06-02,1
V-012094,E-DEMO-TX-0146,2023-07-20,1
V-012095,E-DEMO-TX-0146,2023-08-25,1
V-012096,E-DEMO-TX-0146,2023-09-22,1
V-012097,E-DEMO-TX-0147,2025-09-29,1
V-012098,E-DEMO-TX-0147,2025-10-22,1
V-012099,E-DEMO-TX-0147,2025-11-28,1
V-012100,E-DEMO-TX-0147,2025-12-19,1
V-012101,E-DEMO-TX-0148,2023-05-05,1
V-012102,E-DEMO-TX-0148,2023-07-22,1
V-012103,E-DEMO-TX-0148,2023-11-24,1
V-012104,E-DEMO-TX-0148,2023-12-27,1
V-012105,E-DEMO-TX-0148,2024-01-09,1
V-012106,E-DEMO-TX-0148,2024-02-08,1
V-012107,E-DEMO-TX-0148,2024-03-05,1
V-012108,E-DEMO-TX-0148,2024-04-03,1
V-012109,E-DEMO-TX-0148,2024-06-08,1
V-012110,E-DEMO-TX-0148,2024-08-27,1
V-012111,E-DEMO-TX-0148,2024-09-26,1
V-012112,E-DEMO-TX-0148,2024-10-09,1
V-012113,E-DEMO-TX-0148,2024-12-18,1
V-012114,E-DEMO-TX-0148,2025-01-15,1
V-012115,E-DEMO-TX-0149,2025-02-21,1
V-012116,E-DEMO-TX-0149,2025-03-09,1
V-012117,E-DEMO-TX-0149,2025-04-13,1
V-012118,E-DEMO-TX-0149,2025-05-27,1
V-012119,E-DEMO-TX-0149,2025-07-05,1
V-012120,E-DEMO-TX-0149,2025-08-07,1
V-012121,E-DEMO-TX-0149,2025-09-06,1
V-012122,E-DEMO-TX-0149,2025-10-07,1
V-012123,E-DEMO-TX-0149,2025-12-16,1
V-012124,E-DEMO-TX-0150,2025-04-22,1
V-012125,E-DEMO-TX-0150,2025-05-15,1
V-012126,E-DEMO-TX-0150,2025-06-16,1
V-012127,E-DEMO-TX-0150,2025-07-30,1
V-012128,E-DEMO-TX-0150,2025-08-26,1
V-012129,E-DEMO-TX-0151,2024-08-12,1
V-012130,E-DEMO-TX-0151,2024-09-28,1
V-012131,E-DEMO-TX-0151,2024-12-09,1
V-012132,E-DEMO-TX-0151,2025-01-22,1
V-012133,E-DEMO-TX-0151,2025-02-10,1
V-012134,E-DEMO-TX-0151,2025-03-26,1
V-012135,E-DEMO-TX-0151,2025-05-08,1
V-012136,E-DEMO-TX-0151,2025-06-23,1
V-012137,E-DEMO-TX-0151,2025-07-31,1
V-012138,E-DEMO-TX-0151,2025-08-14,1
V-012139,E-DEMO-TX-0151,2025-09-04,1
V-012140,E-DEMO-TX-0151,2025-10-21,1
V-012141,E-DEMO-TX-0151,2025-11-04,1
V-012142,E-DEMO-TX-0152,2025-06-24,1
V-012143,E-DEMO-TX-0152,2025-07-22,1
V-012144,E-DEMO-TX-0152,2025-08-15,1
V-012145,E-DEMO-TX-0152,2025-09-23,1
V-012146,E-DEMO-TX-0153,2023-12-19,1
V-012147,E-DEMO-TX-0153,2024-02-26,1
V-012148,E-DEMO-TX-0153,2024-03-27,1
V-012149,E-DEMO-TX-0153,2024-04-16,1
V-012150,E-DEMO-TX-0153,2024-05-20,1
V-012151,E-DEMO-TX-0153,2024-06-02,1
V-012152,E-DEMO-TX-0153,2024-07-28,1
V-012153,E-DEMO-TX-0154,2025-02-20,1
V-012154,E-DEMO-TX-0154,2025-03-06,1
V-012155,E-DEMO-TX-0154,2025-04-27,1
V-012156,E-DEMO-TX-0154,2025-05-25,1
V-012157,E-DEMO-TX-0154,2025-06-06,1
V-012158,E-DEMO-TX-0154,2025-07-17,1
V-012159,E-DEMO-TX-0155,2024-01-20,1
V-012160,E-DEMO-TX-0155,2024-02-12,1
V-012161,E-DEMO-TX-0155,2024-03-17,1
V-012162,E-DEMO-TX-0155,2024-06-27,1
V-012163,E-DEMO-TX-0155,2024-07-30,1
V-012164,E-DEMO-TX-0155,2024-09-21,1
V-012165,E-DEMO-TX-0155,2024-10-10,1
V-012166,E-DEMO-TX-0155,2024-11-11,1
V-012167,E-DEMO-TX-0155,2024-12-04,1
V-012168,E-DEMO-TX-0155,2025-01-04,1
V-012169,E-DEMO-TX-0155,2025-02-28,1
V-012170,E-DEMO-TX-0155,2025-03-26,1
V-012171,E-DEMO-TX-0155,2025-04-14,1
V-012172,E-DEMO-TX-0155,2025-05-10,1
V-012173,E-DEMO-TX-0156,2025-06-01,1
V-012174,E-DEMO-TX-0156,2025-07-24,1
V-012175,E-DEMO-TX-0156,2025-08-05,1
V-012176,E-DEMO-TX-0156,2025-09-01,1
V-012177,E-DEMO-TX-0156,2025-10-26,1
V-012178,E-DEMO-TX-0156,2025-11-30,1
V-012179,E-DEMO-TX-0157,2025-07-27,1
V-012180,E-DEMO-TX-0157,2025-08-13,1
V-012181,E-DEMO-TX-0157,2025-10-03,1
V-012182,E-DEMO-TX-0157,2025-11-13,1
V-012183,E-DEMO-TX-0158,2025-07-02,1
V-012184,E-DEMO-TX-0158,2025-09-06,1
V-012185,E-DEMO-TX-0158,2025-11-06,1
V-012186,E-DEMO-TX-0158,2025-12-15,1
V-012187,E-DEMO-TX-0159,2023-12-11,1
V-012188,E-DEMO-TX-0159,2024-01-17,1
V-012189,E-DEMO-TX-0159,2024-02-03,1
V-012190,E-DEMO-TX-0159,2024-03-31,1
V-012191,E-DEMO-TX-0159,2024-04-01,1
V-012192,E-DEMO-TX-0159,2024-05-29,1
V-012193,E-DEMO-TX-0159,2024-06-13,1
V-012194,E-DEMO-TX-0159,2024-07-02,1
V-012195,E-DEMO-TX-0159,2024-08-28,1
V-012196,E-DEMO-TX-0159,2024-09-16,1
V-012197,E-DEMO-TX-0159,2024-10-09,1
V-012198,E-DEMO-TX-0159,2024-11-05,1
V-012199,E-DEMO-TX-0159,2024-12-18,1
V-012200,E-DEMO-TX-0159,2025-01-18,1
V-012201,E-DEMO-TX-0159,2025-02-27,1
V-012202,E-DEMO-TX-0160,2024-07-22,1
V-012203,E-DEMO-TX-0160,2024-08-15,1
V-012204,E-DEMO-TX-0160,2024-09-09,1
V-012205,E-DEMO-TX-0160,2024-10-29,1
V-012206,E-DEMO-TX-0160,2025-01-25,1
V-012207,E-DEMO-TX-0161,2024-05-25,1
V-012208,E-DEMO-TX-0161,2024-09-09,1
V-012209,E-DEMO-TX-0161,2024-10-23,1
V-012210,E-DEMO-TX-0161,2024-11-15,1
V-012211,E-DEMO-TX-0161,2025-01-06,1
V-012212,E-DEMO-TX-0161,2025-02-06,1
V-012213,E-DEMO-TX-0161,2025-03-09,1
V-012214,E-DEMO-TX-0161,2025-04-23,1
V-012215,E-DEMO-TX-0161,2025-05-25,1
V-012216,E-DEMO-TX-0161,2025-06-08,1
V-012217,E-DEMO-TX-0161,2025-07-07,1
V-012218,E-DEMO-TX-0162,2024-09-30,1
V-012219,E-DEMO-TX-0162,2024-10-17,1
V-012220,E-DEMO-TX-0162,2024-11-14,1
V-012221,E-DEMO-TX-0163,2024-06-25,1
V-012222,E-DEMO-TX-0163,2024-07-08,1
V-012223,E-DEMO-TX-0163,2024-08-24,1
V-012224,E-DEMO-TX-0163,2024-09-22,1
V-012225,E-DEMO-TX-0163,2024-11-07,1
V-012226,E-DEMO-TX-0163,2024-12-27,1
V-012227,E-DEMO-TX-0163,2025-01-23,1
V-012228,E-DEMO-TX-0163,2025-02-18,1
V-012229,E-DEMO-TX-0163,2025-03-30,1
V-012230,E-DEMO-TX-0163,2025-05-04,1
V-012231,E-DEMO-TX-0163,2025-07-15,1
V-012232,E-DEMO-TX-0163,2025-08-30,1
V-012233,E-DEMO-TX-0163,2025-09-20,1
V-012234,E-DEMO-TX-0163,2025-10-23,1
V-012235,E-DEMO-TX-0164,2023-06-21,1
V-012236,E-DEMO-TX-0164,2023-07-04,1
V-012237,E-DEMO-TX-0164,2023-08-27,1
V-012238,E-DEMO-TX-0164,2023-09-07,1
V-012239,E-DEMO-TX-0164,2024-01-02,1
V-012240,E-DEMO-TX-0164,2024-02-11,1
V-012241,E-DEMO-TX-0164,2024-03-02,1
V-012242,E-DEMO-TX-0164,2024-04-30,1
V-012243,E-DEMO-TX-0164,2024-05-19,1
V-012244,E-DEMO-TX-0164,2024-06-03,1
V-012245,E-DEMO-TX-0164,2024-07-21,1
V-012246,E-DEMO-TX-0164,2024-09-15,1
V-012247,E-DEMO-TX-0164,2024-11-08,1
V-012248,E-DEMO-TX-0165,2024-06-15,1
V-012249,E-DEMO-TX-0165,2024-07-19,1
V-012250,E-DEMO-TX-0165,2024-08-28,1
V-012251,E-DEMO-TX-0165,2024-09-01,1
V-012252,E-DEMO-TX-0165,2024-10-02,1
V-012253,E-DEMO-TX-0165,2024-11-01,1
V-012254,E-DEMO-TX-0165,2025-02-27,1
V-012255,E-DEMO-TX-0165,2025-03-14,1
V-012256,E-DEMO-TX-0165,2025-04-18,1
V-012257,E-DEMO-TX-0165,2025-07-27,1
V-012258,E-DEMO-TX-0165,2025-08-17,1
V-012259,E-DEMO-TX-0165,2025-09-22,1
V-012260,E-DEMO-TX-0165,2025-11-21,1
V-012261,E-DEMO-TX-0165,2025-12-03,1
V-012262,E-DEMO-TX-0166,2023-12-16,1
V-012263,E-DEMO-TX-0166,2024-01-21,1
V-012264,E-DEMO-TX-0166,2024-02-03,1
V-012265,E-DEMO-TX-0166,2024-03-01,1
V-012266,E-DEMO-TX-0166,2024-04-09,1
V-012267,E-DEMO-TX-0166,2024-05-01,1
V-012268,E-DEMO-TX-0166,2024-06-16,1
V-012269,E-DEMO-TX-0166,2024-08-22,1
V-012270,E-DEMO-TX-0166,2024-10-09,1
V-012271,E-DEMO-TX-0167,2023-06-30,1
V-012272,E-DEMO-TX-0167,2023-07-15,1
V-012273,E-DEMO-TX-0167,2023-08-02,1
V-012274,E-DEMO-TX-0167,2023-09-29,1
V-012275,E-DEMO-TX-0167,2023-10-06,1
V-012276,E-DEMO-TX-0167,2023-11-15,1
V-012277,E-DEMO-TX-0167,2023-12-05,1
V-012278,E-DEMO-TX-0167,2024-01-29,1
V-012279,E-DEMO-TX-0167,2024-02-02,1
V-012280,E-DEMO-TX-0167,2024-04-07,1
V-012281,E-DEMO-TX-0167,2024-05-04,1
V-012282,E-DEMO-TX-0167,2024-06-07,1
V-012283,E-DEMO-TX-0167,2024-07-19,1
V-012284,E-DEMO-TX-0167,2024-08-27,1
V-012285,E-DEMO-TX-0168,2023-02-10,1
V-012286,E-DEMO-TX-0168,2023-05-28,1
V-012287,E-DEMO-TX-0168,2023-07-24,1
V-012288,E-DEMO-TX-0168,2023-08-22,1
V-012289,E-DEMO-TX-0168,2023-09-25,1
V-012290,E-DEMO-TX-0168,2023-10-20,1
V-012291,E-DEMO-TX-0169,2024-05-28,1
V-012292,E-DEMO-TX-0169,2024-06-05,1
V-012293,E-DEMO-TX-0169,2024-08-06,1
V-012294,E-DEMO-TX-0169,2024-09-10,1
V-012295,E-DEMO-TX-0169,2024-10-22,1
V-012296,E-DEMO-TX-0169,2024-11-29,1
V-012297,E-DEMO-TX-0169,2024-12-23,1
V-012298,E-DEMO-TX-0169,2025-01-23,1
V-012299,E-DEMO-TX-0169,2025-02-06,1
V-012300,E-DEMO-TX-0169,2025-03-17,1
V-012301,E-DEMO-TX-0169,2025-04-27,1
V-012302,E-DEMO-TX-0169,2025-05-21,1
V-012303,E-DEMO-TX-0169,2025-06-02,1
V-012304,E-DEMO-TX-0169,2025-07-07,1
V-012305,E-DEMO-TX-0169,2025-08-24,1
V-012306,E-DEMO-TX-0169,2025-09-06,1
V-012307,E-DEMO-TX-0169,2025-10-11,1
V-012308,E-DEMO-TX-0169,2025-11-11,1
V-012309,E-DEMO-TX-0169,2025-12-16,1
V-012310,E-DEMO-TX-0170,2023-03-19,1
V-012311,E-DEMO-TX-0170,2023-04-13,1
V-012312,E-DEMO-TX-0170,2023-05-15,1
V-012313,E-DEMO-TX-0170,2023-06-15,1
V-012314,E-DEMO-TX-0170,2023-08-10,1
V-012315,E-DEMO-TX-0170,2023-09-04,1
V-012316,E-DEMO-TX-0170,2023-10-12,1
V-012317,E-DEMO-TX-0170,2023-11-23,1
V-012318,E-DEMO-TX-0170,2024-01-29,1
V-012319,E-DEMO-TX-0170,2024-02-24,1
V-012320,E-DEMO-TX-0170,2024-03-31,1
V-012321,E-DEMO-TX-0170,2024-04-05,1
V-012322,E-DEMO-TX-0170,2024-05-18,1
V-012323,E-DEMO-TX-0171,2025-03-05,1
V-012324,E-DEMO-TX-0171,2025-04-03,1
V-012325,E-DEMO-TX-0171,2025-05-23,1
V-012326,E-DEMO-TX-0171,2025-07-06,1
V-012327,E-DEMO-TX-0171,2025-08-13,1
V-012328,E-DEMO-TX-0171,2025-09-17,1
V-012329,E-DEMO-TX-0171,2025-10-03,1
V-012330,E-DEMO-TX-0171,2025-11-26,1
V-012331,E-DEMO-TX-0171,2025-12-28,1
V-012332,E-DEMO-TX-0172,2024-08-30,1
V-012333,E-DEMO-TX-0172,2024-09-30,1
V-012334,E-DEMO-TX-0172,2024-10-28,1
V-012335,E-DEMO-TX-0172,2024-11-19,1
V-012336,E-DEMO-TX-0172,2024-12-04,1
V-012337,E-DEMO-TX-0172,2025-02-15,1
V-012338,E-DEMO-TX-0172,2025-03-29,1
V-012339,E-DEMO-TX-0172,2025-05-19,1
V-012340,E-DEMO-TX-0172,2025-06-25,1
V-012341,E-DEMO-TX-0172,2025-07-19,1
V-012342,E-DEMO-TX-0172,2025-08-25,1
V-012343,E-DEMO-TX-0172,2025-09-01,1
V-012344,E-DEMO-TX-0172,2025-10-15,1
V-012345,E-DEMO-TX-0172,2025-11-06,1
V-012346,E-DEMO-TX-0172,2025-12-13,1
V-012347,E-DEMO-TX-0173,2023-04-29,1
V-012348,E-DEMO-TX-0173,2023-05-10,1
V-012349,E-DEMO-TX-0173,2023-06-04,1
V-012350,E-DEMO-TX-0173,2023-07-04,1
V-012351,E-DEMO-TX-0173,2023-08-10,1
V-012352,E-DEMO-TX-0173,2023-09-18,1
V-012353,E-DEMO-TX-0173,2023-10-10,1
V-012354,E-DEMO-TX-0173,2023-11-16,1
V-012355,E-DEMO-TX-0173,2023-12-05,1
V-012356,E-DEMO-TX-0173,2024-01-13,1
V-012357,E-DEMO-TX-0173,2024-02-17,1
V-012358,E-DEMO-TX-0173,2024-03-08,1
V-012359,E-DEMO-TX-0173,2024-05-16,1
V-012360,E-DEMO-TX-0173,2024-07-24,1
V-012361,E-DEMO-TX-0173,2024-08-21,1
V-012362,E-DEMO-TX-0173,2024-09-08,1
V-012363,E-DEMO-TX-0174,2023-02-23,1
V-012364,E-DEMO-TX-0174,2023-03-31,1
V-012365,E-DEMO-TX-0174,2023-04-11,1
V-012366,E-DEMO-TX-0174,2023-05-18,1
V-012367,E-DEMO-TX-0175,2025-01-17,1
V-012368,E-DEMO-TX-0175,2025-02-12,1
V-012369,E-DEMO-TX-0175,2025-03-05,1
V-012370,E-DEMO-TX-0175,2025-04-05,1
V-012371,E-DEMO-TX-0175,2025-05-21,1
V-012372,E-DEMO-TX-0175,2025-06-19,1
V-012373,E-DEMO-TX-0176,2025-07-30,1
V-012374,E-DEMO-TX-0176,2025-08-31,1
V-012375,E-DEMO-TX-0176,2025-09-29,1
V-012376,E-DEMO-TX-0176,2025-11-23,1
V-012377,E-DEMO-TX-0176,2025-12-07,1
V-012378,E-DEMO-TX-0177,2024-11-25,1
V-012379,E-DEMO-TX-0177,2024-12-29,1
V-012380,E-DEMO-TX-0177,2025-01-02,1
V-012381,E-DEMO-TX-0177,2025-02-15,1
V-012382,E-DEMO-TX-0177,2025-03-29,1
V-012383,E-DEMO-TX-0177,2025-04-17,1
V-012384,E-DEMO-TX-0177,2025-05-01,1
V-012385,E-DEMO-TX-0177,2025-06-09,1
V-012386,E-DEMO-TX-0177,2025-07-10,1
V-012387,E-DEMO-TX-0177,2025-08-06,1
V-012388,E-DEMO-TX-0177,2025-09-03,1
V-012389,E-DEMO-TX-0177,2025-10-16,1
V-012390,E-DEMO-TX-0177,2025-11-29,1
V-012391,E-DEMO-TX-0177,2025-12-29,1
V-012392,E-DEMO-TX-0178,2025-04-29,1
V-012393,E-DEMO-TX-0178,2025-06-13,1
V-012394,E-DEMO-TX-0178,2025-07-17,1
V-012395,E-DEMO-TX-0178,2025-08-11,1
V-012396,E-DEMO-TX-0178,2025-09-16,1
V-012397,E-DEMO-TX-0178,2025-10-01,1
V-012398,E-DEMO-TX-0178,2025-11-30,1
V-012399,E-DEMO-TX-0178,2025-12-03,1
V-012400,E-DEMO-TX-0179,2024-04-06,1
V-012401,E-DEMO-TX-0179,2024-05-23,1
V-012402,E-DEMO-TX-0179,2024-06-24,1
V-012403,E-DEMO-TX-0179,2024-07-24,1
V-012404,E-DEMO-TX-0179,2024-08-09,1
V-012405,E-DEMO-TX-0179,2024-09-05,1
V-012406,E-DEMO-TX-0179,2024-11-22,1
V-012407,E-DEMO-TX-0179,2025-01-13,1
V-012408,E-DEMO-TX-0179,2025-02-08,1
V-012409,E-DEMO-TX-0179,2025-03-14,1
V-012410,E-DEMO-TX-0179,2025-05-20,1
V-012411,E-DEMO-TX-0179,2025-06-27,1
V-012412,E-DEMO-TX-0180,2023-10-20,1
V-012413,E-DEMO-TX-0180,2023-11-19,1
V-012414,E-DEMO-TX-0180,2023-12-07,1
V-012415,E-DEMO-TX-0180,2024-01-20,1
V-012416,E-DEMO-TX-0180,2024-02-04,1
V-012417,E-DEMO-TX-0180,2024-03-18,1
V-012418,E-DEMO-TX-0180,2024-04-25,1
V-012419,E-DEMO-TX-0180,2024-05-09,1
V-012420,E-DEMO-TX-0180,2024-06-21,1
V-012421,E-DEMO-TX-0180,2024-07-14,1
V-012422,E-DEMO-TX-0180,2024-09-26,1
V-012423,E-DEMO-TX-0180,2024-11-08,1
V-012424,E-DEMO-TX-0180,2024-12-07,1
V-012425,E-DEMO-TX-0180,2025-01-08,1
V-012426,E-DEMO-TX-0180,2025-02-28,1
V-012427,E-DEMO-TX-0180,2025-03-11,1
V-012428,E-DEMO-TX-0180,2025-04-28,1
V-012429,E-DEMO-TX-0180,2025-05-17,1
V-012430,E-DEMO-TX-0180,2025-06-11,1
V-012431,E-DEMO-TX-0180,2025-07-21,1
V-012432,E-DEMO-TX-0180,2025-08-14,1
V-012433,E-DEMO-TX-0181,2025-09-25,1
V-012434,E-DEMO-TX-0181,2025-10-12,1
V-012435,E-DEMO-TX-0181,2025-12-24,1
V-012436,E-DEMO-TX-0182,2025-10-22,1
V-012437,E-DEMO-TX-0182,2025-11-12,1
V-012438,E-DEMO-TX-0182,2025-12-04,1
V-012439,E-DEMO-TX-0183,2024-01-12,1
V-012440,E-DEMO-TX-0183,2024-03-28,1
V-012441,E-DEMO-TX-0183,2024-04-04,1
V-012442,E-DEMO-TX-0183,2024-05-02,1
V-012443,E-DEMO-TX-0184,2024-02-23,1
V-012444,E-DEMO-TX-0184,2024-04-13,1
V-012445,E-DEMO-TX-0184,2024-05-22,1
V-012446,E-DEMO-TX-0184,2024-06-05,1
V-012447,E-DEMO-TX-0184,2024-07-28,1
V-012448,E-DEMO-TX-0184,2024-08-25,1
V-012449,E-DEMO-TX-0184,2024-09-25,1
V-012450,E-DEMO-TX-0184,2024-10-24,1
V-012451,E-DEMO-TX-0184,2024-11-11,1
V-012452,E-DEMO-TX-0184,2024-12-19,1
V-012453,E-DEMO-TX-0184,2025-02-23,1
V-012454,E-DEMO-TX-0184,2025-04-21,1
V-012455,E-DEMO-TX-0184,2025-06-01,1
V-012456,E-DEMO-TX-0184,2025-07-25,1
V-012457,E-DEMO-TX-0184,2025-08-28,1
V-012458,E-DEMO-TX-0184,2025-09-01,1
V-012459,E-DEMO-TX-0184,2025-10-20,1
V-012460,E-DEMO-TX-0184,2025-11-22,1
V-012461,E-DEMO-TX-0184,2025-12-12,1
V-012462,E-DEMO-TX-0185,2025-05-14,1
V-012463,E-DEMO-TX-0186,2025-10-03,1
V-012464,E-DEMO-TX-0186,2025-12-01,1
V-012465,E-DEMO-TX-0187,2025-02-07,1
V-012466,E-DEMO-TX-0187,2025-04-10,1
V-012467,E-DEMO-TX-0187,2025-05-23,1
V-012468,E-DEMO-TX-0187,2025-06-09,1
V-012469,E-DEMO-TX-0187,2025-07-10,1
V-012470,E-DEMO-TX-0187,2025-08-31,1
V-012471,E-DEMO-TX-0187,2025-09-04,1
V-012472,E-DEMO-TX-0187,2025-10-18,1
V-012473,E-DEMO-TX-0187,2025-12-24,1
V-012474,E-DEMO-TX-0188,2024-04-25,1
V-012475,E-DEMO-TX-0188,2024-05-06,1
V-012476,E-DEMO-TX-0188,2024-06-20,1
V-012477,E-DEMO-TX-0188,2024-07-28,1
V-012478,E-DEMO-TX-0188,2024-08-10,1
V-012479,E-DEMO-TX-0188,2024-09-20,1
V-012480,E-DEMO-TX-0188,2024-11-18,1
V-012481,E-DEMO-TX-0188,2024-12-31,1
V-012482,E-DEMO-TX-0188,2025-02-03,1
V-012483,E-DEMO-TX-0188,2025-03-12,1
V-012484,E-DEMO-TX-0188,2025-04-02,1
V-012485,E-DEMO-TX-0188,2025-05-29,1
V-012486,E-DEMO-TX-0188,2025-06-13,1
V-012487,E-DEMO-TX-0188,2025-07-24,1
V-012488,E-DEMO-TX-0188,2025-08-23,1
V-012489,E-DEMO-TX-0188,2025-09-03,1
V-012490,E-DEMO-TX-0188,2025-10-11,1
V-012491,E-DEMO-TX-0188,2025-11-23,1
V-012492,E-DEMO-TX-0188,2025-12-17,1
V-012493,E-DEMO-TX-0189,2025-07-16,1
V-012494,E-DEMO-TX-0189,2025-08-01,1
V-012495,E-DEMO-TX-0189,2025-09-18,1
V-012496,E-DEMO-TX-0189,2025-10-10,1
V-012497,E-DEMO-TX-0189,2025-11-07,1
V-012498,E-DEMO-TX-0189,2025-12-28,1
V-012499,E-DEMO-TX-0190,2024-02-01,1
V-012500,E-DEMO-TX-0190,2024-03-04,1
V-012501,E-DEMO-TX-0191,2025-02-16,1
V-012502,E-DEMO-TX-0191,2025-03-22,1
V-012503,E-DEMO-TX-0191,2025-04-07,1
V-012504,E-DEMO-TX-0191,2025-06-27,1
V-012505,E-DEMO-TX-0191,2025-07-20,1
V-012506,E-DEMO-TX-0191,2025-10-23,1
V-012507,E-DEMO-TX-0191,2025-11-22,1
V-012508,E-DEMO-TX-0192,2024-03-17,1
V-012509,E-DEMO-TX-0192,2024-06-13,1
V-012510,E-DEMO-TX-0192,2024-07-19,1
V-012511,E-DEMO-TX-0192,2024-08-03,1
V-012512,E-DEMO-TX-0192,2024-09-04,1
V-012513,E-DEMO-TX-0192,2024-10-18,1
V-012514,E-DEMO-TX-0193,2023-08-20,1
V-012515,E-DEMO-TX-0193,2023-10-08,1
V-012516,E-DEMO-TX-0193,2023-11-03,1
V-012517,E-DEMO-TX-0193,2023-12-22,1
V-012518,E-DEMO-TX-0193,2024-01-12,1
V-012519,E-DEMO-TX-0193,2024-02-16,1
V-012520,E-DEMO-TX-0193,2024-03-12,1
V-012521,E-DEMO-TX-0193,2024-04-18,1
V-012522,E-DEMO-TX-0193,2024-05-26,1
V-012523,E-DEMO-TX-0193,2024-06-05,1
V-012524,E-DEMO-TX-0193,2024-07-17,1
V-012525,E-DEMO-TX-0193,2024-08-21,1
V-012526,E-DEMO-TX-0193,2024-09-04,1
V-012527,E-DEMO-TX-0193,2024-10-13,1
V-012528,E-DEMO-TX-0193,2024-11-24,1
V-012529,E-DEMO-TX-0193,2024-12-24,1
V-012530,E-DEMO-TX-0193,2025-01-03,1
V-012531,E-DEMO-TX-0193,2025-03-26,1
V-012532,E-DEMO-TX-0193,2025-04-01,1
V-012533,E-DEMO-TX-0193,2025-06-04,1
V-012534,E-DEMO-TX-0193,2025-07-21,1
V-012535,E-DEMO-TX-0193,2025-08-01,1
V-012536,E-DEMO-TX-0194,2025-05-24,1
V-012537,E-DEMO-TX-0194,2025-06-26,1
V-012538,E-DEMO-TX-0194,2025-07-25,1
V-012539,E-DEMO-TX-0194,2025-08-05,1
V-012540,E-DEMO-TX-0194,2025-09-02,1
V-012541,E-DEMO-TX-0194,2025-11-18,1
V-012542,E-DEMO-TX-0195,2025-05-13,1
V-012543,E-DEMO-TX-0195,2025-06-15,1
V-012544,E-DEMO-TX-0195,2025-07-14,1
V-012545,E-DEMO-TX-0195,2025-08-17,1
V-012546,E-DEMO-TX-0195,2025-11-25,1
V-012547,E-DEMO-TX-0195,2025-12-18,1
V-012548,E-DEMO-TX-0196,2024-10-08,1
V-012549,E-DEMO-TX-0196,2024-11-05,1
V-012550,E-DEMO-TX-0196,2025-02-03,1
V-012551,E-DEMO-TX-0196,2025-03-28,1
V-012552,E-DEMO-TX-0196,2025-04-12,1
V-012553,E-DEMO-TX-0196,2025-05-01,1
V-012554,E-DEMO-TX-0196,2025-06-12,1
V-012555,E-DEMO-TX-0196,2025-07-02,1
V-012556,E-DEMO-TX-0196,2025-09-14,1
V-012557,E-DEMO-TX-0196,2025-10-28,1
V-012558,E-DEMO-TX-0196,2025-11-08,1
V-012559,E-DEMO-TX-0196,2025-12-13,1
V-012560,E-DEMO-TX-0197,2025-09-01,1
V-012561,E-DEMO-TX-0197,2025-10-12,1
V-012562,E-DEMO-TX-0197,2025-11-24,1
V-012563,E-DEMO-TX-0198,2023-10-30,1
V-012564,E-DEMO-TX-0198,2024-01-17,1
V-012565,E-DEMO-TX-0198,2024-02-21,1
V-012566,E-DEMO-TX-0198,2024-03-07,1
V-012567,E-DEMO-TX-0198,2024-05-05,1
V-012568,E-DEMO-TX-0198,2024-06-09,1
V-012569,E-DEMO-TX-0198,2024-07-24,1
V-012570,E-DEMO-TX-0198,2024-08-15,1
V-012571,E-DEMO-TX-0198,2024-09-24,1
V-012572,E-DEMO-TX-0198,2024-10-24,1
V-012573,E-DEMO-TX-0198,2024-11-13,1
V-012574,E-DEMO-TX-0198,2024-12-25,1
V-012575,E-DEMO-TX-0198,2025-01-03,1
V-012576,E-DEMO-TX-0198,2025-02-27,1
V-012577,E-DEMO-TX-0198,2025-03-30,1
V-012578,E-DEMO-TX-0198,2025-04-22,1
V-012579,E-DEMO-TX-0198,2025-05-30,1
V-012580,E-DEMO-TX-0198,2025-06-20,1
V-012581,E-DEMO-TX-0198,2025-07-09,1
V-012582,E-DEMO-TX-0198,2025-08-26,1
V-012583,E-DEMO-TX-0198,2025-09-24,1
V-012584,E-DEMO-TX-0198,2025-10-10,1
V-012585,E-DEMO-TX-0198,2025-11-21,1
V-012586,E-DEMO-TX-0198,2025-12-24,1
V-012587,E-DEMO-TX-0199,2023-06-01,1
V-012588,E-DEMO-TX-0199,2023-07-06,1
V-012589,E-DEMO-TX-0199,2023-09-29,1
V-012590,E-DEMO-TX-0199,2023-11-22,1
V-012591,E-DEMO-TX-0199,2023-12-19,1
V-012592,E-DEMO-TX-0200,2024-02-18,1
V-012593,E-DEMO-TX-0200,2024-03-27,1
V-012594,E-DEMO-TX-0200,2024-04-24,1
V-012595,E-DEMO-TX-0200,2024-05-16,1
V-012596,E-DEMO-TX-0200,2024-06-01,1
V-012597,E-DEMO-TX-0200,2024-07-24,1
V-012598,E-DEMO-TX-0200,2024-08-01,1
V-012599,E-DEMO-TX-0200,2024-10-28,1
V-012600,E-DEMO-TX-0200,2024-12-14,1
V-012601,E-DEMO-TX-0200,2025-01-09,1
V-012602,E-DEMO-TX-0200,2025-02-19,1
V-012603,E-DEMO-TX-0200,2025-04-05,1
V-012604,E-DEMO-TX-0200,2025-06-11,1
V-012605,E-DEMO-TX-0200,2025-07-17,1
V-012606,E-DEMO-TX-0200,2025-08-25,1
V-012607,E-DEMO-TX-0200,2025-09-05,1
V-012608,E-DEMO-TX-0200,2025-10-30,1
V-012609,E-DEMO-TX-0200,2025-11-07,1
V-012610,E-DEMO-TX-0200,2025-12-19,1
V-012611,E-DEMO-TX-0201,2024-11-30,1
V-012612,E-DEMO-TX-0201,2024-12-31,1
V-012613,E-DEMO-TX-0201,2025-01-04,1
V-012614,E-DEMO-TX-0201,2025-02-01,1
V-012615,E-DEMO-TX-0201,2025-03-07,1
V-012616,E-DEMO-TX-0201,2025-04-26,1
V-012617,E-DEMO-TX-0201,2025-06-10,1
V-012618,E-DEMO-TX-0201,2025-07-03,1
V-012619,E-DEMO-TX-0201,2025-08-22,1
V-012620,E-DEMO-TX-0201,2025-09-28,1
V-012621,E-DEMO-TX-0201,2025-10-21,1
V-012622,E-DEMO-TX-0201,2025-11-18,1
V-012623,E-DEMO-TX-0201,2025-12-01,1
V-012624,E-DEMO-TX-0202,2024-11-22,1
V-012625,E-DEMO-TX-0202,2024-12-14,1
V-012626,E-DEMO-TX-0202,2025-03-16,1
V-012627,E-DEMO-TX-0202,2025-04-10,1
V-012628,E-DEMO-TX-0202,2025-05-14,1
V-012629,E-DEMO-TX-0202,2025-06-18,1
V-012630,E-DEMO-TX-0202,2025-07-17,1
V-012631,E-DEMO-TX-0202,2025-08-02,1
V-012632,E-DEMO-TX-0202,2025-09-12,1
V-012633,E-DEMO-TX-0202,2025-11-16,1
V-012634,E-DEMO-TX-0202,2025-12-12,1
V-012635,E-DEMO-TX-0203,2024-03-31,1
V-012636,E-DEMO-TX-0203,2024-04-11,1
V-012637,E-DEMO-TX-0203,2024-06-04,1
V-012638,E-DEMO-TX-0203,2024-08-27,1
V-012639,E-DEMO-TX-0203,2024-09-25,1
V-012640,E-DEMO-TX-0203,2024-10-06,1
V-012641,E-DEMO-TX-0203,2024-11-29,1
V-012642,E-DEMO-TX-0203,2024-12-15,1
V-012643,E-DEMO-TX-0203,2025-01-11,1
V-012644,E-DEMO-TX-0203,2025-02-02,1
V-012645,E-DEMO-TX-0203,2025-04-03,1
V-012646,E-DEMO-TX-0203,2025-05-21,1
V-012647,E-DEMO-TX-0203,2025-06-12,1
V-012648,E-DEMO-TX-0203,2025-07-27,1
V-012649,E-DEMO-TX-0203,2025-08-31,1
V-012650,E-DEMO-TX-0203,2025-09-08,1
V-012651,E-DEMO-TX-0203,2025-10-29,1
V-012652,E-DEMO-TX-0203,2025-11-10,1
V-012653,E-DEMO-TX-0203,2025-12-15,1
V-012654,E-DEMO-TX-0204,2024-10-15,1
V-012655,E-DEMO-TX-0204,2024-12-29,1
V-012656,E-DEMO-TX-0204,2025-01-16,1
V-012657,E-DEMO-TX-0204,2025-02-28,1
V-012658,E-DEMO-TX-0204,2025-03-08,1
V-012659,E-DEMO-TX-0204,2025-05-02,1
V-012660,E-DEMO-TX-0204,2025-06-11,1
V-012661,E-DEMO-TX-0204,2025-07-03,1
V-012662,E-DEMO-TX-0204,2025-09-02,1
V-012663,E-DEMO-TX-0204,2025-10-12,1
V-012664,E-DEMO-TX-0204,2025-11-04,1
V-012665,E-DEMO-TX-0205,2023-05-18,1
V-012666,E-DEMO-TX-0205,2023-06-20,1
V-012667,E-DEMO-TX-0205,2023-07-20,1
V-012668,E-DEMO-TX-0205,2023-08-22,1
V-012669,E-DEMO-TX-0205,2023-09-15,1
V-012670,E-DEMO-TX-0205,2023-10-15,1
V-012671,E-DEMO-TX-0205,2023-11-26,1
V-012672,E-DEMO-TX-0206,2024-09-16,1
V-012673,E-DEMO-TX-0206,2024-11-26,1
V-012674,E-DEMO-TX-0206,2024-12-05,1
V-012675,E-DEMO-TX-0206,2025-01-19,1
V-012676,E-DEMO-TX-0206,2025-02-24,1
V-012677,E-DEMO-TX-0206,2025-05-13,1
V-012678,E-DEMO-TX-0207,2023-11-01,1
V-012679,E-DEMO-TX-0207,2023-12-05,1
V-012680,E-DEMO-TX-0207,2024-02-09,1
V-012681,E-DEMO-TX-0207,2024-03-10,1
V-012682,E-DEMO-TX-0207,2024-05-31,1
V-012683,E-DEMO-TX-0207,2024-06-07,1
V-012684,E-DEMO-TX-0207,2024-07-19,1
V-012685,E-DEMO-TX-0207,2024-08-24,1
V-012686,E-DEMO-TX-0207,2024-09-15,1
V-012687,E-DEMO-TX-0207,2024-10-26,1
V-012688,E-DEMO-TX-0207,2024-11-10,1
V-012689,E-DEMO-TX-0207,2025-01-08,1
V-012690,E-DEMO-TX-0207,2025-02-26,1
V-012691,E-DEMO-TX-0207,2025-03-25,1
V-012692,E-DEMO-TX-0208,2025-06-07,1
V-012693,E-DEMO-TX-0208,2025-07-27,1
V-012694,E-DEMO-TX-0208,2025-08-07,1
V-012695,E-DEMO-TX-0208,2025-10-05,1
V-012696,E-DEMO-TX-0208,2025-11-29,1
V-012697,E-DEMO-TX-0208,2025-12-31,1
V-012698,E-DEMO-TX-0209,2023-08-20,1
V-012699,E-DEMO-TX-0209,2023-09-16,1
V-012700,E-DEMO-TX-0209,2023-10-29,1
V-012701,E-DEMO-TX-0209,2023-11-10,1
V-012702,E-DEMO-TX-0209,2023-12-29,1
V-012703,E-DEMO-TX-0209,2024-01-13,1
V-012704,E-DEMO-TX-0210,2024-01-15,1
V-012705,E-DEMO-TX-0210,2024-02-21,1
V-012706,E-DEMO-TX-0210,2024-03-27,1
V-012707,E-DEMO-TX-0210,2024-04-09,1
V-012708,E-DEMO-TX-0210,2024-05-27,1
V-012709,E-DEMO-TX-0210,2024-06-10,1
V-012710,E-DEMO-TX-0210,2024-07-31,1
V-012711,E-DEMO-TX-0210,2024-08-10,1
V-012712,E-DEMO-TX-0210,2024-11-23,1
V-012713,E-DEMO-TX-0210,2025-01-31,1
V-012714,E-DEMO-TX-0210,2025-05-22,1
V-012715,E-DEMO-TX-0210,2025-07-29,1
V-012716,E-DEMO-TX-0210,2025-08-22,1
V-012717,E-DEMO-TX-0210,2025-09-22,1
V-012718,E-DEMO-TX-0210,2025-10-27,1
V-012719,E-DEMO-TX-0211,2024-08-31,1
V-012720,E-DEMO-TX-0211,2024-09-25,1
V-012721,E-DEMO-TX-0211,2024-10-23,1
V-012722,E-DEMO-TX-0211,2024-11-01,1
V-012723,E-DEMO-TX-0211,2024-12-18,1
V-012724,E-DEMO-TX-0211,2025-02-08,1
V-012725,E-DEMO-TX-0211,2025-03-09,1
V-012726,E-DEMO-TX-0211,2025-04-04,1
V-012727,E-DEMO-TX-0211,2025-06-10,1
V-012728,E-DEMO-TX-0211,2025-07-01,1
V-012729,E-DEMO-TX-0211,2025-08-21,1
V-012730,E-DEMO-TX-0211,2025-09-07,1
V-012731,E-DEMO-TX-0212,2024-05-29,1
V-012732,E-DEMO-TX-0212,2024-06-30,1
V-012733,E-DEMO-TX-0212,2024-07-14,1
V-012734,E-DEMO-TX-0212,2024-08-21,1
V-012735,E-DEMO-TX-0212,2024-09-26,1
V-012736,E-DEMO-TX-0212,2024-10-02,1
V-012737,E-DEMO-TX-0212,2024-11-17,1
V-012738,E-DEMO-TX-0212,2025-02-04,1
V-012739,E-DEMO-TX-0212,2025-03-02,1
V-012740,E-DEMO-TX-0212,2025-05-14,1
V-012741,E-DEMO-TX-0212,2025-08-05,1
V-012742,E-DEMO-TX-0212,2025-10-02,1
V-012743,E-DEMO-TX-0212,2025-12-28,1
V-012744,E-DEMO-TX-0213,2025-01-05,1
V-012745,E-DEMO-TX-0213,2025-02-16,1
V-012746,E-DEMO-TX-0213,2025-03-22,1
V-012747,E-DEMO-TX-0213,2025-04-30,1
V-012748,E-DEMO-TX-0213,2025-06-27,1
V-012749,E-DEMO-TX-0213,2025-07-04,1
V-012750,E-DEMO-TX-0213,2025-09-11,1
V-012751,E-DEMO-TX-0213,2025-11-30,1
V-012752,E-DEMO-TX-0213,2025-12-15,1
V-012753,E-DEMO-TX-0214,2023-12-04,1
V-012754,E-DEMO-TX-0214,2024-01-19,1
V-012755,E-DEMO-TX-0214,2024-02-21,1
V-012756,E-DEMO-TX-0214,2024-03-29,1
V-012757,E-DEMO-TX-0214,2024-04-09,1
V-012758,E-DEMO-TX-0214,2024-05-24,1
V-012759,E-DEMO-TX-0214,2024-06-04,1
V-012760,E-DEMO-TX-0214,2024-07-10,1
V-012761,E-DEMO-TX-0215,2023-06-18,1
V-012762,E-DEMO-TX-0215,2023-08-15,1
V-012763,E-DEMO-TX-0215,2023-09-06,1
V-012764,E-DEMO-TX-0215,2023-10-16,1
V-012765,E-DEMO-TX-0215,2023-11-21,1
V-012766,E-DEMO-TX-0215,2023-12-19,1
V-012767,E-DEMO-TX-0215,2024-01-30,1
V-012768,E-DEMO-TX-0215,2024-02-18,1
V-012769,E-DEMO-TX-0215,2024-03-07,1
V-012770,E-DEMO-TX-0215,2024-04-22,1
V-012771,E-DEMO-TX-0215,2024-06-06,1
V-012772,E-DEMO-TX-0215,2024-07-10,1
V-012773,E-DEMO-TX-0215,2024-08-04,1
V-012774,E-DEMO-TX-0215,2024-12-13,1
V-012775,E-DEMO-TX-0215,2025-01-27,1
V-012776,E-DEMO-TX-0215,2025-02-25,1
V-012777,E-DEMO-TX-0215,2025-03-02,1
V-012778,E-DEMO-TX-0216,2024-02-10,1
V-012779,E-DEMO-TX-0216,2024-04-12,1
V-012780,E-DEMO-TX-0216,2024-06-24,1
V-012781,E-DEMO-TX-0216,2024-07-13,1
V-012782,E-DEMO-TX-0216,2024-08-06,1
V-012783,E-DEMO-TX-0216,2024-09-10,1
V-012784,E-DEMO-TX-0216,2024-10-31,1
V-012785,E-DEMO-TX-0216,2024-11-05,1
V-012786,E-DEMO-TX-0216,2024-12-17,1
V-012787,E-DEMO-TX-0216,2025-01-10,1
V-012788,E-DEMO-TX-0216,2025-02-03,1
V-012789,E-DEMO-TX-0217,2025-08-28,1
V-012790,E-DEMO-TX-0217,2025-09-19,1
V-012791,E-DEMO-TX-0217,2025-10-03,1
V-012792,E-DEMO-TX-0217,2025-12-19,1
V-012793,E-DEMO-TX-0218,2023-11-13,1
V-012794,E-DEMO-TX-0218,2023-12-27,1
V-012795,E-DEMO-TX-0218,2024-01-19,1
V-012796,E-DEMO-TX-0218,2024-04-08,1
V-012797,E-DEMO-TX-0218,2024-05-14,1
V-012798,E-DEMO-TX-0219,2024-10-30,1
V-012799,E-DEMO-TX-0219,2024-11-27,1
V-012800,E-DEMO-TX-0219,2024-12-05,1
V-012801,E-DEMO-TX-0219,2025-01-17,1
V-012802,E-DEMO-TX-0219,2025-02-25,1
V-012803,E-DEMO-TX-0219,2025-03-04,1
V-012804,E-DEMO-TX-0219,2025-04-01,1
V-012805,E-DEMO-TX-0219,2025-05-17,1
V-012806,E-DEMO-TX-0219,2025-06-12,1
V-012807,E-DEMO-TX-0219,2025-08-10,1
V-012808,E-DEMO-TX-0219,2025-10-23,1
V-012809,E-DEMO-TX-0219,2025-11-03,1
V-012810,E-DEMO-TX-0220,2023-02-14,1
V-012811,E-DEMO-TX-0220,2023-03-15,1
V-012812,E-DEMO-TX-0220,2023-05-18,1
V-012813,E-DEMO-TX-0220,2023-07-06,1
V-012814,E-DEMO-TX-0220,2023-09-10,1
V-012815,E-DEMO-TX-0220,2023-11-08,1
V-012816,E-DEMO-TX-0220,2023-12-11,1
V-012817,E-DEMO-TX-0221,2023-02-23,1
V-012818,E-DEMO-TX-0221,2023-03-28,1
V-012819,E-DEMO-TX-0221,2023-04-17,1
V-012820,E-DEMO-TX-0221,2023-05-12,1
V-012821,E-DEMO-TX-0221,2023-07-24,1
V-012822,E-DEMO-TX-0221,2023-08-10,1
V-012823,E-DEMO-TX-0221,2023-09-02,1
V-012824,E-DEMO-TX-0221,2023-10-02,1
V-012825,E-DEMO-TX-0221,2023-11-20,1
V-012826,E-DEMO-TX-0221,2023-12-25,1
V-012827,E-DEMO-TX-0221,2024-01-06,1
V-012828,E-DEMO-TX-0221,2024-02-20,1
V-012829,E-DEMO-TX-0221,2024-03-04,1
V-012830,E-DEMO-TX-0221,2024-04-18,1
V-012831,E-DEMO-TX-0221,2024-05-25,1
V-012832,E-DEMO-TX-0221,2024-06-24,1
V-012833,E-DEMO-TX-0221,2024-07-27,1
V-012834,E-DEMO-TX-0221,2024-08-29,1
V-012835,E-DEMO-TX-0221,2024-09-04,1
V-012836,E-DEMO-TX-0222,2023-10-27,1
V-012837,E-DEMO-TX-0222,2023-11-06,1
V-012838,E-DEMO-TX-0222,2023-12-29,1
V-012839,E-DEMO-TX-0222,2024-01-28,1
V-012840,E-DEMO-TX-0222,2024-03-17,1
V-012841,E-DEMO-TX-0222,2024-04-10,1
V-012842,E-DEMO-TX-0223,2024-01-20,1
V-012843,E-DEMO-TX-0223,2024-02-04,1
V-012844,E-DEMO-TX-0223,2024-03-14,1
V-012845,E-DEMO-TX-0223,2024-05-13,1
V-012846,E-DEMO-TX-0224,2023-11-03,1
V-012847,E-DEMO-TX-0224,2023-12-06,1
V-012848,E-DEMO-TX-0224,2024-01-16,1
V-012849,E-DEMO-TX-0224,2024-02-02,1
V-012850,E-DEMO-TX-0224,2024-03-12,1
V-012851,E-DEMO-TX-0224,2024-04-17,1
V-012852,E-DEMO-TX-0224,2024-05-19,1
V-012853,E-DEMO-TX-0224,2024-06-25,1
V-012854,E-DEMO-TX-0224,2024-08-09,1
V-012855,E-DEMO-TX-0224,2024-09-01,1
V-012856,E-DEMO-TX-0224,2024-11-14,1
V-012857,E-DEMO-TX-0224,2024-12-30,1
V-012858,E-DEMO-TX-0224,2025-01-30,1
V-012859,E-DEMO-TX-0224,2025-03-09,1
V-012860,E-DEMO-TX-0224,2025-04-15,1
V-012861,E-DEMO-TX-0225,2023-04-18,1
V-012862,E-DEMO-TX-0225,2023-05-01,1
V-012863,E-DEMO-TX-0225,2023-06-04,1
V-012864,E-DEMO-TX-0225,2023-07-08,1
V-012865,E-DEMO-TX-0225,2023-08-12,1
V-012866,E-DEMO-TX-0225,2023-09-21,1
V-012867,E-DEMO-TX-0225,2023-11-21,1
V-012868,E-DEMO-TX-0225,2023-12-09,1
V-012869,E-DEMO-TX-0225,2024-01-22,1
V-012870,E-DEMO-TX-0225,2024-02-10,1
V-012871,E-DEMO-TX-0225,2024-04-18,1
V-012872,E-DEMO-TX-0225,2024-05-30,1
V-012873,E-DEMO-TX-0225,2024-06-13,1
V-012874,E-DEMO-TX-0225,2024-07-29,1
V-012875,E-DEMO-TX-0226,2025-08-16,1
V-012876,E-DEMO-TX-0226,2025-09-02,1
V-012877,E-DEMO-TX-0226,2025-10-04,1
V-012878,E-DEMO-TX-0226,2025-11-19,1
V-012879,E-DEMO-TX-0226,2025-12-12,1
V-012880,E-DEMO-TX-0227,2024-11-26,1
V-012881,E-DEMO-TX-0227,2024-12-07,1
V-012882,E-DEMO-TX-0227,2025-01-04,1
V-012883,E-DEMO-TX-0227,2025-02-16,1
V-012884,E-DEMO-TX-0227,2025-03-11,1
V-012885,E-DEMO-TX-0227,2025-04-28,1
V-012886,E-DEMO-TX-0227,2025-05-30,1
V-012887,E-DEMO-TX-0227,2025-06-16,1
V-012888,E-DEMO-TX-0227,2025-07-19,1
V-012889,E-DEMO-TX-0227,2025-08-13,1
V-012890,E-DEMO-TX-0227,2025-09-24,1
V-012891,E-DEMO-TX-0227,2025-10-01,1
V-012892,E-DEMO-TX-0227,2025-11-10,1
V-012893,E-DEMO-TX-0227,2025-12-17,1
V-012894,E-DEMO-TX-0228,2025-01-30,1
V-012895,E-DEMO-TX-0228,2025-02-07,1
V-012896,E-DEMO-TX-0228,2025-03-22,1
V-012897,E-DEMO-TX-0228,2025-04-25,1
V-012898,E-DEMO-TX-0228,2025-05-13,1
V-012899,E-DEMO-TX-0228,2025-06-20,1
V-012900,E-DEMO-TX-0228,2025-07-22,1
V-012901,E-DEMO-TX-0228,2025-08-19,1
V-012902,E-DEMO-TX-0228,2025-09-25,1
V-012903,E-DEMO-TX-0228,2025-10-17,1
V-012904,E-DEMO-TX-0228,2025-11-05,1
V-012905,E-DEMO-TX-0228,2025-12-07,1
V-012906,E-DEMO-TX-0229,2023-09-07,1
V-012907,E-DEMO-TX-0229,2023-10-07,1
V-012908,E-DEMO-TX-0229,2023-11-23,1
V-012909,E-DEMO-TX-0229,2024-01-08,1
V-012910,E-DEMO-TX-0229,2024-02-20,1
V-012911,E-DEMO-TX-0229,2024-03-15,1
V-012912,E-DEMO-TX-0229,2024-04-14,1
V-012913,E-DEMO-TX-0230,2024-02-15,1
V-012914,E-DEMO-TX-0230,2024-05-02,1
V-012915,E-DEMO-TX-0230,2024-07-26,1
V-012916,E-DEMO-TX-0230,2024-08-11,1
V-012917,E-DEMO-TX-0230,2024-10-09,1
V-012918,E-DEMO-TX-0230,2024-11-10,1
V-012919,E-DEMO-TX-0230,2025-01-09,1
V-012920,E-DEMO-TX-0230,2025-03-24,1
V-012921,E-DEMO-TX-0230,2025-04-11,1
V-012922,E-DEMO-TX-0230,2025-06-28,1
V-012923,E-DEMO-TX-0230,2025-07-11,1
V-012924,E-DEMO-TX-0230,2025-09-10,1
V-012925,E-DEMO-TX-0230,2025-10-08,1
V-012926,E-DEMO-TX-0230,2025-11-30,1
V-012927,E-DEMO-TX-0230,2025-12-10,1
V-012928,E-DEMO-TX-0231,2023-04-22,1
V-012929,E-DEMO-TX-0231,2023-05-26,1
V-012930,E-DEMO-TX-0231,2023-06-13,1
V-012931,E-DEMO-TX-0231,2023-07-15,1
V-012932,E-DEMO-TX-0231,2023-08-02,1
V-012933,E-DEMO-TX-0231,2023-09-01,1
V-012934,E-DEMO-TX-0231,2023-10-28,1
V-012935,E-DEMO-TX-0231,2023-11-21,1
V-012936,E-DEMO-TX-0231,2023-12-05,1
V-012937,E-DEMO-TX-0232,2024-08-11,1
V-012938,E-DEMO-TX-0232,2024-09-28,1
V-012939,E-DEMO-TX-0232,2024-10-08,1
V-012940,E-DEMO-TX-0232,2024-11-02,1
V-012941,E-DEMO-TX-0232,2024-12-21,1
V-012942,E-DEMO-TX-0232,2025-01-21,1
V-012943,E-DEMO-TX-0232,2025-02-22,1
V-012944,E-DEMO-TX-0232,2025-03-19,1
V-012945,E-DEMO-TX-0232,2025-04-23,1
V-012946,E-DEMO-TX-0232,2025-05-26,1
V-012947,E-DEMO-TX-0233,2024-04-15,1
V-012948,E-DEMO-TX-0233,2024-06-02,1
V-012949,E-DEMO-TX-0233,2024-07-05,1
V-012950,E-DEMO-TX-0233,2024-08-01,1
V-012951,E-DEMO-TX-0233,2024-09-19,1
V-012952,E-DEMO-TX-0233,2024-11-22,1
V-012953,E-DEMO-TX-0233,2024-12-13,1
V-012954,E-DEMO-TX-0233,2025-01-18,1
V-012955,E-DEMO-TX-0233,2025-02-04,1
V-012956,E-DEMO-TX-0233,2025-03-27,1
V-012957,E-DEMO-TX-0234,2025-05-26,1
V-012958,E-DEMO-TX-0235,2023-02-16,1
V-012959,E-DEMO-TX-0235,2023-04-29,1
V-012960,E-DEMO-TX-0235,2023-05-04,1
V-012961,E-DEMO-TX-0235,2023-06-06,1
V-012962,E-DEMO-TX-0235,2023-07-30,1
V-012963,E-DEMO-TX-0235,2023-08-23,1
V-012964,E-DEMO-TX-0235,2023-09-11,1
V-012965,E-DEMO-TX-0235,2023-10-30,1
V-012966,E-DEMO-TX-0235,2023-11-16,1
V-012967,E-DEMO-TX-0236,2025-02-16,1
V-012968,E-DEMO-TX-0236,2025-03-03,1
V-012969,E-DEMO-TX-0236,2025-04-10,1
V-012970,E-DEMO-TX-0236,2025-05-31,1
V-012971,E-DEMO-TX-0236,2025-07-10,1
V-012972,E-DEMO-TX-0236,2025-08-24,1
V-012973,E-DEMO-TX-0236,2025-09-17,1
V-012974,E-DEMO-TX-0236,2025-10-20,1
V-012975,E-DEMO-TX-0236,2025-11-14,1
V-012976,E-DEMO-TX-0236,2025-12-04,1
V-012977,E-DEMO-TX-0237,2025-03-01,1
V-012978,E-DEMO-TX-0237,2025-04-07,1
V-012979,E-DEMO-TX-0237,2025-05-14,1
V-012980,E-DEMO-TX-0237,2025-06-04,1
V-012981,E-DEMO-TX-0237,2025-07-10,1
V-012982,E-DEMO-TX-0237,2025-08-30,1
V-012983,E-DEMO-TX-0237,2025-09-10,1
V-012984,E-DEMO-TX-0237,2025-10-19,1
V-012985,E-DEMO-TX-0237,2025-11-30,1
V-012986,E-DEMO-TX-0238,2024-01-07,1
V-012987,E-DEMO-TX-0238,2024-02-29,1
V-012988,E-DEMO-TX-0238,2024-03-13,1
V-012989,E-DEMO-TX-0238,2024-04-22,1
V-012990,E-DEMO-TX-0238,2024-05-27,1
V-012991,E-DEMO-TX-0238,2024-06-01,1
V-012992,E-DEMO-TX-0238,2024-08-14,1
V-012993,E-DEMO-TX-0238,2024-10-01,1
V-012994,E-DEMO-TX-0238,2024-11-16,1
V-012995,E-DEMO-TX-0238,2024-12-10,1
V-012996,E-DEMO-TX-0238,2025-01-26,1
V-012997,E-DEMO-TX-0238,2025-02-23,1
V-012998,E-DEMO-TX-0238,2025-03-10,1
V-012999,E-DEMO-TX-0238,2025-05-12,1
V-013000,E-DEMO-TX-0238,2025-07-17,1
V-013001,E-DEMO-TX-0239,2025-03-27,1
V-013002,E-DEMO-TX-0239,2025-04-27,1
V-013003,E-DEMO-TX-0239,2025-05-06,1
V-013004,E-DEMO-TX-0239,2025-06-01,1
V-013005,E-DEMO-TX-0239,2025-08-10,1
V-013006,E-DEMO-TX-0239,2025-10-18,1
V-013007,E-DEMO-TX-0239,2025-12-19,1
V-013008,E-DEMO-TX-0240,2023-02-11,1
V-013009,E-DEMO-TX-0240,2023-03-27,1
V-013010,E-DEMO-TX-0240,2023-04-07,1
V-013011,E-DEMO-TX-0240,2023-05-19,1
V-013012,E-DEMO-TX-0240,2023-07-15,1
V-013013,E-DEMO-TX-0240,2023-08-18,1
V-013014,E-DEMO-TX-0240,2023-10-11,1
V-013015,E-DEMO-TX-0240,2023-11-24,1
V-013016,E-DEMO-TX-0240,2024-01-07,1
V-013017,E-DEMO-TX-0240,2024-02-23,1
V-013018,E-DEMO-TX-0240,2024-03-11,1
V-013019,E-DEMO-TX-0241,2025-10-25,1
V-013020,E-DEMO-TX-0241,2025-11-01,1
V-013021,E-DEMO-TX-0241,2025-12-20,1
V-013022,E-DEMO-TX-0243,2023-12-30,1
V-013023,E-DEMO-TX-0243,2024-01-17,1
V-013024,E-DEMO-TX-0243,2024-02-16,1
V-013025,E-DEMO-TX-0243,2024-03-04,1
V-013026,E-DEMO-TX-0244,2023-07-25,1
V-013027,E-DEMO-TX-0244,2023-09-29,1
V-013028,E-DEMO-TX-0244,2023-10-21,1
V-013029,E-DEMO-TX-0244,2023-11-15,1
V-013030,E-DEMO-TX-0244,2023-12-19,1
V-013031,E-DEMO-TX-0244,2024-01-13,1
V-013032,E-DEMO-TX-0244,2024-03-19,1
V-013033,E-DEMO-TX-0244,2024-06-03,1
V-013034,E-DEMO-TX-0244,2024-07-03,1
V-013035,E-DEMO-TX-0244,2024-09-23,1
V-013036,E-DEMO-TX-0244,2024-11-12,1
V-013037,E-DEMO-TX-0244,2024-12-15,1
V-013038,E-DEMO-TX-0244,2025-01-26,1
V-013039,E-DEMO-TX-0244,2025-02-05,1
V-013040,E-DEMO-TX-0244,2025-03-02,1
V-013041,E-DEMO-TX-0244,2025-04-06,1
V-013042,E-DEMO-TX-0244,2025-05-09,1
V-013043,E-DEMO-TX-0245,2025-02-23,1
V-013044,E-DEMO-TX-0245,2025-04-26,1
V-013045,E-DEMO-TX-0245,2025-05-21,1
V-013046,E-DEMO-TX-0245,2025-06-22,1
V-013047,E-DEMO-TX-0245,2025-07-20,1
V-013048,E-DEMO-TX-0245,2025-08-25,1
V-013049,E-DEMO-TX-0245,2025-09-17,1
V-013050,E-DEMO-TX-0245,2025-10-04,1
V-013051,E-DEMO-TX-0245,2025-11-20,1
V-013052,E-DEMO-TX-0245,2025-12-02,1
V-013053,E-DEMO-TX-0246,2024-10-31,1
V-013054,E-DEMO-TX-0246,2024-11-27,1
V-013055,E-DEMO-TX-0246,2024-12-13,1
V-013056,E-DEMO-TX-0246,2025-04-09,1
V-013057,E-DEMO-TX-0246,2025-05-28,1
V-013058,E-DEMO-TX-0246,2025-06-29,1
V-013059,E-DEMO-TX-0246,2025-08-19,1
V-013060,E-DEMO-TX-0246,2025-09-11,1
V-013061,E-DEMO-TX-0246,2025-10-11,1
V-013062,E-DEMO-TX-0246,2025-12-18,1
V-013063,E-DEMO-TX-0247,2024-06-15,1
V-013064,E-DEMO-TX-0247,2024-07-24,1
V-013065,E-DEMO-TX-0247,2024-08-13,1
V-013066,E-DEMO-TX-0247,2024-09-17,1
V-013067,E-DEMO-TX-0247,2024-10-03,1
V-013068,E-DEMO-TX-0247,2024-11-13,1
V-013069,E-DEMO-TX-0247,2024-12-23,1
V-013070,E-DEMO-TX-0247,2025-02-21,1
V-013071,E-DEMO-TX-0247,2025-04-05,1
V-013072,E-DEMO-TX-0247,2025-05-21,1
V-013073,E-DEMO-TX-0247,2025-06-25,1
V-013074,E-DEMO-TX-0247,2025-07-21,1
V-013075,E-DEMO-TX-0247,2025-08-04,1
V-013076,E-DEMO-TX-0247,2025-09-08,1
V-013077,E-DEMO-TX-0247,2025-10-04,1
V-013078,E-DEMO-TX-0247,2025-11-19,1
V-013079,E-DEMO-TX-0247,2025-12-28,1
V-013080,E-DEMO-TX-0248,2023-11-19,1
V-013081,E-DEMO-TX-0248,2023-12-06,1
V-013082,E-DEMO-TX-0248,2024-02-17,1
V-013083,E-DEMO-TX-0248,2024-03-23,1
V-013084,E-DEMO-TX-0248,2024-04-23,1
V-013085,E-DEMO-TX-0248,2024-06-11,1
V-013086,E-DEMO-TX-0248,2024-07-29,1
V-013087,E-DEMO-TX-0248,2024-08-11,1
V-013088,E-DEMO-TX-0248,2024-09-04,1
V-013089,E-DEMO-TX-0249,2023-04-26,1
V-013090,E-DEMO-TX-0249,2023-05-27,1
V-013091,E-DEMO-TX-0249,2023-06-17,1
V-013092,E-DEMO-TX-0249,2023-07-28,1
V-013093,E-DEMO-TX-0249,2023-08-19,1
V-013094,E-DEMO-TX-0249,2023-09-06,1
V-013095,E-DEMO-TX-0249,2023-11-05,1
V-013096,E-DEMO-TX-0249,2023-12-09,1
V-013097,E-DEMO-TX-0249,2024-01-01,1
V-013098,E-DEMO-TX-0249,2024-02-01,1
V-013099,E-DEMO-TX-0249,2024-03-11,1
V-013100,E-DEMO-TX-0249,2024-04-12,1
V-013101,E-DEMO-TX-0250,2025-01-04,1
V-013102,E-DEMO-TX-0250,2025-02-02,1
V-013103,E-DEMO-TX-0250,2025-03-18,1
V-013104,E-DEMO-TX-0250,2025-04-03,1
V-013105,E-DEMO-TX-0250,2025-05-21,1
V-013106,E-DEMO-TX-0250,2025-06-18,1
V-013107,E-DEMO-TX-0250,2025-07-21,1
V-013108,E-DEMO-TX-0250,2025-08-05,1
V-013109,E-DEMO-TX-0250,2025-09-24,1
V-013110,E-DEMO-TX-0251,2024-06-30,1
V-013111,E-DEMO-TX-0251,2024-07-20,1
V-013112,E-DEMO-TX-0251,2024-08-14,1
V-013113,E-DEMO-TX-0251,2024-10-23,1
V-013114,E-DEMO-TX-0251,2024-11-03,1
V-013115,E-DEMO-TX-0251,2025-01-17,1
V-013116,E-DEMO-TX-0251,2025-02-13,1
V-013117,E-DEMO-TX-0251,2025-03-02,1
V-013118,E-DEMO-TX-0251,2025-04-27,1
V-013119,E-DEMO-TX-0251,2025-05-17,1
V-013120,E-DEMO-TX-0251,2025-06-24,1
V-013121,E-DEMO-TX-0251,2025-07-23,1
V-013122,E-DEMO-TX-0251,2025-11-13,1
V-013123,E-DEMO-TX-0251,2025-12-11,1
V-013124,E-DEMO-TX-0252,2023-11-14,1
V-013125,E-DEMO-TX-0252,2023-12-05,1
V-013126,E-DEMO-TX-0252,2024-01-12,1
V-013127,E-DEMO-TX-0252,2024-02-18,1
V-013128,E-DEMO-TX-0252,2024-04-30,1
V-013129,E-DEMO-TX-0252,2024-05-26,1
V-013130,E-DEMO-TX-0252,2024-06-25,1
V-013131,E-DEMO-TX-0252,2024-08-03,1
V-013132,E-DEMO-TX-0252,2024-09-18,1
V-013133,E-DEMO-TX-0252,2024-10-09,1
V-013134,E-DEMO-TX-0252,2024-11-11,1
V-013135,E-DEMO-TX-0252,2024-12-26,1
V-013136,E-DEMO-TX-0252,2025-01-29,1
V-013137,E-DEMO-TX-0253,2024-07-17,1
V-013138,E-DEMO-TX-0253,2024-08-02,1
V-013139,E-DEMO-TX-0253,2024-10-20,1
V-013140,E-DEMO-TX-0253,2024-11-02,1
V-013141,E-DEMO-TX-0254,2023-12-20,1
V-013142,E-DEMO-TX-0254,2024-02-17,1
V-013143,E-DEMO-TX-0254,2024-04-12,1
V-013144,E-DEMO-TX-0254,2024-05-22,1
V-013145,E-DEMO-TX-0254,2024-07-06,1
V-013146,E-DEMO-TX-0254,2024-08-21,1
V-013147,E-DEMO-TX-0254,2024-09-01,1
V-013148,E-DEMO-TX-0254,2024-10-26,1
V-013149,E-DEMO-TX-0254,2024-11-22,1
V-013150,E-DEMO-TX-0254,2024-12-16,1
V-013151,E-DEMO-TX-0254,2025-01-28,1
V-013152,E-DEMO-TX-0254,2025-02-09,1
V-013153,E-DEMO-TX-0254,2025-04-16,1
V-013154,E-DEMO-TX-0255,2023-01-14,1
V-013155,E-DEMO-TX-0255,2023-02-08,1
V-013156,E-DEMO-TX-0255,2023-03-12,1
V-013157,E-DEMO-TX-0255,2023-05-28,1
V-013158,E-DEMO-TX-0255,2023-06-12,1
V-013159,E-DEMO-TX-0255,2023-07-11,1
V-013160,E-DEMO-TX-0255,2023-09-13,1
V-013161,E-DEMO-TX-0256,2024-01-30,1
V-013162,E-DEMO-TX-0256,2024-02-06,1
V-013163,E-DEMO-TX-0256,2024-04-06,1
V-013164,E-DEMO-TX-0256,2024-05-29,1
V-013165,E-DEMO-TX-0256,2024-06-08,1
V-013166,E-DEMO-TX-0256,2024-07-12,1
V-013167,E-DEMO-TX-0257,2024-05-27,1
V-013168,E-DEMO-TX-0257,2024-06-20,1
V-013169,E-DEMO-TX-0257,2024-07-01,1
V-013170,E-DEMO-TX-0258,2023-10-02,1
V-013171,E-DEMO-TX-0258,2023-12-29,1
V-013172,E-DEMO-TX-0258,2024-01-22,1
V-013173,E-DEMO-TX-0258,2024-02-12,1
V-013174,E-DEMO-TX-0258,2024-03-17,1
V-013175,E-DEMO-TX-0258,2024-04-29,1
V-013176,E-DEMO-TX-0258,2024-06-09,1
V-013177,E-DEMO-TX-0258,2024-07-14,1
V-013178,E-DEMO-TX-0258,2024-08-16,1
V-013179,E-DEMO-TX-0258,2024-11-23,1
V-013180,E-DEMO-TX-0258,2025-01-06,1
V-013181,E-DEMO-TX-0258,2025-02-10,1
V-013182,E-DEMO-TX-0258,2025-03-16,1
V-013183,E-DEMO-TX-0258,2025-04-03,1
V-013184,E-DEMO-TX-0258,2025-05-24,1
V-013185,E-DEMO-TX-0258,2025-06-12,1
V-013186,E-DEMO-TX-0258,2025-07-08,1
V-013187,E-DEMO-TX-0258,2025-08-09,1
V-013188,E-DEMO-TX-0259,2023-03-27,1
V-013189,E-DEMO-TX-0259,2023-04-20,1
V-013190,E-DEMO-TX-0259,2023-05-23,1
V-013191,E-DEMO-TX-0259,2023-06-18,1
V-013192,E-DEMO-TX-0259,2023-07-31,1
V-013193,E-DEMO-TX-0259,2023-08-09,1
V-013194,E-DEMO-TX-0259,2023-09-18,1
V-013195,E-DEMO-TX-0259,2023-10-16,1
V-013196,E-DEMO-TX-0259,2023-11-12,1
V-013197,E-DEMO-TX-0259,2023-12-22,1
V-013198,E-DEMO-TX-0259,2024-01-11,1
V-013199,E-DEMO-TX-0259,2024-02-04,1
V-013200,E-DEMO-TX-0259,2024-03-08,1
V-013201,E-DEMO-TX-0259,2024-04-01,1
V-013202,E-DEMO-TX-0259,2024-05-05,1
V-013203,E-DEMO-TX-0260,2025-06-18,1
V-013204,E-DEMO-TX-0260,2025-08-08,1
V-013205,E-DEMO-TX-0260,2025-09-16,1
V-013206,E-DEMO-TX-0260,2025-10-26,1
V-013207,E-DEMO-TX-0260,2025-11-11,1
V-013208,E-DEMO-TX-0260,2025-12-04,1
V-013209,E-DEMO-TX-0261,2024-02-04,1
V-013210,E-DEMO-TX-0261,2024-03-17,1
V-013211,E-DEMO-TX-0261,2024-04-07,1
V-013212,E-DEMO-TX-0261,2024-05-11,1
V-013213,E-DEMO-TX-0261,2024-06-02,1
V-013214,E-DEMO-TX-0261,2024-07-27,1
V-013215,E-DEMO-TX-0261,2024-08-27,1
V-013216,E-DEMO-TX-0261,2024-10-24,1
V-013217,E-DEMO-TX-0261,2024-11-09,1
V-013218,E-DEMO-TX-0261,2025-01-12,1
V-013219,E-DEMO-TX-0261,2025-04-01,1
V-013220,E-DEMO-TX-0261,2025-05-29,1
V-013221,E-DEMO-TX-0261,2025-06-07,1
V-013222,E-DEMO-TX-0261,2025-07-15,1
V-013223,E-DEMO-TX-0261,2025-08-31,1
V-013224,E-DEMO-TX-0261,2025-09-02,1
V-013225,E-DEMO-TX-0262,2024-01-15,1
V-013226,E-DEMO-TX-0262,2024-02-26,1
V-013227,E-DEMO-TX-0262,2024-03-24,1
V-013228,E-DEMO-TX-0262,2024-04-17,1
V-013229,E-DEMO-TX-0262,2024-05-01,1
V-013230,E-DEMO-TX-0262,2024-06-14,1
V-013231,E-DEMO-TX-0262,2024-07-28,1
V-013232,E-DEMO-TX-0262,2024-08-30,1
V-013233,E-DEMO-TX-0262,2024-10-14,1
V-013234,E-DEMO-TX-0262,2024-11-26,1
V-013235,E-DEMO-TX-0262,2024-12-21,1
V-013236,E-DEMO-TX-0262,2025-02-05,1
V-013237,E-DEMO-TX-0262,2025-03-24,1
V-013238,E-DEMO-TX-0262,2025-05-23,1
V-013239,E-DEMO-TX-0262,2025-07-06,1
V-013240,E-DEMO-TX-0262,2025-09-15,1
V-013241,E-DEMO-TX-0263,2024-05-02,1
V-013242,E-DEMO-TX-0263,2024-07-29,1
V-013243,E-DEMO-TX-0263,2024-08-11,1
V-013244,E-DEMO-TX-0263,2024-10-10,1
V-013245,E-DEMO-TX-0263,2024-11-03,1
V-013246,E-DEMO-TX-0263,2025-01-18,1
V-013247,E-DEMO-TX-0263,2025-02-25,1
V-013248,E-DEMO-TX-0264,2023-10-28,1
V-013249,E-DEMO-TX-0264,2023-11-24,1
V-013250,E-DEMO-TX-0264,2024-01-11,1
V-013251,E-DEMO-TX-0264,2024-02-14,1
V-013252,E-DEMO-TX-0264,2024-03-03,1
V-013253,E-DEMO-TX-0264,2024-04-01,1
V-013254,E-DEMO-TX-0265,2024-06-20,1
V-013255,E-DEMO-TX-0265,2024-07-20,1
V-013256,E-DEMO-TX-0265,2024-08-19,1
V-013257,E-DEMO-TX-0265,2024-09-14,1
V-013258,E-DEMO-TX-0266,2023-06-23,1
V-013259,E-DEMO-TX-0266,2023-09-23,1
V-013260,E-DEMO-TX-0266,2023-10-10,1
V-013261,E-DEMO-TX-0267,2023-09-07,1
V-013262,E-DEMO-TX-0267,2023-10-12,1
V-013263,E-DEMO-TX-0267,2023-11-19,1
V-013264,E-DEMO-TX-0267,2023-12-08,1
V-013265,E-DEMO-TX-0268,2023-10-05,1
V-013266,E-DEMO-TX-0268,2023-11-18,1
V-013267,E-DEMO-TX-0268,2023-12-14,1
V-013268,E-DEMO-TX-0268,2024-01-13,1
V-013269,E-DEMO-TX-0268,2024-02-07,1
V-013270,E-DEMO-TX-0268,2024-03-27,1
V-013271,E-DEMO-TX-0268,2024-04-20,1
V-013272,E-DEMO-TX-0268,2024-05-21,1
V-013273,E-DEMO-TX-0268,2024-06-13,1
V-013274,E-DEMO-TX-0268,2024-08-12,1
V-013275,E-DEMO-TX-0268,2024-09-25,1
V-013276,E-DEMO-TX-0268,2024-11-28,1
V-013277,E-DEMO-TX-0268,2024-12-04,1
V-013278,E-DEMO-TX-0268,2025-01-21,1
V-013279,E-DEMO-TX-0268,2025-02-26,1
V-013280,E-DEMO-TX-0268,2025-03-29,1
V-013281,E-DEMO-TX-0268,2025-04-07,1
V-013282,E-DEMO-TX-0268,2025-05-03,1
V-013283,E-DEMO-TX-0268,2025-07-01,1
V-013284,E-DEMO-TX-0268,2025-08-17,1
V-013285,E-DEMO-TX-0268,2025-10-31,1
V-013286,E-DEMO-TX-0268,2025-11-27,1
V-013287,E-DEMO-TX-0269,2024-08-10,1
V-013288,E-DEMO-TX-0269,2024-09-06,1
V-013289,E-DEMO-TX-0269,2024-10-13,1
V-013290,E-DEMO-TX-0269,2024-12-15,1
V-013291,E-DEMO-TX-0269,2025-01-29,1
V-013292,E-DEMO-TX-0269,2025-03-17,1
V-013293,E-DEMO-TX-0269,2025-04-28,1
V-013294,E-DEMO-TX-0269,2025-06-08,1
V-013295,E-DEMO-TX-0269,2025-07-01,1
V-013296,E-DEMO-TX-0269,2025-09-19,1
V-013297,E-DEMO-TX-0269,2025-11-25,1
V-013298,E-DEMO-TX-0269,2025-12-28,1
V-013299,E-DEMO-TX-0270,2025-09-14,1
V-013300,E-DEMO-TX-0270,2025-10-16,1
V-013301,E-DEMO-TX-0270,2025-11-30,1
V-013302,E-DEMO-TX-0270,2025-12-15,1
V-013303,E-DEMO-TX-0271,2023-05-18,1
V-013304,E-DEMO-TX-0271,2023-06-15,1
V-013305,E-DEMO-TX-0271,2023-07-10,1
V-013306,E-DEMO-TX-0271,2023-08-21,1
V-013307,E-DEMO-TX-0271,2023-09-17,1
V-013308,E-DEMO-TX-0271,2023-11-10,1
V-013309,E-DEMO-TX-0271,2023-12-05,1
V-013310,E-DEMO-TX-0271,2024-01-08,1
V-013311,E-DEMO-TX-0271,2024-02-27,1
V-013312,E-DEMO-TX-0271,2024-04-24,1
V-013313,E-DEMO-TX-0271,2024-05-24,1
V-013314,E-DEMO-TX-0271,2024-07-10,1
V-013315,E-DEMO-TX-0271,2024-08-06,1
V-013316,E-DEMO-TX-0271,2024-09-16,1
V-013317,E-DEMO-TX-0271,2024-10-30,1
V-013318,E-DEMO-TX-0271,2024-11-27,1
V-013319,E-DEMO-TX-0271,2024-12-30,1
V-013320,E-DEMO-TX-0272,2023-10-26,1
V-013321,E-DEMO-TX-0272,2023-11-09,1
V-013322,E-DEMO-TX-0272,2023-12-19,1
V-013323,E-DEMO-TX-0272,2024-01-02,1
V-013324,E-DEMO-TX-0272,2024-02-22,1
V-013325,E-DEMO-TX-0272,2024-03-25,1
V-013326,E-DEMO-TX-0272,2024-04-23,1
V-013327,E-DEMO-TX-0272,2024-05-01,1
V-013328,E-DEMO-TX-0272,2024-06-23,1
V-013329,E-DEMO-TX-0272,2024-07-24,1
V-013330,E-DEMO-TX-0273,2025-02-26,1
V-013331,E-DEMO-TX-0273,2025-03-22,1
V-013332,E-DEMO-TX-0273,2025-04-25,1
V-013333,E-DEMO-TX-0273,2025-05-09,1
V-013334,E-DEMO-TX-0273,2025-06-07,1
V-013335,E-DEMO-TX-0273,2025-07-13,1
V-013336,E-DEMO-TX-0273,2025-08-27,1
V-013337,E-DEMO-TX-0273,2025-09-04,1
V-013338,E-DEMO-TX-0273,2025-10-01,1
V-013339,E-DEMO-TX-0273,2025-12-01,1
V-013340,E-DEMO-TX-0274,2023-12-14,1
V-013341,E-DEMO-TX-0274,2024-02-03,1
V-013342,E-DEMO-TX-0274,2024-03-25,1
V-013343,E-DEMO-TX-0274,2024-05-04,1
V-013344,E-DEMO-TX-0274,2024-06-24,1
V-013345,E-DEMO-TX-0274,2024-07-13,1
V-013346,E-DEMO-TX-0274,2024-08-23,1
V-013347,E-DEMO-TX-0275,2023-09-18,1
V-013348,E-DEMO-TX-0275,2023-10-28,1
V-013349,E-DEMO-TX-0275,2023-11-04,1
V-013350,E-DEMO-TX-0275,2024-03-27,1
V-013351,E-DEMO-TX-0275,2024-04-05,1
V-013352,E-DEMO-TX-0275,2024-05-16,1
V-013353,E-DEMO-TX-0275,2024-06-16,1
V-013354,E-DEMO-TX-0275,2024-07-31,1
V-013355,E-DEMO-TX-0275,2024-08-09,1
V-013356,E-DEMO-TX-0275,2024-09-06,1
V-013357,E-DEMO-TX-0275,2024-11-06,1
V-013358,E-DEMO-TX-0275,2025-01-27,1
V-013359,E-DEMO-TX-0275,2025-02-05,1
V-013360,E-DEMO-TX-0275,2025-03-19,1
V-013361,E-DEMO-TX-0275,2025-04-20,1
V-013362,E-DEMO-TX-0275,2025-06-14,1
V-013363,E-DEMO-TX-0275,2025-07-04,1
V-013364,E-DEMO-TX-0275,2025-08-09,1
V-013365,E-DEMO-TX-0276,2025-01-26,1
V-013366,E-DEMO-TX-0276,2025-02-12,1
V-013367,E-DEMO-TX-0276,2025-03-20,1
V-013368,E-DEMO-TX-0276,2025-06-19,1
V-013369,E-DEMO-TX-0276,2025-07-26,1
V-013370,E-DEMO-TX-0276,2025-09-26,1
V-013371,E-DEMO-TX-0276,2025-11-10,1
V-013372,E-DEMO-TX-0276,2025-12-15,1
V-013373,E-DEMO-TX-0277,2025-04-22,1
V-013374,E-DEMO-TX-0277,2025-07-01,1
V-013375,E-DEMO-TX-0277,2025-08-23,1
V-013376,E-DEMO-TX-0277,2025-10-31,1
V-013377,E-DEMO-TX-0277,2025-12-20,1
V-013378,E-DEMO-TX-0278,2025-07-20,1
V-013379,E-DEMO-TX-0278,2025-08-23,1
V-013380,E-DEMO-TX-0278,2025-10-30,1
V-013381,E-DEMO-TX-0278,2025-11-17,1
V-013382,E-DEMO-TX-0278,2025-12-04,1
V-013383,E-DEMO-TX-0279,2023-03-24,1
V-013384,E-DEMO-TX-0279,2023-04-03,1
V-013385,E-DEMO-TX-0279,2023-05-30,1
V-013386,E-DEMO-TX-0279,2023-06-13,1
V-013387,E-DEMO-TX-0279,2023-07-19,1
V-013388,E-DEMO-TX-0279,2023-08-26,1
V-013389,E-DEMO-TX-0279,2023-09-17,1
V-013390,E-DEMO-TX-0279,2023-10-04,1
V-013391,E-DEMO-TX-0279,2023-11-21,1
V-013392,E-DEMO-TX-0279,2023-12-02,1
V-013393,E-DEMO-TX-0279,2024-01-23,1
V-013394,E-DEMO-TX-0279,2024-03-12,1
V-013395,E-DEMO-TX-0279,2024-04-24,1
V-013396,E-DEMO-TX-0279,2024-05-20,1
V-013397,E-DEMO-TX-0279,2024-07-27,1
V-013398,E-DEMO-TX-0279,2024-08-31,1
V-013399,E-DEMO-TX-0279,2024-09-28,1
V-013400,E-DEMO-TX-0279,2024-10-20,1
V-013401,E-DEMO-TX-0279,2024-11-23,1
V-013402,E-DEMO-TX-0279,2025-02-28,1
V-013403,E-DEMO-TX-0279,2025-03-08,1
V-013404,E-DEMO-TX-0280,2023-02-27,1
V-013405,E-DEMO-TX-0280,2023-03-19,1
V-013406,E-DEMO-TX-0280,2023-04-08,1
V-013407,E-DEMO-TX-0280,2023-05-17,1
V-013408,E-DEMO-TX-0280,2023-06-16,1
V-013409,E-DEMO-TX-0280,2023-08-15,1
V-013410,E-DEMO-TX-0280,2023-09-18,1
V-013411,E-DEMO-TX-0280,2023-10-11,1
V-013412,E-DEMO-TX-0280,2023-11-17,1
V-013413,E-DEMO-TX-0280,2024-01-16,1
V-013414,E-DEMO-TX-0280,2024-02-26,1
V-013415,E-DEMO-TX-0280,2024-03-10,1
V-013416,E-DEMO-TX-0280,2024-04-09,1
V-013417,E-DEMO-TX-0280,2024-07-27,1
V-013418,E-DEMO-TX-0280,2024-08-25,1
V-013419,E-DEMO-TX-0281,2023-12-20,1
V-013420,E-DEMO-TX-0281,2024-01-28,1
V-013421,E-DEMO-TX-0281,2024-03-22,1
V-013422,E-DEMO-TX-0281,2024-05-02,1
V-013423,E-DEMO-TX-0281,2024-06-21,1
V-013424,E-DEMO-TX-0281,2024-07-11,1
V-013425,E-DEMO-TX-0281,2024-08-08,1
V-013426,E-DEMO-TX-0281,2024-09-29,1
V-013427,E-DEMO-TX-0281,2024-10-19,1
V-013428,E-DEMO-TX-0281,2024-11-19,1
V-013429,E-DEMO-TX-0281,2024-12-08,1
V-013430,E-DEMO-TX-0281,2025-01-24,1
V-013431,E-DEMO-TX-0281,2025-02-09,1
V-013432,E-DEMO-TX-0282,2024-12-13,1
V-013433,E-DEMO-TX-0282,2025-01-23,1
V-013434,E-DEMO-TX-0282,2025-03-22,1
V-013435,E-DEMO-TX-0283,2025-10-07,1
V-013436,E-DEMO-TX-0283,2025-12-18,1
V-013437,E-DEMO-TX-0284,2025-06-11,1
V-013438,E-DEMO-TX-0284,2025-07-24,1
V-013439,E-DEMO-TX-0284,2025-09-19,1
V-013440,E-DEMO-TX-0284,2025-10-08,1
V-013441,E-DEMO-TX-0284,2025-11-22,1
V-013442,E-DEMO-TX-0284,2025-12-21,1
V-013443,E-DEMO-TX-0285,2024-07-14,1
V-013444,E-DEMO-TX-0285,2024-08-18,1
V-013445,E-DEMO-TX-0285,2024-09-28,1
V-013446,E-DEMO-TX-0285,2024-10-18,1
V-013447,E-DEMO-TX-0285,2024-11-06,1
V-013448,E-DEMO-TX-0285,2024-12-25,1
V-013449,E-DEMO-TX-0285,2025-01-04,1
V-013450,E-DEMO-TX-0285,2025-02-10,1
V-013451,E-DEMO-TX-0285,2025-03-08,1
V-013452,E-DEMO-TX-0285,2025-04-18,1
V-013453,E-DEMO-TX-0285,2025-05-29,1
V-013454,E-DEMO-TX-0285,2025-06-14,1
V-013455,E-DEMO-TX-0285,2025-07-20,1
V-013456,E-DEMO-TX-0285,2025-08-18,1
V-013457,E-DEMO-TX-0285,2025-10-13,1
V-013458,E-DEMO-TX-0285,2025-12-30,1
V-013459,E-DEMO-TX-0286,2025-02-18,1
V-013460,E-DEMO-TX-0286,2025-04-29,1
V-013461,E-DEMO-TX-0286,2025-05-06,1
V-013462,E-DEMO-TX-0286,2025-06-19,1
V-013463,E-DEMO-TX-0286,2025-08-30,1
V-013464,E-DEMO-TX-0286,2025-09-01,1
V-013465,E-DEMO-TX-0286,2025-10-15,1
V-013466,E-DEMO-TX-0286,2025-11-19,1
V-013467,E-DEMO-TX-0286,2025-12-17,1
V-013468,E-DEMO-TX-0287,2023-03-22,1
V-013469,E-DEMO-TX-0287,2023-04-27,1
V-013470,E-DEMO-TX-0287,2023-05-01,1
V-013471,E-DEMO-TX-0287,2023-06-18,1
V-013472,E-DEMO-TX-0287,2023-08-28,1
V-013473,E-DEMO-TX-0287,2023-09-26,1
V-013474,E-DEMO-TX-0287,2023-10-25,1
V-013475,E-DEMO-TX-0287,2023-11-28,1
V-013476,E-DEMO-TX-0287,2024-01-11,1
V-013477,E-DEMO-TX-0287,2024-02-04,1
V-013478,E-DEMO-TX-0287,2024-04-25,1
V-013479,E-DEMO-TX-0288,2023-06-27,1
V-013480,E-DEMO-TX-0288,2023-07-16,1
V-013481,E-DEMO-TX-0288,2023-08-23,1
V-013482,E-DEMO-TX-0288,2023-09-25,1
V-013483,E-DEMO-TX-0288,2023-10-11,1
V-013484,E-DEMO-TX-0288,2023-12-21,1
V-013485,E-DEMO-TX-0288,2024-01-23,1
V-013486,E-DEMO-TX-0288,2024-02-20,1
V-013487,E-DEMO-TX-0288,2024-03-01,1
V-013488,E-DEMO-TX-0288,2024-04-08,1
V-013489,E-DEMO-TX-0288,2024-05-17,1
V-013490,E-DEMO-TX-0288,2024-06-14,1
V-013491,E-DEMO-TX-0288,2024-07-10,1
V-013492,E-DEMO-TX-0289,2024-06-27,1
V-013493,E-DEMO-TX-0289,2024-07-09,1
V-013494,E-DEMO-TX-0289,2024-08-04,1
V-013495,E-DEMO-TX-0289,2024-09-17,1
V-013496,E-DEMO-TX-0289,2024-10-06,1
V-013497,E-DEMO-TX-0289,2024-11-17,1
V-013498,E-DEMO-TX-0289,2025-01-03,1
V-013499,E-DEMO-TX-0289,2025-02-16,1
V-013500,E-DEMO-TX-0290,2023-08-26,1
V-013501,E-DEMO-TX-0290,2023-10-10,1
V-013502,E-DEMO-TX-0290,2023-11-16,1
V-013503,E-DEMO-TX-0290,2024-01-11,1
V-013504,E-DEMO-TX-0290,2024-02-27,1
V-013505,E-DEMO-TX-0290,2024-03-01,1
V-013506,E-DEMO-TX-0290,2024-04-17,1
V-013507,E-DEMO-TX-0290,2024-05-27,1
V-013508,E-DEMO-TX-0290,2024-07-07,1
V-013509,E-DEMO-TX-0290,2024-08-22,1
V-013510,E-DEMO-TX-0290,2024-09-18,1
V-013511,E-DEMO-TX-0290,2024-10-22,1
V-013512,E-DEMO-TX-0290,2024-11-22,1
V-013513,E-DEMO-TX-0290,2024-12-09,1
V-013514,E-DEMO-TX-0291,2024-03-09,1
V-013515,E-DEMO-TX-0291,2024-04-17,1
V-013516,E-DEMO-TX-0291,2024-07-21,1
V-013517,E-DEMO-TX-0291,2024-08-16,1
V-013518,E-DEMO-TX-0291,2024-09-29,1
V-013519,E-DEMO-TX-0291,2024-10-30,1
V-013520,E-DEMO-TX-0291,2024-11-03,1
V-013521,E-DEMO-TX-0291,2024-12-06,1
V-013522,E-DEMO-TX-0291,2025-01-11,1
V-013523,E-DEMO-TX-0291,2025-02-20,1
V-013524,E-DEMO-TX-0291,2025-03-23,1
V-013525,E-DEMO-TX-0291,2025-04-24,1
V-013526,E-DEMO-TX-0291,2025-05-31,1
V-013527,E-DEMO-TX-0291,2025-07-15,1
V-013528,E-DEMO-TX-0291,2025-08-24,1
V-013529,E-DEMO-TX-0291,2025-09-25,1
V-013530,E-DEMO-TX-0291,2025-10-08,1
V-013531,E-DEMO-TX-0291,2025-12-21,1
V-013532,E-DEMO-TX-0292,2025-09-18,1
V-013533,E-DEMO-TX-0292,2025-10-28,1
V-013534,E-DEMO-TX-0292,2025-11-10,1
V-013535,E-DEMO-TX-0293,2024-12-17,1
V-013536,E-DEMO-TX-0293,2025-01-14,1
V-013537,E-DEMO-TX-0293,2025-02-19,1
V-013538,E-DEMO-TX-0293,2025-04-14,1
V-013539,E-DEMO-TX-0293,2025-05-01,1
V-013540,E-DEMO-TX-0293,2025-06-16,1
V-013541,E-DEMO-TX-0293,2025-07-26,1
V-013542,E-DEMO-TX-0293,2025-08-04,1
V-013543,E-DEMO-TX-0293,2025-09-30,1
V-013544,E-DEMO-TX-0293,2025-10-07,1
V-013545,E-DEMO-TX-0293,2025-11-12,1
V-013546,E-DEMO-TX-0294,2024-08-16,1
V-013547,E-DEMO-TX-0294,2024-09-16,1
V-013548,E-DEMO-TX-0294,2024-11-04,1
V-013549,E-DEMO-TX-0294,2025-03-22,1
V-013550,E-DEMO-TX-0294,2025-04-06,1
V-013551,E-DEMO-TX-0294,2025-05-06,1
V-013552,E-DEMO-TX-0294,2025-06-17,1
V-013553,E-DEMO-TX-0294,2025-07-15,1
V-013554,E-DEMO-TX-0294,2025-08-24,1
V-013555,E-DEMO-TX-0294,2025-09-04,1
V-013556,E-DEMO-TX-0294,2025-10-16,1
V-013557,E-DEMO-TX-0295,2024-12-11,1
V-013558,E-DEMO-TX-0295,2025-01-15,1
V-013559,E-DEMO-TX-0295,2025-02-11,1
V-013560,E-DEMO-TX-0295,2025-03-23,1
V-013561,E-DEMO-TX-0295,2025-04-24,1
V-013562,E-DEMO-TX-0295,2025-05-08,1
V-013563,E-DEMO-TX-0295,2025-09-12,1
V-013564,E-DEMO-TX-0295,2025-10-19,1
V-013565,E-DEMO-TX-0295,2025-11-27,1
V-013566,E-DEMO-TX-0296,2023-06-08,1
V-013567,E-DEMO-TX-0296,2023-08-08,1
V-013568,E-DEMO-TX-0296,2023-09-04,1
V-013569,E-DEMO-TX-0296,2023-11-11,1
V-013570,E-DEMO-TX-0297,2024-10-20,1
V-013571,E-DEMO-TX-0297,2025-01-23,1
V-013572,E-DEMO-TX-0297,2025-02-11,1
V-013573,E-DEMO-TX-0297,2025-03-19,1
V-013574,E-DEMO-TX-0297,2025-04-03,1
V-013575,E-DEMO-TX-0297,2025-06-26,1
V-013576,E-DEMO-TX-0297,2025-07-05,1
V-013577,E-DEMO-TX-0297,2025-09-30,1
V-013578,E-DEMO-TX-0297,2025-10-18,1
V-013579,E-DEMO-TX-0298,2024-08-21,1
V-013580,E-DEMO-TX-0298,2024-10-29,1
V-013581,E-DEMO-TX-0298,2024-12-02,1
V-013582,E-DEMO-TX-0298,2025-01-11,1
V-013583,E-DEMO-TX-0298,2025-02-16,1
V-013584,E-DEMO-TX-0298,2025-03-31,1
V-013585,E-DEMO-TX-0298,2025-04-16,1
V-013586,E-DEMO-TX-0298,2025-05-24,1
V-013587,E-DEMO-TX-0298,2025-06-30,1
V-013588,E-DEMO-TX-0298,2025-07-07,1
V-013589,E-DEMO-TX-0298,2025-08-05,1
V-013590,E-DEMO-TX-0298,2025-10-12,1
V-013591,E-DEMO-TX-0298,2025-11-20,1
V-013592,E-DEMO-TX-0298,2025-12-03,1
V-013593,E-DEMO-TX-0299,2024-05-04,1
V-013594,E-DEMO-TX-0299,2024-06-29,1
V-013595,E-DEMO-TX-0299,2024-08-17,1
V-013596,E-DEMO-TX-0299,2024-11-08,1
V-013597,E-DEMO-TX-0299,2024-12-19,1
V-013598,E-DEMO-TX-0299,2025-01-23,1
V-013599,E-DEMO-TX-0299,2025-02-22,1
V-013600,E-DEMO-TX-0299,2025-03-24,1
V-013601,E-DEMO-TX-0299,2025-05-23,1
V-013602,E-DEMO-TX-0299,2025-06-05,1
V-013603,E-DEMO-TX-0299,2025-07-14,1
V-013604,E-DEMO-TX-0300,2024-05-29,1
V-013605,E-DEMO-TX-0300,2024-06-12,1
V-013606,E-DEMO-TX-0300,2024-07-25,1
V-013607,E-DEMO-TX-0300,2024-08-25,1
V-013608,E-DEMO-TX-0300,2024-09-06,1
V-013609,E-DEMO-TX-0300,2024-10-28,1
V-013610,E-DEMO-TX-0300,2024-11-22,1
V-013611,E-DEMO-TX-0300,2024-12-20,1
V-013612,E-DEMO-TX-0300,2025-01-29,1
V-013613,E-DEMO-TX-0300,2025-03-20,1
V-013614,E-DEMO-TX-0300,2025-04-16,1
V-013615,E-DEMO-TX-0300,2025-06-17,1
V-013616,E-DEMO-TX-0301,2023-10-03,1
V-013617,E-DEMO-TX-0302,2023-02-27,1
V-013618,E-DEMO-TX-0302,2023-03-08,1
V-013619,E-DEMO-TX-0302,2023-05-10,1
V-013620,E-DEMO-TX-0302,2023-06-18,1
V-013621,E-DEMO-TX-0302,2023-07-20,1
V-013622,E-DEMO-TX-0303,2025-07-11,1
V-013623,E-DEMO-TX-0303,2025-08-15,1
V-013624,E-DEMO-TX-0303,2025-09-01,1
V-013625,E-DEMO-TX-0303,2025-10-12,1
V-013626,E-DEMO-TX-0303,2025-12-25,1
V-013627,E-DEMO-TX-0304,2025-04-27,1
V-013628,E-DEMO-TX-0304,2025-05-30,1
V-013629,E-DEMO-TX-0304,2025-06-07,1
V-013630,E-DEMO-TX-0304,2025-07-09,1
V-013631,E-DEMO-TX-0304,2025-08-31,1
V-013632,E-DEMO-TX-0304,2025-09-25,1
V-013633,E-DEMO-TX-0304,2025-10-15,1
V-013634,E-DEMO-TX-0304,2025-11-05,1
V-013635,E-DEMO-TX-0304,2025-12-03,1
V-013636,E-DEMO-TX-0305,2025-04-17,1
V-013637,E-DEMO-TX-0305,2025-05-11,1
V-013638,E-DEMO-TX-0305,2025-06-18,1
V-013639,E-DEMO-TX-0305,2025-07-13,1
V-013640,E-DEMO-TX-0305,2025-08-13,1
V-013641,E-DEMO-TX-0305,2025-09-21,1
V-013642,E-DEMO-TX-0305,2025-10-29,1
V-013643,E-DEMO-TX-0305,2025-11-06,1
V-013644,E-DEMO-TX-0305,2025-12-29,1
V-013645,E-DEMO-TX-0306,2025-02-09,1
V-013646,E-DEMO-TX-0306,2025-03-28,1
V-013647,E-DEMO-TX-0306,2025-05-10,1
V-013648,E-DEMO-TX-0306,2025-06-12,1
V-013649,E-DEMO-TX-0306,2025-07-16,1
V-013650,E-DEMO-TX-0306,2025-08-18,1
V-013651,E-DEMO-TX-0307,2025-05-24,1
V-013652,E-DEMO-TX-0307,2025-06-08,1
V-013653,E-DEMO-TX-0307,2025-07-12,1
V-013654,E-DEMO-TX-0307,2025-08-05,1
V-013655,E-DEMO-TX-0307,2025-09-02,1
V-013656,E-DEMO-TX-0307,2025-10-25,1
V-013657,E-DEMO-TX-0307,2025-11-11,1
V-013658,E-DEMO-TX-0307,2025-12-28,1
V-013659,E-DEMO-TX-0308,2024-01-11,1
V-013660,E-DEMO-TX-0308,2024-02-16,1
V-013661,E-DEMO-TX-0308,2024-03-28,1
V-013662,E-DEMO-TX-0308,2024-04-22,1
V-013663,E-DEMO-TX-0308,2024-05-11,1
V-013664,E-DEMO-TX-0308,2024-07-22,1
V-013665,E-DEMO-TX-0308,2024-08-03,1
V-013666,E-DEMO-TX-0308,2024-09-19,1
V-013667,E-DEMO-TX-0308,2024-10-14,1
V-013668,E-DEMO-TX-0308,2024-11-17,1
V-013669,E-DEMO-TX-0308,2024-12-09,1
V-013670,E-DEMO-TX-0308,2025-01-26,1
V-013671,E-DEMO-TX-0308,2025-02-07,1
V-013672,E-DEMO-TX-0308,2025-03-09,1
V-013673,E-DEMO-TX-0308,2025-04-28,1
V-013674,E-DEMO-TX-0308,2025-05-15,1
V-013675,E-DEMO-TX-0308,2025-06-20,1
V-013676,E-DEMO-TX-0308,2025-07-30,1
V-013677,E-DEMO-TX-0308,2025-08-23,1
V-013678,E-DEMO-TX-0309,2023-09-29,1
V-013679,E-DEMO-TX-0309,2023-10-07,1
V-013680,E-DEMO-TX-0309,2023-11-15,1
V-013681,E-DEMO-TX-0309,2023-12-23,1
V-013682,E-DEMO-TX-0309,2024-01-23,1
V-013683,E-DEMO-TX-0309,2024-03-13,1
V-013684,E-DEMO-TX-0309,2024-04-25,1
V-013685,E-DEMO-TX-0309,2024-06-09,1
V-013686,E-DEMO-TX-0309,2024-07-20,1
V-013687,E-DEMO-TX-0309,2024-09-15,1
V-013688,E-DEMO-TX-0309,2024-10-10,1
V-013689,E-DEMO-TX-0309,2024-11-20,1
V-013690,E-DEMO-TX-0309,2025-01-04,1
V-013691,E-DEMO-TX-0309,2025-03-08,1
V-013692,E-DEMO-TX-0309,2025-04-23,1
V-013693,E-DEMO-TX-0309,2025-05-30,1
V-013694,E-DEMO-TX-0309,2025-06-25,1
V-013695,E-DEMO-TX-0309,2025-07-15,1
V-013696,E-DEMO-TX-0309,2025-08-28,1
V-013697,E-DEMO-TX-0309,2025-09-03,1
V-013698,E-DEMO-TX-0310,2024-12-08,1
V-013699,E-DEMO-TX-0310,2025-01-29,1
V-013700,E-DEMO-TX-0310,2025-02-06,1
V-013701,E-DEMO-TX-0310,2025-03-08,1
V-013702,E-DEMO-TX-0310,2025-04-16,1
V-013703,E-DEMO-TX-0310,2025-06-29,1
V-013704,E-DEMO-TX-0310,2025-07-31,1
V-013705,E-DEMO-TX-0310,2025-08-31,1
V-013706,E-DEMO-TX-0310,2025-09-17,1
V-013707,E-DEMO-TX-0310,2025-10-26,1
V-013708,E-DEMO-TX-0310,2025-11-20,1
V-013709,E-DEMO-TX-0310,2025-12-19,1
V-013710,E-DEMO-TX-0311,2025-03-10,1
V-013711,E-DEMO-TX-0311,2025-04-05,1
V-013712,E-DEMO-TX-0311,2025-06-03,1
V-013713,E-DEMO-TX-0311,2025-07-26,1
V-013714,E-DEMO-TX-0311,2025-08-12,1
V-013715,E-DEMO-TX-0311,2025-09-27,1
V-013716,E-DEMO-TX-0311,2025-10-10,1
V-013717,E-DEMO-TX-0311,2025-12-21,1
V-013718,E-DEMO-TX-0312,2023-02-19,1
V-013719,E-DEMO-TX-0312,2023-05-17,1
V-013720,E-DEMO-TX-0312,2023-06-03,1
V-013721,E-DEMO-TX-0312,2023-08-12,1
V-013722,E-DEMO-TX-0312,2023-09-29,1
V-013723,E-DEMO-TX-0312,2023-10-07,1
V-013724,E-DEMO-TX-0312,2023-11-17,1
V-013725,E-DEMO-TX-0312,2023-12-26,1
V-013726,E-DEMO-TX-0312,2024-01-10,1
V-013727,E-DEMO-TX-0312,2024-02-24,1
V-013728,E-DEMO-TX-0312,2024-04-02,1
V-013729,E-DEMO-TX-0312,2024-05-28,1
V-013730,E-DEMO-TX-0312,2024-06-26,1
V-013731,E-DEMO-TX-0312,2024-07-20,1
V-013732,E-DEMO-TX-0312,2024-08-28,1
V-013733,E-DEMO-TX-0312,2024-09-24,1
V-013734,E-DEMO-TX-0312,2024-10-10,1
V-013735,E-DEMO-TX-0312,2024-11-25,1
V-013736,E-DEMO-TX-0312,2024-12-03,1
V-013737,E-DEMO-TX-0313,2024-07-16,1
V-013738,E-DEMO-TX-0313,2024-08-20,1
V-013739,E-DEMO-TX-0313,2024-09-08,1
V-013740,E-DEMO-TX-0313,2024-10-19,1
V-013741,E-DEMO-TX-0313,2024-11-14,1
V-013742,E-DEMO-TX-0313,2024-12-30,1
V-013743,E-DEMO-TX-0313,2025-01-02,1
V-013744,E-DEMO-TX-0313,2025-02-27,1
V-013745,E-DEMO-TX-0313,2025-03-06,1
V-013746,E-DEMO-TX-0313,2025-04-16,1
V-013747,E-DEMO-TX-0313,2025-05-26,1
V-013748,E-DEMO-TX-0313,2025-06-05,1
V-013749,E-DEMO-TX-0313,2025-07-22,1
V-013750,E-DEMO-TX-0313,2025-08-04,1
V-013751,E-DEMO-TX-0313,2025-10-11,1
V-013752,E-DEMO-TX-0313,2025-11-23,1
V-013753,E-DEMO-TX-0314,2023-08-23,1
V-013754,E-DEMO-TX-0314,2023-09-29,1
V-013755,E-DEMO-TX-0314,2023-11-22,1
V-013756,E-DEMO-TX-0314,2023-12-25,1
V-013757,E-DEMO-TX-0314,2024-01-23,1
V-013758,E-DEMO-TX-0314,2024-02-02,1
V-013759,E-DEMO-TX-0314,2024-03-20,1
V-013760,E-DEMO-TX-0314,2024-04-18,1
V-013761,E-DEMO-TX-0314,2024-05-24,1
V-013762,E-DEMO-TX-0314,2024-06-10,1
V-013763,E-DEMO-TX-0314,2024-07-24,1
V-013764,E-DEMO-TX-0314,2024-08-06,1
V-013765,E-DEMO-TX-0314,2024-09-10,1
V-013766,E-DEMO-TX-0314,2024-10-27,1
V-013767,E-DEMO-TX-0314,2024-11-13,1
V-013768,E-DEMO-TX-0315,2024-01-30,1
V-013769,E-DEMO-TX-0315,2024-03-17,1
V-013770,E-DEMO-TX-0315,2024-04-12,1
V-013771,E-DEMO-TX-0315,2024-05-24,1
V-013772,E-DEMO-TX-0315,2024-06-12,1
V-013773,E-DEMO-TX-0315,2024-07-27,1
V-013774,E-DEMO-TX-0315,2024-08-14,1
V-013775,E-DEMO-TX-0315,2024-09-30,1
V-013776,E-DEMO-TX-0315,2024-10-07,1
V-013777,E-DEMO-TX-0315,2024-11-29,1
V-013778,E-DEMO-TX-0315,2024-12-10,1
V-013779,E-DEMO-TX-0315,2025-01-08,1
V-013780,E-DEMO-TX-0315,2025-02-15,1
V-013781,E-DEMO-TX-0315,2025-03-13,1
V-013782,E-DEMO-TX-0315,2025-04-05,1
V-013783,E-DEMO-TX-0315,2025-05-20,1
V-013784,E-DEMO-TX-0315,2025-06-08,1
V-013785,E-DEMO-TX-0315,2025-07-07,1
V-013786,E-DEMO-TX-0316,2023-01-25,1
V-013787,E-DEMO-TX-0316,2023-02-28,1
V-013788,E-DEMO-TX-0316,2023-03-27,1
V-013789,E-DEMO-TX-0316,2023-06-22,1
V-013790,E-DEMO-TX-0316,2023-07-23,1
V-013791,E-DEMO-TX-0316,2023-09-30,1
V-013792,E-DEMO-TX-0316,2023-10-21,1
V-013793,E-DEMO-TX-0316,2023-11-30,1
V-013794,E-DEMO-TX-0316,2023-12-10,1
V-013795,E-DEMO-TX-0316,2024-01-18,1
V-013796,E-DEMO-TX-0316,2024-02-06,1
V-013797,E-DEMO-TX-0316,2024-03-22,1
V-013798,E-DEMO-TX-0316,2024-04-01,1
V-013799,E-DEMO-TX-0316,2024-05-30,1
V-013800,E-DEMO-TX-0316,2024-06-20,1
V-013801,E-DEMO-TX-0317,2025-04-30,1
V-013802,E-DEMO-TX-0317,2025-05-22,1
V-013803,E-DEMO-TX-0317,2025-06-29,1
V-013804,E-DEMO-TX-0317,2025-07-01,1
V-013805,E-DEMO-TX-0318,2025-06-27,1
V-013806,E-DEMO-TX-0318,2025-07-16,1
V-013807,E-DEMO-TX-0318,2025-08-27,1
V-013808,E-DEMO-TX-0318,2025-09-30,1
V-013809,E-DEMO-TX-0318,2025-10-03,1
V-013810,E-DEMO-TX-0319,2024-06-19,1
V-013811,E-DEMO-TX-0319,2024-07-12,1
V-013812,E-DEMO-TX-0319,2024-08-15,1
V-013813,E-DEMO-TX-0319,2024-09-29,1
V-013814,E-DEMO-TX-0319,2024-10-15,1
V-013815,E-DEMO-TX-0319,2024-12-14,1
V-013816,E-DEMO-TX-0320,2025-06-14,1
V-013817,E-DEMO-TX-0320,2025-08-12,1
V-013818,E-DEMO-TX-0320,2025-09-24,1
V-013819,E-DEMO-TX-0320,2025-10-11,1
V-013820,E-DEMO-TX-0320,2025-11-23,1
V-013821,E-DEMO-TX-0320,2025-12-15,1
V-013822,E-DEMO-TX-0321,2025-06-22,1
V-013823,E-DEMO-TX-0321,2025-09-28,1
V-013824,E-DEMO-TX-0321,2025-10-14,1
V-013825,E-DEMO-TX-0321,2025-11-20,1
V-013826,E-DEMO-TX-0321,2025-12-14,1
V-013827,E-DEMO-TX-0322,2025-11-19,1
V-013828,E-DEMO-TX-0322,2025-12-31,1
V-013829,E-DEMO-TX-0323,2023-12-08,1
V-013830,E-DEMO-TX-0323,2024-01-23,1
V-013831,E-DEMO-TX-0323,2024-02-23,1
V-013832,E-DEMO-TX-0323,2024-03-09,1
V-013833,E-DEMO-TX-0324,2025-09-08,1
V-013834,E-DEMO-TX-0324,2025-10-28,1
V-013835,E-DEMO-TX-0324,2025-11-30,1
V-013836,E-DEMO-TX-0324,2025-12-06,1
V-013837,E-DEMO-TX-0325,2024-05-21,1
V-013838,E-DEMO-TX-0325,2024-06-30,1
V-013839,E-DEMO-TX-0325,2024-08-21,1
V-013840,E-DEMO-TX-0325,2024-09-24,1
V-013841,E-DEMO-TX-0325,2024-11-19,1
V-013842,E-DEMO-TX-0326,2024-04-13,1
V-013843,E-DEMO-TX-0326,2024-06-25,1
V-013844,E-DEMO-TX-0326,2024-07-31,1
V-013845,E-DEMO-TX-0326,2024-08-03,1
V-013846,E-DEMO-TX-0326,2024-09-13,1
V-013847,E-DEMO-TX-0326,2024-11-19,1
V-013848,E-DEMO-TX-0326,2024-12-20,1
V-013849,E-DEMO-TX-0326,2025-01-25,1
V-013850,E-DEMO-TX-0326,2025-02-05,1
V-013851,E-DEMO-TX-0326,2025-03-02,1
V-013852,E-DEMO-TX-0326,2025-04-27,1
V-013853,E-DEMO-TX-0326,2025-05-26,1
V-013854,E-DEMO-TX-0326,2025-06-26,1
V-013855,E-DEMO-TX-0327,2023-07-18,1
V-013856,E-DEMO-TX-0327,2023-09-10,1
V-013857,E-DEMO-TX-0327,2023-10-28,1
V-013858,E-DEMO-TX-0327,2023-11-04,1
V-013859,E-DEMO-TX-0327,2023-12-04,1
V-013860,E-DEMO-TX-0327,2024-02-21,1
V-013861,E-DEMO-TX-0327,2024-04-19,1
V-013862,E-DEMO-TX-0327,2024-05-01,1
V-013863,E-DEMO-TX-0327,2024-06-22,1
V-013864,E-DEMO-TX-0327,2024-07-21,1
V-013865,E-DEMO-TX-0327,2024-09-03,1
V-013866,E-DEMO-TX-0327,2024-11-17,1
V-013867,E-DEMO-TX-0327,2024-12-29,1
V-013868,E-DEMO-TX-0327,2025-01-21,1
V-013869,E-DEMO-TX-0327,2025-02-01,1
V-013870,E-DEMO-TX-0328,2023-08-27,1
V-013871,E-DEMO-TX-0328,2023-09-26,1
V-013872,E-DEMO-TX-0328,2023-10-03,1
V-013873,E-DEMO-TX-0328,2023-11-28,1
V-013874,E-DEMO-TX-0328,2023-12-20,1
V-013875,E-DEMO-TX-0328,2024-02-03,1
V-013876,E-DEMO-TX-0328,2024-03-25,1
V-013877,E-DEMO-TX-0328,2024-04-24,1
V-013878,E-DEMO-TX-0328,2024-05-13,1
V-013879,E-DEMO-TX-0328,2024-06-22,1
V-013880,E-DEMO-TX-0328,2024-07-25,1
V-013881,E-DEMO-TX-0328,2024-08-27,1
V-013882,E-DEMO-TX-0328,2024-09-22,1
V-013883,E-DEMO-TX-0328,2024-10-29,1
V-013884,E-DEMO-TX-0328,2024-11-11,1
V-013885,E-DEMO-TX-0328,2024-12-13,1
V-013886,E-DEMO-TX-0328,2025-01-08,1
V-013887,E-DEMO-TX-0328,2025-02-09,1
V-013888,E-DEMO-TX-0328,2025-03-19,1
V-013889,E-DEMO-TX-0328,2025-04-23,1
V-013890,E-DEMO-TX-0328,2025-05-10,1
V-013891,E-DEMO-TX-0328,2025-07-04,1
V-013892,E-DEMO-TX-0329,2024-10-09,1
V-013893,E-DEMO-TX-0329,2024-12-19,1
V-013894,E-DEMO-TX-0329,2025-01-23,1
V-013895,E-DEMO-TX-0329,2025-02-14,1
V-013896,E-DEMO-TX-0329,2025-04-18,1
V-013897,E-DEMO-TX-0329,2025-05-29,1
V-013898,E-DEMO-TX-0329,2025-07-07,1
V-013899,E-DEMO-TX-0329,2025-09-14,1
V-013900,E-DEMO-TX-0330,2023-06-14,1
V-013901,E-DEMO-TX-0330,2023-08-14,1
V-013902,E-DEMO-TX-0330,2023-09-05,1
V-013903,E-DEMO-TX-0330,2023-12-26,1
V-013904,E-DEMO-TX-0330,2024-04-21,1
V-013905,E-DEMO-TX-0330,2024-05-27,1
V-013906,E-DEMO-TX-0330,2024-07-19,1
V-013907,E-DEMO-TX-0330,2024-08-12,1
V-013908,E-DEMO-TX-0330,2024-09-22,1
V-013909,E-DEMO-TX-0330,2024-10-01,1
V-013910,E-DEMO-TX-0331,2023-08-17,1
V-013911,E-DEMO-TX-0331,2023-10-28,1
V-013912,E-DEMO-TX-0331,2023-11-04,1
V-013913,E-DEMO-TX-0331,2023-12-27,1
V-013914,E-DEMO-TX-0331,2024-01-11,1
V-013915,E-DEMO-TX-0331,2024-03-10,1
V-013916,E-DEMO-TX-0331,2024-04-04,1
V-013917,E-DEMO-TX-0331,2024-06-18,1
V-013918,E-DEMO-TX-0331,2024-07-07,1
V-013919,E-DEMO-TX-0331,2024-08-16,1
V-013920,E-DEMO-TX-0331,2024-09-02,1
V-013921,E-DEMO-TX-0331,2024-10-31,1
V-013922,E-DEMO-TX-0331,2024-11-17,1
V-013923,E-DEMO-TX-0331,2024-12-01,1
V-013924,E-DEMO-TX-0332,2025-07-21,1
V-013925,E-DEMO-TX-0332,2025-08-19,1
V-013926,E-DEMO-TX-0332,2025-09-03,1
V-013927,E-DEMO-TX-0332,2025-10-31,1
V-013928,E-DEMO-TX-0332,2025-11-20,1
V-013929,E-DEMO-TX-0332,2025-12-05,1
V-013930,E-DEMO-TX-0333,2025-03-05,1
V-013931,E-DEMO-TX-0333,2025-04-22,1
V-013932,E-DEMO-TX-0333,2025-05-16,1
V-013933,E-DEMO-TX-0333,2025-06-14,1
V-013934,E-DEMO-TX-0333,2025-07-24,1
V-013935,E-DEMO-TX-0333,2025-08-17,1
V-013936,E-DEMO-TX-0333,2025-09-18,1
V-013937,E-DEMO-TX-0333,2025-10-18,1
V-013938,E-DEMO-TX-0333,2025-11-13,1
V-013939,E-DEMO-TX-0334,2025-04-12,1
V-013940,E-DEMO-TX-0334,2025-07-24,1
V-013941,E-DEMO-TX-0334,2025-08-29,1
V-013942,E-DEMO-TX-0334,2025-09-30,1
V-013943,E-DEMO-TX-0334,2025-10-02,1
V-013944,E-DEMO-TX-0334,2025-11-04,1
V-013945,E-DEMO-TX-0334,2025-12-04,1
V-013946,E-DEMO-TX-0335,2023-02-09,1
V-013947,E-DEMO-TX-0335,2023-03-24,1
V-013948,E-DEMO-TX-0335,2023-05-01,1
V-013949,E-DEMO-TX-0335,2023-06-05,1
V-013950,E-DEMO-TX-0335,2023-07-10,1
V-013951,E-DEMO-TX-0335,2023-08-28,1
V-013952,E-DEMO-TX-0335,2023-09-29,1
V-013953,E-DEMO-TX-0335,2023-11-18,1
V-013954,E-DEMO-TX-0335,2023-12-19,1
V-013955,E-DEMO-TX-0335,2024-01-05,1
V-013956,E-DEMO-TX-0335,2024-02-20,1
V-013957,E-DEMO-TX-0335,2024-04-03,1
V-013958,E-DEMO-TX-0335,2024-06-23,1
V-013959,E-DEMO-TX-0335,2024-07-17,1
V-013960,E-DEMO-TX-0335,2024-08-28,1
V-013961,E-DEMO-TX-0335,2024-10-24,1
V-013962,E-DEMO-TX-0335,2024-11-18,1
V-013963,E-DEMO-TX-0335,2024-12-21,1
V-013964,E-DEMO-TX-0336,2023-07-17,1
V-013965,E-DEMO-TX-0336,2023-08-26,1
V-013966,E-DEMO-TX-0336,2023-09-13,1
V-013967,E-DEMO-TX-0336,2023-10-05,1
V-013968,E-DEMO-TX-0336,2023-11-22,1
V-013969,E-DEMO-TX-0336,2023-12-20,1
V-013970,E-DEMO-TX-0336,2024-01-11,1
V-013971,E-DEMO-TX-0336,2024-05-18,1
V-013972,E-DEMO-TX-0336,2024-06-02,1
V-013973,E-DEMO-TX-0336,2024-07-10,1
V-013974,E-DEMO-TX-0336,2024-08-07,1
V-013975,E-DEMO-TX-0336,2024-09-20,1
V-013976,E-DEMO-TX-0336,2024-10-16,1
V-013977,E-DEMO-TX-0336,2024-11-06,1
V-013978,E-DEMO-TX-0336,2024-12-13,1
V-013979,E-DEMO-TX-0336,2025-02-27,1
V-013980,E-DEMO-TX-0337,2024-01-14,1
V-013981,E-DEMO-TX-0337,2024-02-07,1
V-013982,E-DEMO-TX-0338,2023-01-13,1
V-013983,E-DEMO-TX-0338,2023-02-03,1
V-013984,E-DEMO-TX-0338,2023-03-12,1
V-013985,E-DEMO-TX-0338,2023-04-10,1
V-013986,E-DEMO-TX-0338,2023-05-13,1
V-013987,E-DEMO-TX-0338,2023-06-07,1
V-013988,E-DEMO-TX-0338,2023-07-08,1
V-013989,E-DEMO-TX-0338,2023-09-17,1
V-013990,E-DEMO-TX-0338,2023-10-22,1
V-013991,E-DEMO-TX-0338,2023-11-22,1
V-013992,E-DEMO-TX-0338,2023-12-15,1
V-013993,E-DEMO-TX-0339,2025-06-03,1
V-013994,E-DEMO-TX-0339,2025-08-20,1
V-013995,E-DEMO-TX-0339,2025-09-22,1
V-013996,E-DEMO-TX-0339,2025-10-20,1
V-013997,E-DEMO-TX-0339,2025-11-22,1
V-013998,E-DEMO-TX-0339,2025-12-07,1
V-013999,E-DEMO-TX-0340,2024-09-24,1
V-014000,E-DEMO-TX-0340,2024-10-24,1
V-014001,E-DEMO-TX-0340,2024-12-16,1
V-014002,E-DEMO-TX-0340,2025-01-25,1
V-014003,E-DEMO-TX-0340,2025-02-24,1
V-014004,E-DEMO-TX-0340,2025-03-25,1
V-014005,E-DEMO-TX-0340,2025-04-21,1
V-014006,E-DEMO-TX-0340,2025-05-15,1
V-014007,E-DEMO-TX-0340,2025-06-24,1
V-014008,E-DEMO-TX-0340,2025-07-01,1
V-014009,E-DEMO-TX-0340,2025-08-10,1
V-014010,E-DEMO-TX-0340,2025-09-12,1
V-014011,E-DEMO-TX-0340,2025-11-21,1
V-014012,E-DEMO-TX-0340,2025-12-07,1
V-014013,E-DEMO-TX-0341,2023-03-13,1
V-014014,E-DEMO-TX-0341,2023-04-28,1
V-014015,E-DEMO-TX-0341,2023-05-16,1
V-014016,E-DEMO-TX-0341,2023-07-30,1
V-014017,E-DEMO-TX-0341,2023-08-16,1
V-014018,E-DEMO-TX-0341,2023-09-14,1
V-014019,E-DEMO-TX-0341,2023-10-05,1
V-014020,E-DEMO-TX-0341,2023-11-14,1
V-014021,E-DEMO-TX-0341,2023-12-22,1
V-014022,E-DEMO-TX-0341,2024-01-11,1
V-014023,E-DEMO-TX-0342,2023-08-24,1
V-014024,E-DEMO-TX-0342,2023-09-11,1
V-014025,E-DEMO-TX-0342,2023-11-26,1
V-014026,E-DEMO-TX-0342,2023-12-08,1
V-014027,E-DEMO-TX-0342,2024-02-29,1
V-014028,E-DEMO-TX-0342,2024-03-13,1
V-014029,E-DEMO-TX-0342,2024-04-27,1
V-014030,E-DEMO-TX-0342,2024-05-10,1
V-014031,E-DEMO-TX-0342,2024-07-01,1
V-014032,E-DEMO-TX-0342,2024-09-30,1
V-014033,E-DEMO-TX-0342,2024-10-04,1
V-014034,E-DEMO-TX-0342,2024-11-27,1
V-014035,E-DEMO-TX-0342,2025-01-10,1
V-014036,E-DEMO-TX-0342,2025-02-06,1
V-014037,E-DEMO-TX-0342,2025-03-08,1
V-014038,E-DEMO-TX-0342,2025-04-23,1
V-014039,E-DEMO-TX-0342,2025-05-02,1
V-014040,E-DEMO-TX-0343,2025-05-13,1
V-014041,E-DEMO-TX-0343,2025-06-18,1
V-014042,E-DEMO-TX-0343,2025-07-13,1
V-014043,E-DEMO-TX-0343,2025-08-07,1
V-014044,E-DEMO-TX-0343,2025-09-21,1
V-014045,E-DEMO-TX-0343,2025-10-09,1
V-014046,E-DEMO-TX-0343,2025-12-22,1
V-014047,E-DEMO-TX-0344,2024-03-31,1
V-014048,E-DEMO-TX-0344,2024-04-22,1
V-014049,E-DEMO-TX-0344,2024-05-31,1
V-014050,E-DEMO-TX-0344,2024-06-24,1
V-014051,E-DEMO-TX-0344,2024-07-04,1
V-014052,E-DEMO-TX-0344,2024-08-04,1
V-014053,E-DEMO-TX-0344,2024-09-20,1
V-014054,E-DEMO-TX-0344,2024-10-05,1
V-014055,E-DEMO-TX-0344,2024-11-05,1
V-014056,E-DEMO-TX-0344,2024-12-26,1
V-014057,E-DEMO-TX-0344,2025-01-12,1
V-014058,E-DEMO-TX-0344,2025-02-24,1
V-014059,E-DEMO-TX-0344,2025-03-10,1
V-014060,E-DEMO-TX-0344,2025-04-17,1
V-014061,E-DEMO-TX-0344,2025-05-26,1
V-014062,E-DEMO-TX-0344,2025-06-06,1
V-014063,E-DEMO-TX-0345,2023-10-13,1
V-014064,E-DEMO-TX-0345,2023-11-10,1
V-014065,E-DEMO-TX-0345,2024-02-19,1
V-014066,E-DEMO-TX-0345,2024-04-04,1
V-014067,E-DEMO-TX-0345,2024-05-08,1
V-014068,E-DEMO-TX-0345,2024-07-26,1
V-014069,E-DEMO-TX-0345,2024-08-19,1
V-014070,E-DEMO-TX-0345,2024-10-16,1
V-014071,E-DEMO-TX-0345,2024-11-10,1
V-014072,E-DEMO-TX-0345,2024-12-12,1
V-014073,E-DEMO-TX-0345,2025-01-15,1
V-014074,E-DEMO-TX-0346,2024-11-09,1
V-014075,E-DEMO-TX-0346,2025-01-06,1
V-014076,E-DEMO-TX-0346,2025-02-25,1
V-014077,E-DEMO-TX-0346,2025-04-29,1
V-014078,E-DEMO-TX-0346,2025-05-03,1
V-014079,E-DEMO-TX-0346,2025-06-26,1
V-014080,E-DEMO-TX-0346,2025-07-15,1
V-014081,E-DEMO-TX-0346,2025-08-29,1
V-014082,E-DEMO-TX-0346,2025-09-05,1
V-014083,E-DEMO-TX-0346,2025-10-01,1
V-014084,E-DEMO-TX-0346,2025-11-22,1
V-014085,E-DEMO-TX-0346,2025-12-19,1
V-014086,E-DEMO-TX-0347,2024-04-07,1
V-014087,E-DEMO-TX-0347,2024-05-25,1
V-014088,E-DEMO-TX-0347,2024-06-12,1
V-014089,E-DEMO-TX-0347,2024-07-08,1
V-014090,E-DEMO-TX-0347,2024-08-17,1
V-014091,E-DEMO-TX-0347,2024-11-06,1
V-014092,E-DEMO-TX-0347,2024-12-08,1
V-014093,E-DEMO-TX-0347,2025-01-01,1
V-014094,E-DEMO-TX-0347,2025-02-01,1
V-014095,E-DEMO-TX-0347,2025-03-05,1
V-014096,E-DEMO-TX-0347,2025-04-11,1
V-014097,E-DEMO-TX-0347,2025-05-16,1
V-014098,E-DEMO-TX-0347,2025-06-06,1
V-014099,E-DEMO-TX-0347,2025-08-16,1
V-014100,E-DEMO-TX-0347,2025-09-18,1
V-014101,E-DEMO-TX-0347,2025-10-20,1
V-014102,E-DEMO-TX-0347,2025-11-28,1
V-014103,E-DEMO-TX-0347,2025-12-27,1
V-014104,E-DEMO-TX-0348,2023-11-14,1
V-014105,E-DEMO-TX-0348,2023-12-24,1
V-014106,E-DEMO-TX-0348,2024-01-04,1
V-014107,E-DEMO-TX-0348,2024-03-26,1
V-014108,E-DEMO-TX-0348,2024-04-29,1
V-014109,E-DEMO-TX-0348,2024-05-29,1
V-014110,E-DEMO-TX-0348,2024-06-28,1
V-014111,E-DEMO-TX-0348,2024-08-20,1
V-014112,E-DEMO-TX-0348,2024-09-05,1
V-014113,E-DEMO-TX-0348,2024-10-31,1
V-014114,E-DEMO-TX-0348,2024-12-15,1
V-014115,E-DEMO-TX-0348,2025-01-22,1
V-014116,E-DEMO-TX-0348,2025-02-24,1
V-014117,E-DEMO-TX-0348,2025-03-21,1
V-014118,E-DEMO-TX-0348,2025-05-30,1
V-014119,E-DEMO-TX-0348,2025-06-18,1
V-014120,E-DEMO-TX-0348,2025-09-05,1
V-014121,E-DEMO-TX-0348,2025-11-03,1
V-014122,E-DEMO-TX-0349,2025-08-15,1
V-014123,E-DEMO-TX-0349,2025-09-03,1
V-014124,E-DEMO-TX-0349,2025-11-22,1
V-014125,E-DEMO-TX-0349,2025-12-24,1
V-014126,E-DEMO-TX-0350,2023-11-25,1
V-014127,E-DEMO-TX-0350,2023-12-21,1
V-014128,E-DEMO-TX-0350,2024-01-27,1
V-014129,E-DEMO-TX-0350,2024-03-28,1
V-014130,E-DEMO-TX-0350,2024-04-13,1
V-014131,E-DEMO-TX-0350,2024-05-23,1
V-014132,E-DEMO-TX-0350,2024-06-23,1
V-014133,E-DEMO-TX-0350,2024-08-02,1
V-014134,E-DEMO-TX-0350,2024-09-03,1
V-014135,E-DEMO-TX-0350,2024-10-31,1
V-014136,E-DEMO-TX-0350,2024-11-24,1
V-014137,E-DEMO-TX-0350,2024-12-04,1
V-014138,E-DEMO-TX-0350,2025-01-25,1
V-014139,E-DEMO-TX-0350,2025-02-25,1
V-014140,E-DEMO-TX-0350,2025-03-26,1
V-014141,E-DEMO-TX-0350,2025-04-20,1
V-014142,E-DEMO-TX-0350,2025-05-17,1
V-014143,E-DEMO-TX-0351,2024-06-28,1
V-014144,E-DEMO-TX-0351,2024-08-22,1
V-014145,E-DEMO-TX-0351,2024-09-25,1
V-014146,E-DEMO-TX-0351,2024-10-08,1
V-014147,E-DEMO-TX-0351,2025-01-03,1
V-014148,E-DEMO-TX-0351,2025-03-24,1
V-014149,E-DEMO-TX-0352,2024-03-18,1
V-014150,E-DEMO-TX-0352,2024-04-15,1
V-014151,E-DEMO-TX-0352,2024-05-29,1
V-014152,E-DEMO-TX-0352,2024-06-15,1
V-014153,E-DEMO-TX-0352,2024-09-05,1
V-014154,E-DEMO-TX-0352,2024-11-08,1
V-014155,E-DEMO-TX-0352,2024-12-23,1
V-014156,E-DEMO-TX-0352,2025-01-04,1
V-014157,E-DEMO-TX-0352,2025-02-12,1
V-014158,E-DEMO-TX-0352,2025-04-05,1
V-014159,E-DEMO-TX-0352,2025-05-29,1
V-014160,E-DEMO-TX-0352,2025-06-07,1
V-014161,E-DEMO-TX-0352,2025-07-15,1
V-014162,E-DEMO-TX-0353,2024-06-10,1
V-014163,E-DEMO-TX-0353,2024-07-11,1
V-014164,E-DEMO-TX-0353,2024-08-26,1
V-014165,E-DEMO-TX-0353,2024-09-07,1
V-014166,E-DEMO-TX-0353,2024-10-01,1
V-014167,E-DEMO-TX-0353,2025-01-20,1
V-014168,E-DEMO-TX-0353,2025-02-26,1
V-014169,E-DEMO-TX-0353,2025-03-07,1
V-014170,E-DEMO-TX-0353,2025-04-23,1
V-014171,E-DEMO-TX-0353,2025-05-30,1
V-014172,E-DEMO-TX-0353,2025-06-27,1
V-014173,E-DEMO-TX-0353,2025-08-18,1
V-014174,E-DEMO-TX-0353,2025-09-09,1
V-014175,E-DEMO-TX-0353,2025-10-29,1
V-014176,E-DEMO-TX-0353,2025-11-13,1
V-014177,E-DEMO-TX-0353,2025-12-25,1
V-014178,E-DEMO-TX-0354,2024-04-22,1
V-014179,E-DEMO-TX-0354,2024-05-30,1
V-014180,E-DEMO-TX-0354,2024-07-07,1
V-014181,E-DEMO-TX-0354,2024-09-07,1
V-014182,E-DEMO-TX-0354,2024-10-09,1
V-014183,E-DEMO-TX-0354,2024-11-17,1
V-014184,E-DEMO-TX-0354,2024-12-08,1
V-014185,E-DEMO-TX-0354,2025-01-02,1
V-014186,E-DEMO-TX-0354,2025-02-17,1
V-014187,E-DEMO-TX-0354,2025-03-21,1
V-014188,E-DEMO-TX-0354,2025-04-18,1
V-014189,E-DEMO-TX-0354,2025-05-01,1
V-014190,E-DEMO-TX-0354,2025-06-15,1
V-014191,E-DEMO-TX-0354,2025-07-23,1
V-014192,E-DEMO-TX-0354,2025-08-10,1
V-014193,E-DEMO-TX-0355,2025-04-30,1
V-014194,E-DEMO-TX-0355,2025-05-10,1
V-014195,E-DEMO-TX-0355,2025-07-08,1
V-014196,E-DEMO-TX-0355,2025-08-09,1
V-014197,E-DEMO-TX-0355,2025-09-09,1
V-014198,E-DEMO-TX-0355,2025-10-24,1
V-014199,E-DEMO-TX-0355,2025-11-22,1
V-014200,E-DEMO-TX-0355,2025-12-27,1
V-014201,E-DEMO-TX-0356,2024-09-18,1
V-014202,E-DEMO-TX-0356,2024-10-07,1
V-014203,E-DEMO-TX-0357,2023-03-09,1
V-014204,E-DEMO-TX-0357,2023-07-18,1
V-014205,E-DEMO-TX-0357,2023-08-31,1
V-014206,E-DEMO-TX-0357,2023-09-18,1
V-014207,E-DEMO-TX-0357,2023-10-30,1
V-014208,E-DEMO-TX-0357,2023-11-08,1
V-014209,E-DEMO-TX-0357,2024-03-06,1
V-014210,E-DEMO-TX-0357,2024-04-20,1
V-014211,E-DEMO-TX-0358,2024-09-12,1
V-014212,E-DEMO-TX-0358,2024-10-05,1
V-014213,E-DEMO-TX-0358,2024-11-09,1
V-014214,E-DEMO-TX-0358,2024-12-03,1
V-014215,E-DEMO-TX-0358,2025-01-02,1
V-014216,E-DEMO-TX-0359,2025-09-01,1
V-014217,E-DEMO-TX-0359,2025-10-01,1
V-014218,E-DEMO-TX-0359,2025-12-30,1
V-014219,E-DEMO-TX-0360,2025-01-07,1
V-014220,E-DEMO-TX-0360,2025-02-25,1
V-014221,E-DEMO-TX-0360,2025-03-24,1
V-014222,E-DEMO-TX-0360,2025-04-09,1
V-014223,E-DEMO-TX-0360,2025-05-26,1
V-014224,E-DEMO-TX-0360,2025-06-07,1
V-014225,E-DEMO-TX-0360,2025-07-05,1
V-014226,E-DEMO-TX-0360,2025-08-03,1
V-014227,E-DEMO-TX-0360,2025-09-04,1
V-014228,E-DEMO-TX-0360,2025-10-13,1
V-014229,E-DEMO-TX-0360,2025-12-06,1
V-014230,E-DEMO-TX-0361,2023-04-12,1
V-014231,E-DEMO-TX-0361,2023-06-16,1
V-014232,E-DEMO-TX-0361,2023-07-24,1
V-014233,E-DEMO-TX-0362,2024-02-28,1
V-014234,E-DEMO-TX-0362,2024-03-26,1
V-014235,E-DEMO-TX-0362,2024-05-26,1
V-014236,E-DEMO-TX-0362,2024-06-07,1
V-014237,E-DEMO-TX-0362,2024-07-05,1
V-014238,E-DEMO-TX-0363,2025-09-19,1
V-014239,E-DEMO-TX-0363,2025-10-12,1
V-014240,E-DEMO-TX-0363,2025-11-06,1
V-014241,E-DEMO-TX-0363,2025-12-12,1
V-014242,E-DEMO-TX-0364,2023-02-03,1
V-014243,E-DEMO-TX-0364,2023-03-26,1
V-014244,E-DEMO-TX-0364,2023-04-27,1
V-014245,E-DEMO-TX-0364,2023-05-19,1
V-014246,E-DEMO-TX-0364,2023-07-21,1
V-014247,E-DEMO-TX-0364,2023-08-23,1
V-014248,E-DEMO-TX-0364,2023-09-11,1
V-014249,E-DEMO-TX-0364,2023-11-23,1
V-014250,E-DEMO-TX-0364,2023-12-26,1
V-014251,E-DEMO-TX-0364,2024-01-04,1
V-014252,E-DEMO-TX-0364,2024-02-07,1
V-014253,E-DEMO-TX-0364,2024-04-06,1
V-014254,E-DEMO-TX-0364,2024-06-28,1
V-014255,E-DEMO-TX-0364,2024-07-22,1
V-014256,E-DEMO-TX-0364,2024-11-02,1
V-014257,E-DEMO-TX-0364,2025-01-06,1
V-014258,E-DEMO-TX-0365,2023-04-05,1
V-014259,E-DEMO-TX-0365,2023-05-24,1
V-014260,E-DEMO-TX-0365,2023-06-02,1
V-014261,E-DEMO-TX-0365,2023-07-29,1
V-014262,E-DEMO-TX-0365,2023-08-13,1
V-014263,E-DEMO-TX-0365,2023-09-23,1
V-014264,E-DEMO-TX-0365,2023-11-26,1
V-014265,E-DEMO-TX-0366,2024-08-15,1
V-014266,E-DEMO-TX-0366,2024-11-24,1
V-014267,E-DEMO-TX-0366,2024-12-02,1
V-014268,E-DEMO-TX-0366,2025-02-01,1
V-014269,E-DEMO-TX-0366,2025-03-13,1
V-014270,E-DEMO-TX-0367,2023-12-09,1
V-014271,E-DEMO-TX-0367,2024-01-11,1
V-014272,E-DEMO-TX-0367,2024-02-06,1
V-014273,E-DEMO-TX-0367,2024-03-28,1
V-014274,E-DEMO-TX-0367,2024-04-01,1
V-014275,E-DEMO-TX-0367,2024-05-01,1
V-014276,E-DEMO-TX-0367,2024-06-24,1
V-014277,E-DEMO-TX-0367,2024-08-20,1
V-014278,E-DEMO-TX-0367,2024-09-05,1
V-014279,E-DEMO-TX-0367,2024-10-15,1
V-014280,E-DEMO-TX-0367,2024-11-27,1
V-014281,E-DEMO-TX-0367,2025-04-05,1
V-014282,E-DEMO-TX-0367,2025-05-29,1
V-014283,E-DEMO-TX-0367,2025-06-01,1
V-014284,E-DEMO-TX-0367,2025-07-02,1
V-014285,E-DEMO-TX-0367,2025-08-15,1
V-014286,E-DEMO-TX-0367,2025-09-14,1
V-014287,E-DEMO-TX-0368,2024-04-21,1
V-014288,E-DEMO-TX-0368,2024-05-03,1
V-014289,E-DEMO-TX-0368,2024-06-14,1
V-014290,E-DEMO-TX-0368,2024-07-08,1
V-014291,E-DEMO-TX-0368,2024-08-22,1
V-014292,E-DEMO-TX-0368,2024-09-07,1
V-014293,E-DEMO-TX-0368,2024-10-11,1
V-014294,E-DEMO-TX-0368,2024-11-29,1
V-014295,E-DEMO-TX-0368,2024-12-25,1
V-014296,E-DEMO-TX-0368,2025-01-05,1
V-014297,E-DEMO-TX-0368,2025-02-25,1
V-014298,E-DEMO-TX-0368,2025-03-08,1
V-014299,E-DEMO-TX-0368,2025-04-09,1
V-014300,E-DEMO-TX-0369,2023-10-27,1
V-014301,E-DEMO-TX-0369,2023-11-18,1
V-014302,E-DEMO-TX-0369,2023-12-30,1
V-014303,E-DEMO-TX-0369,2024-02-19,1
V-014304,E-DEMO-TX-0369,2024-03-08,1
V-014305,E-DEMO-TX-0369,2024-04-07,1
V-014306,E-DEMO-TX-0369,2024-05-28,1
V-014307,E-DEMO-TX-0370,2023-01-05,1
V-014308,E-DEMO-TX-0370,2023-02-09,1
V-014309,E-DEMO-TX-0370,2023-05-01,1
V-014310,E-DEMO-TX-0370,2023-08-07,1
V-014311,E-DEMO-TX-0370,2023-09-15,1
V-014312,E-DEMO-TX-0370,2023-10-14,1
V-014313,E-DEMO-TX-0370,2023-11-30,1
V-014314,E-DEMO-TX-0370,2023-12-23,1
V-014315,E-DEMO-TX-0370,2024-01-04,1
V-014316,E-DEMO-TX-0370,2024-02-09,1
V-014317,E-DEMO-TX-0370,2024-03-09,1
V-014318,E-DEMO-TX-0371,2025-05-28,1
V-014319,E-DEMO-TX-0371,2025-06-15,1
V-014320,E-DEMO-TX-0371,2025-07-06,1
V-014321,E-DEMO-TX-0371,2025-09-22,1
V-014322,E-DEMO-TX-0371,2025-10-15,1
V-014323,E-DEMO-TX-0371,2025-12-30,1
V-014324,E-DEMO-TX-0372,2024-10-21,1
V-014325,E-DEMO-TX-0372,2024-11-01,1
V-014326,E-DEMO-TX-0372,2024-12-05,1
V-014327,E-DEMO-TX-0372,2025-01-10,1
V-014328,E-DEMO-TX-0372,2025-02-05,1
V-014329,E-DEMO-TX-0372,2025-03-05,1
V-014330,E-DEMO-TX-0373,2024-09-28,1
V-014331,E-DEMO-TX-0373,2024-10-14,1
V-014332,E-DEMO-TX-0373,2025-01-28,1
V-014333,E-DEMO-TX-0373,2025-02-16,1
V-014334,E-DEMO-TX-0373,2025-03-26,1
V-014335,E-DEMO-TX-0373,2025-04-09,1
V-014336,E-DEMO-TX-0373,2025-05-17,1
V-014337,E-DEMO-TX-0373,2025-06-26,1
V-014338,E-DEMO-TX-0373,2025-07-22,1
V-014339,E-DEMO-TX-0373,2025-08-06,1
V-014340,E-DEMO-TX-0374,2024-02-11,1
V-014341,E-DEMO-TX-0374,2024-04-25,1
V-014342,E-DEMO-TX-0374,2024-05-07,1
V-014343,E-DEMO-TX-0374,2024-06-08,1
V-014344,E-DEMO-TX-0374,2024-07-09,1
V-014345,E-DEMO-TX-0374,2024-08-14,1
V-014346,E-DEMO-TX-0374,2024-10-01,1
V-014347,E-DEMO-TX-0374,2024-11-16,1
V-014348,E-DEMO-TX-0374,2025-01-19,1
V-014349,E-DEMO-TX-0374,2025-02-06,1
V-014350,E-DEMO-TX-0375,2023-04-16,1
V-014351,E-DEMO-TX-0375,2023-05-26,1
V-014352,E-DEMO-TX-0375,2023-06-17,1
V-014353,E-DEMO-TX-0375,2023-07-11,1
V-014354,E-DEMO-TX-0375,2023-09-21,1
V-014355,E-DEMO-TX-0375,2023-10-01,1
V-014356,E-DEMO-TX-0375,2023-12-16,1
V-014357,E-DEMO-TX-0375,2024-01-01,1
V-014358,E-DEMO-TX-0375,2024-02-02,1
V-014359,E-DEMO-TX-0375,2024-03-13,1
V-014360,E-DEMO-TX-0375,2024-07-17,1
V-014361,E-DEMO-TX-0375,2024-08-22,1
V-014362,E-DEMO-TX-0375,2024-09-20,1
V-014363,E-DEMO-TX-0375,2024-10-02,1
V-014364,E-DEMO-TX-0375,2024-11-06,1
V-014365,E-DEMO-TX-0375,2024-12-17,1
V-014366,E-DEMO-TX-0375,2025-01-13,1
V-014367,E-DEMO-TX-0376,2023-08-20,1
V-014368,E-DEMO-TX-0376,2023-09-01,1
V-014369,E-DEMO-TX-0376,2023-11-26,1
V-014370,E-DEMO-TX-0376,2023-12-16,1
V-014371,E-DEMO-TX-0377,2024-10-07,1
V-014372,E-DEMO-TX-0377,2024-11-08,1
V-014373,E-DEMO-TX-0377,2024-12-13,1
V-014374,E-DEMO-TX-0377,2025-01-19,1
V-014375,E-DEMO-TX-0377,2025-03-29,1
V-014376,E-DEMO-TX-0377,2025-04-16,1
V-014377,E-DEMO-TX-0377,2025-05-13,1
V-014378,E-DEMO-TX-0377,2025-06-13,1
V-014379,E-DEMO-TX-0377,2025-07-29,1
V-014380,E-DEMO-TX-0377,2025-08-21,1
V-014381,E-DEMO-TX-0377,2025-09-19,1
V-014382,E-DEMO-TX-0377,2025-10-29,1
V-014383,E-DEMO-TX-0377,2025-11-21,1
V-014384,E-DEMO-TX-0377,2025-12-27,1
V-014385,E-DEMO-TX-0378,2025-09-01,1
V-014386,E-DEMO-TX-0378,2025-10-09,1
V-014387,E-DEMO-TX-0378,2025-11-13,1
V-014388,E-DEMO-TX-0378,2025-12-17,1
V-014389,E-DEMO-TX-0379,2023-09-08,1
V-014390,E-DEMO-TX-0379,2023-10-11,1
V-014391,E-DEMO-TX-0379,2023-12-17,1
V-014392,E-DEMO-TX-0379,2024-01-11,1
V-014393,E-DEMO-TX-0379,2024-02-23,1
V-014394,E-DEMO-TX-0379,2024-04-06,1
V-014395,E-DEMO-TX-0379,2024-05-20,1
V-014396,E-DEMO-TX-0379,2024-06-13,1
V-014397,E-DEMO-TX-0379,2024-07-07,1
V-014398,E-DEMO-TX-0379,2024-08-13,1
V-014399,E-DEMO-TX-0379,2024-09-18,1
V-014400,E-DEMO-TX-0379,2024-10-05,1
V-014401,E-DEMO-TX-0379,2024-11-05,1
V-014402,E-DEMO-TX-0379,2024-12-02,1
V-014403,E-DEMO-TX-0379,2025-01-22,1
V-014404,E-DEMO-TX-0379,2025-03-27,1
V-014405,E-DEMO-TX-0379,2025-04-12,1
V-014406,E-DEMO-TX-0379,2025-05-26,1
V-014407,E-DEMO-TX-0380,2024-07-22,1
V-014408,E-DEMO-TX-0380,2024-09-22,1
V-014409,E-DEMO-TX-0380,2024-10-01,1
V-014410,E-DEMO-TX-0380,2024-11-18,1
V-014411,E-DEMO-TX-0380,2024-12-20,1
V-014412,E-DEMO-TX-0380,2025-01-31,1
V-014413,E-DEMO-TX-0380,2025-02-17,1
V-014414,E-DEMO-TX-0380,2025-03-31,1
V-014415,E-DEMO-TX-0380,2025-05-16,1
V-014416,E-DEMO-TX-0381,2025-01-05,1
V-014417,E-DEMO-TX-0381,2025-02-09,1
V-014418,E-DEMO-TX-0381,2025-03-15,1
V-014419,E-DEMO-TX-0381,2025-04-12,1
V-014420,E-DEMO-TX-0381,2025-06-25,1
V-014421,E-DEMO-TX-0381,2025-07-22,1
V-014422,E-DEMO-TX-0381,2025-08-27,1
V-014423,E-DEMO-TX-0381,2025-09-14,1
V-014424,E-DEMO-TX-0381,2025-10-24,1
V-014425,E-DEMO-TX-0381,2025-11-10,1
V-014426,E-DEMO-TX-0381,2025-12-18,1
V-014427,E-DEMO-TX-0382,2025-03-23,1
V-014428,E-DEMO-TX-0382,2025-04-29,1
V-014429,E-DEMO-TX-0382,2025-05-01,1
V-014430,E-DEMO-TX-0382,2025-06-18,1
V-014431,E-DEMO-TX-0382,2025-07-30,1
V-014432,E-DEMO-TX-0382,2025-08-05,1
V-014433,E-DEMO-TX-0383,2023-05-16,1
V-014434,E-DEMO-TX-0383,2023-07-09,1
V-014435,E-DEMO-TX-0383,2023-08-24,1
V-014436,E-DEMO-TX-0383,2023-09-08,1
V-014437,E-DEMO-TX-0383,2023-10-17,1
V-014438,E-DEMO-TX-0383,2023-11-10,1
V-014439,E-DEMO-TX-0383,2023-12-14,1
V-014440,E-DEMO-TX-0383,2024-01-17,1
V-014441,E-DEMO-TX-0383,2024-04-19,1
V-014442,E-DEMO-TX-0383,2024-05-25,1
V-014443,E-DEMO-TX-0383,2024-06-23,1
V-014444,E-DEMO-TX-0383,2024-07-22,1
V-014445,E-DEMO-TX-0383,2024-09-13,1
V-014446,E-DEMO-TX-0383,2025-01-05,1
V-014447,E-DEMO-TX-0383,2025-02-01,1
V-014448,E-DEMO-TX-0383,2025-03-16,1
V-014449,E-DEMO-TX-0383,2025-04-08,1
V-014450,E-DEMO-TX-0384,2024-04-22,1
V-014451,E-DEMO-TX-0384,2024-06-30,1
V-014452,E-DEMO-TX-0384,2024-07-24,1
V-014453,E-DEMO-TX-0384,2024-08-25,1
V-014454,E-DEMO-TX-0384,2024-09-02,1
V-014455,E-DEMO-TX-0384,2024-11-20,1
V-014456,E-DEMO-TX-0384,2024-12-07,1
V-014457,E-DEMO-TX-0384,2025-01-15,1
V-014458,E-DEMO-TX-0384,2025-02-12,1
V-014459,E-DEMO-TX-0384,2025-03-09,1
V-014460,E-DEMO-TX-0384,2025-04-06,1
V-014461,E-DEMO-TX-0384,2025-05-22,1
V-014462,E-DEMO-TX-0384,2025-07-22,1
V-014463,E-DEMO-TX-0384,2025-08-04,1
V-014464,E-DEMO-TX-0385,2025-09-21,1
V-014465,E-DEMO-TX-0385,2025-10-11,1
V-014466,E-DEMO-TX-0385,2025-11-17,1
V-014467,E-DEMO-TX-0386,2023-12-30,1
V-014468,E-DEMO-TX-0386,2024-01-02,1
V-014469,E-DEMO-TX-0387,2023-03-17,1
V-014470,E-DEMO-TX-0387,2023-04-09,1
V-014471,E-DEMO-TX-0387,2023-06-07,1
V-014472,E-DEMO-TX-0387,2023-07-09,1
V-014473,E-DEMO-TX-0387,2023-08-15,1
V-014474,E-DEMO-TX-0387,2023-09-10,1
V-014475,E-DEMO-TX-0387,2023-11-02,1
V-014476,E-DEMO-TX-0387,2023-12-17,1
V-014477,E-DEMO-TX-0387,2024-01-21,1
V-014478,E-DEMO-TX-0387,2024-02-17,1
V-014479,E-DEMO-TX-0387,2024-03-06,1
V-014480,E-DEMO-TX-0387,2024-04-20,1
V-014481,E-DEMO-TX-0387,2024-05-01,1
V-014482,E-DEMO-TX-0387,2024-06-24,1
V-014483,E-DEMO-TX-0387,2024-08-25,1
V-014484,E-DEMO-TX-0387,2024-09-30,1
V-014485,E-DEMO-TX-0387,2024-10-12,1
V-014486,E-DEMO-TX-0387,2024-11-27,1
V-014487,E-DEMO-TX-0387,2024-12-21,1
V-014488,E-DEMO-TX-0387,2025-01-07,1
V-014489,E-DEMO-TX-0388,2024-08-31,1
V-014490,E-DEMO-TX-0388,2024-10-23,1
V-014491,E-DEMO-TX-0389,2024-11-06,1
V-014492,E-DEMO-TX-0389,2024-12-03,1
V-014493,E-DEMO-TX-0389,2025-01-19,1
V-014494,E-DEMO-TX-0389,2025-02-14,1
V-014495,E-DEMO-TX-0389,2025-03-31,1
V-014496,E-DEMO-TX-0389,2025-04-10,1
V-014497,E-DEMO-TX-0390,2023-02-27,1
V-014498,E-DEMO-TX-0390,2023-03-15,1
V-014499,E-DEMO-TX-0391,2023-12-14,1
V-014500,E-DEMO-TX-0391,2024-01-10,1
V-014501,E-DEMO-TX-0391,2024-03-28,1
V-014502,E-DEMO-TX-0391,2024-05-22,1
V-014503,E-DEMO-TX-0391,2024-06-30,1
V-014504,E-DEMO-TX-0391,2024-08-16,1
V-014505,E-DEMO-TX-0391,2024-09-23,1
V-014506,E-DEMO-TX-0391,2024-11-01,1
V-014507,E-DEMO-TX-0392,2023-03-27,1
V-014508,E-DEMO-TX-0392,2023-04-01,1
V-014509,E-DEMO-TX-0392,2023-09-02,1
V-014510,E-DEMO-TX-0392,2023-10-27,1
V-014511,E-DEMO-TX-0392,2023-12-18,1
V-014512,E-DEMO-TX-0392,2024-01-26,1
V-014513,E-DEMO-TX-0392,2024-02-09,1
V-014514,E-DEMO-TX-0392,2024-03-14,1
V-014515,E-DEMO-TX-0392,2024-04-13,1
V-014516,E-DEMO-TX-0392,2024-05-29,1
V-014517,E-DEMO-TX-0392,2024-06-03,1
V-014518,E-DEMO-TX-0392,2024-08-08,1
V-014519,E-DEMO-TX-0392,2024-09-14,1
V-014520,E-DEMO-TX-0392,2024-10-11,1
V-014521,E-DEMO-TX-0392,2024-11-27,1
V-014522,E-DEMO-TX-0392,2024-12-24,1
V-014523,E-DEMO-TX-0392,2025-01-11,1
V-014524,E-DEMO-TX-0392,2025-02-17,1
V-014525,E-DEMO-TX-0393,2024-04-16,1
V-014526,E-DEMO-TX-0393,2024-06-08,1
V-014527,E-DEMO-TX-0393,2024-07-30,1
V-014528,E-DEMO-TX-0394,2023-08-11,1
V-014529,E-DEMO-TX-0394,2023-09-11,1
V-014530,E-DEMO-TX-0394,2023-11-11,1
V-014531,E-DEMO-TX-0394,2023-12-05,1
V-014532,E-DEMO-TX-0394,2024-01-27,1
V-014533,E-DEMO-TX-0394,2024-02-25,1
V-014534,E-DEMO-TX-0394,2024-03-09,1
V-014535,E-DEMO-TX-0394,2024-04-14,1
V-014536,E-DEMO-TX-0394,2024-07-31,1
V-014537,E-DEMO-TX-0394,2024-08-01,1
V-014538,E-DEMO-TX-0394,2024-09-23,1
V-014539,E-DEMO-TX-0394,2024-11-10,1
V-014540,E-DEMO-TX-0394,2024-12-10,1
V-014541,E-DEMO-TX-0394,2025-02-14,1
V-014542,E-DEMO-TX-0394,2025-03-15,1
V-014543,E-DEMO-TX-0395,2024-10-13,1
V-014544,E-DEMO-TX-0395,2024-11-10,1
V-014545,E-DEMO-TX-0395,2024-12-23,1
V-014546,E-DEMO-TX-0395,2025-01-22,1
V-014547,E-DEMO-TX-0395,2025-02-17,1
V-014548,E-DEMO-TX-0395,2025-04-25,1
V-014549,E-DEMO-TX-0395,2025-05-27,1
V-014550,E-DEMO-TX-0395,2025-06-22,1
V-014551,E-DEMO-TX-0395,2025-07-16,1
V-014552,E-DEMO-TX-0395,2025-08-12,1
V-014553,E-DEMO-TX-0395,2025-09-02,1
V-014554,E-DEMO-TX-0395,2025-10-09,1
V-014555,E-DEMO-TX-0395,2025-12-13,1
V-014556,E-DEMO-TX-0396,2024-04-13,1
V-014557,E-DEMO-TX-0396,2024-05-19,1
V-014558,E-DEMO-TX-0396,2024-06-18,1
V-014559,E-DEMO-TX-0396,2024-07-02,1
V-014560,E-DEMO-TX-0396,2024-09-05,1
V-014561,E-DEMO-TX-0396,2024-10-11,1
V-014562,E-DEMO-TX-0397,2023-12-05,1
V-014563,E-DEMO-TX-0397,2024-01-17,1
V-014564,E-DEMO-TX-0397,2024-02-27,1
V-014565,E-DEMO-TX-0397,2024-03-30,1
V-014566,E-DEMO-TX-0397,2024-04-07,1
V-014567,E-DEMO-TX-0397,2024-05-08,1
V-014568,E-DEMO-TX-0397,2024-06-17,1
V-014569,E-DEMO-TX-0397,2024-07-19,1
V-014570,E-DEMO-TX-0397,2024-09-04,1
V-014571,E-DEMO-TX-0397,2024-11-07,1
V-014572,E-DEMO-TX-0397,2024-12-11,1
V-014573,E-DEMO-TX-0397,2025-01-18,1
V-014574,E-DEMO-TX-0397,2025-02-23,1
V-014575,E-DEMO-TX-0397,2025-03-31,1
V-014576,E-DEMO-TX-0397,2025-04-03,1
V-014577,E-DEMO-TX-0397,2025-05-04,1
V-014578,E-DEMO-TX-0397,2025-06-18,1
V-014579,E-DEMO-TX-0398,2024-12-21,1
V-014580,E-DEMO-TX-0398,2025-01-20,1
V-014581,E-DEMO-TX-0398,2025-02-24,1
V-014582,E-DEMO-TX-0398,2025-03-07,1
V-014583,E-DEMO-TX-0398,2025-05-09,1
V-014584,E-DEMO-TX-0398,2025-06-07,1
V-014585,E-DEMO-TX-0398,2025-07-06,1
V-014586,E-DEMO-TX-0399,2023-05-26,1
V-014587,E-DEMO-TX-0399,2023-06-10,1
V-014588,E-DEMO-TX-0399,2023-07-15,1
V-014589,E-DEMO-TX-0399,2023-08-11,1
V-014590,E-DEMO-TX-0399,2023-10-09,1
V-014591,E-DEMO-TX-0399,2023-11-12,1
V-014592,E-DEMO-TX-0399,2024-01-10,1
V-014593,E-DEMO-TX-0399,2024-03-09,1
V-014594,E-DEMO-TX-0399,2024-04-12,1
V-014595,E-DEMO-TX-0399,2024-05-02,1
V-014596,E-DEMO-TX-0399,2024-06-02,1
V-014597,E-DEMO-TX-0399,2024-07-03,1
V-014598,E-DEMO-TX-0399,2024-08-26,1
V-014599,E-DEMO-TX-0399,2024-10-06,1
V-014600,E-DEMO-TX-0399,2024-11-29,1
V-014601,E-DEMO-TX-0400,2025-06-27,1
V-014602,E-DEMO-TX-0400,2025-07-16,1
V-014603,E-DEMO-TX-0400,2025-08-21,1
V-014604,E-DEMO-TX-0400,2025-09-15,1
V-014605,E-DEMO-TX-0400,2025-10-06,1
V-014606,E-DEMO-TX-0400,2025-12-07,1
V-000000,E-DEMO-KS-0001,2023-06-20,1
V-ORPHAN,UNKNOWN,2024-01-01,1
V-OUTSIDE,E-DEMO-KS-0002,2000-01-01,1
V-MISSING,E-DEMO-KS-0002,,1
